component,key,lang,path,line
aiprovider_uckk,action,en,ai/provider/uckk/lang/en/aiprovider_uckk.php,70
aiprovider_uckk,action:critique_ai_output,en,ai/provider/uckk/lang/en/aiprovider_uckk.php,49
aiprovider_uckk,action:critique_ai_output,fr,ai/provider/uckk/lang/fr/aiprovider_uckk.php,52
aiprovider_uckk,action:draft_reflection,en,ai/provider/uckk/lang/en/aiprovider_uckk.php,47
aiprovider_uckk,action:draft_reflection,fr,ai/provider/uckk/lang/fr/aiprovider_uckk.php,50
aiprovider_uckk,action:extract_uncertainties,en,ai/provider/uckk/lang/en/aiprovider_uckk.php,46
aiprovider_uckk,action:extract_uncertainties,fr,ai/provider/uckk/lang/fr/aiprovider_uckk.php,49
aiprovider_uckk,action:map_problem,en,ai/provider/uckk/lang/en/aiprovider_uckk.php,45
aiprovider_uckk,action:map_problem,fr,ai/provider/uckk/lang/fr/aiprovider_uckk.php,48
aiprovider_uckk,action:prepare_integrity_review,en,ai/provider/uckk/lang/en/aiprovider_uckk.php,50
aiprovider_uckk,action:prepare_integrity_review,fr,ai/provider/uckk/lang/fr/aiprovider_uckk.php,53
aiprovider_uckk,action:summarise_assembly,en,ai/provider/uckk/lang/en/aiprovider_uckk.php,48
aiprovider_uckk,action:summarise_assembly,fr,ai/provider/uckk/lang/fr/aiprovider_uckk.php,51
aiprovider_uckk,action:summarise_course_material,en,ai/provider/uckk/lang/en/aiprovider_uckk.php,44
aiprovider_uckk,action:summarise_course_material,fr,ai/provider/uckk/lang/fr/aiprovider_uckk.php,47
aiprovider_uckk,actiondesc:critique_ai_output,en,ai/provider/uckk/lang/en/aiprovider_uckk.php,57
aiprovider_uckk,actiondesc:critique_ai_output,fr,ai/provider/uckk/lang/fr/aiprovider_uckk.php,60
aiprovider_uckk,actiondesc:draft_reflection,en,ai/provider/uckk/lang/en/aiprovider_uckk.php,55
aiprovider_uckk,actiondesc:draft_reflection,fr,ai/provider/uckk/lang/fr/aiprovider_uckk.php,58
aiprovider_uckk,actiondesc:extract_uncertainties,en,ai/provider/uckk/lang/en/aiprovider_uckk.php,54
aiprovider_uckk,actiondesc:extract_uncertainties,fr,ai/provider/uckk/lang/fr/aiprovider_uckk.php,57
aiprovider_uckk,actiondesc:map_problem,en,ai/provider/uckk/lang/en/aiprovider_uckk.php,53
aiprovider_uckk,actiondesc:map_problem,fr,ai/provider/uckk/lang/fr/aiprovider_uckk.php,56
aiprovider_uckk,actiondesc:prepare_integrity_review,en,ai/provider/uckk/lang/en/aiprovider_uckk.php,58
aiprovider_uckk,actiondesc:prepare_integrity_review,fr,ai/provider/uckk/lang/fr/aiprovider_uckk.php,61
aiprovider_uckk,actiondesc:summarise_assembly,en,ai/provider/uckk/lang/en/aiprovider_uckk.php,56
aiprovider_uckk,actiondesc:summarise_assembly,fr,ai/provider/uckk/lang/fr/aiprovider_uckk.php,59
aiprovider_uckk,actiondesc:summarise_course_material,en,ai/provider/uckk/lang/en/aiprovider_uckk.php,52
aiprovider_uckk,actiondesc:summarise_course_material,fr,ai/provider/uckk/lang/fr/aiprovider_uckk.php,55
aiprovider_uckk,actionname,fr,ai/provider/uckk/lang/fr/aiprovider_uckk.php,85
aiprovider_uckk,aiprovider/uckk:configure,en,ai/provider/uckk/lang/en/aiprovider_uckk.php,93
aiprovider_uckk,aiprovider/uckk:configure,fr,ai/provider/uckk/lang/fr/aiprovider_uckk.php,43
aiprovider_uckk,aiprovider/uckk:use,en,ai/provider/uckk/lang/en/aiprovider_uckk.php,94
aiprovider_uckk,aiprovider/uckk:use,fr,ai/provider/uckk/lang/fr/aiprovider_uckk.php,44
aiprovider_uckk,aiprovider/uckk:viewlogs,en,ai/provider/uckk/lang/en/aiprovider_uckk.php,95
aiprovider_uckk,aiprovider/uckk:viewlogs,fr,ai/provider/uckk/lang/fr/aiprovider_uckk.php,45
aiprovider_uckk,allow_in_integrity_contexts,fr,ai/provider/uckk/lang/fr/aiprovider_uckk.php,32
aiprovider_uckk,allow_in_integrity_contexts_desc,fr,ai/provider/uckk/lang/fr/aiprovider_uckk.php,33
aiprovider_uckk,allow_in_public_challenges,fr,ai/provider/uckk/lang/fr/aiprovider_uckk.php,34
aiprovider_uckk,allow_in_public_challenges_desc,fr,ai/provider/uckk/lang/fr/aiprovider_uckk.php,35
aiprovider_uckk,api_key,fr,ai/provider/uckk/lang/fr/aiprovider_uckk.php,26
aiprovider_uckk,api_key_desc,fr,ai/provider/uckk/lang/fr/aiprovider_uckk.php,27
aiprovider_uckk,cannot_award_badge,fr,ai/provider/uckk/lang/fr/aiprovider_uckk.php,72
aiprovider_uckk,cannot_certify_competency,fr,ai/provider/uckk/lang/fr/aiprovider_uckk.php,73
aiprovider_uckk,cannot_close_integrity_case,fr,ai/provider/uckk/lang/fr/aiprovider_uckk.php,70
aiprovider_uckk,cannot_erase_evidence,fr,ai/provider/uckk/lang/fr/aiprovider_uckk.php,74
aiprovider_uckk,cannot_grade,fr,ai/provider/uckk/lang/fr/aiprovider_uckk.php,68
aiprovider_uckk,cannot_publish_assembly_decision,fr,ai/provider/uckk/lang/fr/aiprovider_uckk.php,71
aiprovider_uckk,cannot_replace_human_review,fr,ai/provider/uckk/lang/fr/aiprovider_uckk.php,75
aiprovider_uckk,cannot_validate_integrity,fr,ai/provider/uckk/lang/fr/aiprovider_uckk.php,69
aiprovider_uckk,clearresponse,en,ai/provider/uckk/lang/en/aiprovider_uckk.php,75
aiprovider_uckk,confirm_use_message,fr,ai/provider/uckk/lang/fr/aiprovider_uckk.php,121
aiprovider_uckk,confirm_use_title,fr,ai/provider/uckk/lang/fr/aiprovider_uckk.php,120
aiprovider_uckk,context,en,ai/provider/uckk/lang/en/aiprovider_uckk.php,71
aiprovider_uckk,context,fr,ai/provider/uckk/lang/fr/aiprovider_uckk.php,92
aiprovider_uckk,copyresponse,en,ai/provider/uckk/lang/en/aiprovider_uckk.php,74
aiprovider_uckk,copyresponse,fr,ai/provider/uckk/lang/fr/aiprovider_uckk.php,124
aiprovider_uckk,deleteexpiredlogs,fr,ai/provider/uckk/lang/fr/aiprovider_uckk.php,126
aiprovider_uckk,downloadlog,fr,ai/provider/uckk/lang/fr/aiprovider_uckk.php,125
aiprovider_uckk,duration,fr,ai/provider/uckk/lang/fr/aiprovider_uckk.php,94
aiprovider_uckk,enable_provider,fr,ai/provider/uckk/lang/fr/aiprovider_uckk.php,20
aiprovider_uckk,enable_provider_desc,fr,ai/provider/uckk/lang/fr/aiprovider_uckk.php,21
aiprovider_uckk,endpoint,fr,ai/provider/uckk/lang/fr/aiprovider_uckk.php,87
aiprovider_uckk,error:actionnotallowed,en,ai/provider/uckk/lang/en/aiprovider_uckk.php,86
aiprovider_uckk,error:actionnotallowed,fr,ai/provider/uckk/lang/fr/aiprovider_uckk.php,108
aiprovider_uckk,error:emptyresponse,en,ai/provider/uckk/lang/en/aiprovider_uckk.php,90
aiprovider_uckk,error:integritycontextdisabled,fr,ai/provider/uckk/lang/fr/aiprovider_uckk.php,109
aiprovider_uckk,error:integritydisabled,en,ai/provider/uckk/lang/en/aiprovider_uckk.php,87
aiprovider_uckk,error:invalidresponse,fr,ai/provider/uckk/lang/fr/aiprovider_uckk.php,113
aiprovider_uckk,error:missingapikey,en,ai/provider/uckk/lang/en/aiprovider_uckk.php,84
aiprovider_uckk,error:missingapikey,fr,ai/provider/uckk/lang/fr/aiprovider_uckk.php,107
aiprovider_uckk,error:missingendpoint,en,ai/provider/uckk/lang/en/aiprovider_uckk.php,83
aiprovider_uckk,error:missingendpoint,fr,ai/provider/uckk/lang/fr/aiprovider_uckk.php,105
aiprovider_uckk,error:missingmodel,fr,ai/provider/uckk/lang/fr/aiprovider_uckk.php,106
aiprovider_uckk,error:permissiondenied,en,ai/provider/uckk/lang/en/aiprovider_uckk.php,91
aiprovider_uckk,error:permissiondenied,fr,ai/provider/uckk/lang/fr/aiprovider_uckk.php,111
aiprovider_uckk,error:providernotenabled,en,ai/provider/uckk/lang/en/aiprovider_uckk.php,82
aiprovider_uckk,error:providernotenabled,fr,ai/provider/uckk/lang/fr/aiprovider_uckk.php,104
aiprovider_uckk,error:providerrequestfailed,en,ai/provider/uckk/lang/en/aiprovider_uckk.php,89
aiprovider_uckk,error:providerrequestfailed,fr,ai/provider/uckk/lang/fr/aiprovider_uckk.php,112
aiprovider_uckk,error:publicchallengedisabled,en,ai/provider/uckk/lang/en/aiprovider_uckk.php,88
aiprovider_uckk,error:publicchallengedisabled,fr,ai/provider/uckk/lang/fr/aiprovider_uckk.php,110
aiprovider_uckk,error:unknownaction,en,ai/provider/uckk/lang/en/aiprovider_uckk.php,85
aiprovider_uckk,eventactionblocked,fr,ai/provider/uckk/lang/fr/aiprovider_uckk.php,117
aiprovider_uckk,eventactioncompleted,fr,ai/provider/uckk/lang/fr/aiprovider_uckk.php,116
aiprovider_uckk,eventactionrequested,fr,ai/provider/uckk/lang/fr/aiprovider_uckk.php,115
aiprovider_uckk,eventlogviewed,fr,ai/provider/uckk/lang/fr/aiprovider_uckk.php,118
aiprovider_uckk,generatedat,en,ai/provider/uckk/lang/en/aiprovider_uckk.php,72
aiprovider_uckk,generatedby,en,ai/provider/uckk/lang/en/aiprovider_uckk.php,73
aiprovider_uckk,human_review_required,fr,ai/provider/uckk/lang/fr/aiprovider_uckk.php,65
aiprovider_uckk,human_review_required_desc,fr,ai/provider/uckk/lang/fr/aiprovider_uckk.php,66
aiprovider_uckk,integritycontextnotice,en,ai/provider/uckk/lang/en/aiprovider_uckk.php,63
aiprovider_uckk,log_prompts,fr,ai/provider/uckk/lang/fr/aiprovider_uckk.php,28
aiprovider_uckk,log_prompts_desc,fr,ai/provider/uckk/lang/fr/aiprovider_uckk.php,29
aiprovider_uckk,log_responses,fr,ai/provider/uckk/lang/fr/aiprovider_uckk.php,30
aiprovider_uckk,log_responses_desc,fr,ai/provider/uckk/lang/fr/aiprovider_uckk.php,31
aiprovider_uckk,logs,en,ai/provider/uckk/lang/en/aiprovider_uckk.php,77
aiprovider_uckk,logs,fr,ai/provider/uckk/lang/fr/aiprovider_uckk.php,82
aiprovider_uckk,max_tokens,fr,ai/provider/uckk/lang/fr/aiprovider_uckk.php,38
aiprovider_uckk,max_tokens_desc,fr,ai/provider/uckk/lang/fr/aiprovider_uckk.php,39
aiprovider_uckk,metadata,fr,ai/provider/uckk/lang/fr/aiprovider_uckk.php,93
aiprovider_uckk,model,en,ai/provider/uckk/lang/en/aiprovider_uckk.php,69
aiprovider_uckk,model,fr,ai/provider/uckk/lang/fr/aiprovider_uckk.php,86
aiprovider_uckk,nologs,en,ai/provider/uckk/lang/en/aiprovider_uckk.php,78
aiprovider_uckk,nologs,fr,ai/provider/uckk/lang/fr/aiprovider_uckk.php,84
aiprovider_uckk,non_authority_label,fr,ai/provider/uckk/lang/fr/aiprovider_uckk.php,63
aiprovider_uckk,non_authority_short,fr,ai/provider/uckk/lang/fr/aiprovider_uckk.php,64
aiprovider_uckk,nonsovereignnotice,en,ai/provider/uckk/lang/en/aiprovider_uckk.php,61
aiprovider_uckk,notredacted,en,ai/provider/uckk/lang/en/aiprovider_uckk.php,80
aiprovider_uckk,outputlabel,en,ai/provider/uckk/lang/en/aiprovider_uckk.php,60
aiprovider_uckk,pluginname,en,ai/provider/uckk/lang/en/aiprovider_uckk.php,6
aiprovider_uckk,pluginname,fr,ai/provider/uckk/lang/fr/aiprovider_uckk.php,6
aiprovider_uckk,privacy:metadata,en,ai/provider/uckk/lang/en/aiprovider_uckk.php,7
aiprovider_uckk,privacy:metadata,fr,ai/provider/uckk/lang/fr/aiprovider_uckk.php,7
aiprovider_uckk,privacy:metadata:aiprovider_uckk_log,fr,ai/provider/uckk/lang/fr/aiprovider_uckk.php,8
aiprovider_uckk,privacy:metadata:aiprovider_uckk_log:actionname,fr,ai/provider/uckk/lang/fr/aiprovider_uckk.php,11
aiprovider_uckk,privacy:metadata:aiprovider_uckk_log:contextid,fr,ai/provider/uckk/lang/fr/aiprovider_uckk.php,10
aiprovider_uckk,privacy:metadata:aiprovider_uckk_log:metadata,fr,ai/provider/uckk/lang/fr/aiprovider_uckk.php,14
aiprovider_uckk,privacy:metadata:aiprovider_uckk_log:prompttext,fr,ai/provider/uckk/lang/fr/aiprovider_uckk.php,12
aiprovider_uckk,privacy:metadata:aiprovider_uckk_log:responsetext,fr,ai/provider/uckk/lang/fr/aiprovider_uckk.php,13
aiprovider_uckk,privacy:metadata:aiprovider_uckk_log:timecreated,fr,ai/provider/uckk/lang/fr/aiprovider_uckk.php,15
aiprovider_uckk,privacy:metadata:aiprovider_uckk_log:userid,fr,ai/provider/uckk/lang/fr/aiprovider_uckk.php,9
aiprovider_uckk,privacy:metadata:log,en,ai/provider/uckk/lang/en/aiprovider_uckk.php,8
aiprovider_uckk,privacy:metadata:log:action,en,ai/provider/uckk/lang/en/aiprovider_uckk.php,11
aiprovider_uckk,privacy:metadata:log:contextid,en,ai/provider/uckk/lang/en/aiprovider_uckk.php,10
aiprovider_uckk,privacy:metadata:log:model,en,ai/provider/uckk/lang/en/aiprovider_uckk.php,14
aiprovider_uckk,privacy:metadata:log:prompt,en,ai/provider/uckk/lang/en/aiprovider_uckk.php,12
aiprovider_uckk,privacy:metadata:log:response,en,ai/provider/uckk/lang/en/aiprovider_uckk.php,13
aiprovider_uckk,privacy:metadata:log:timecreated,en,ai/provider/uckk/lang/en/aiprovider_uckk.php,15
aiprovider_uckk,privacy:metadata:log:userid,en,ai/provider/uckk/lang/en/aiprovider_uckk.php,9
aiprovider_uckk,privacy:pathlogs,en,ai/provider/uckk/lang/en/aiprovider_uckk.php,16
aiprovider_uckk,privacy:pathlogs,fr,ai/provider/uckk/lang/fr/aiprovider_uckk.php,16
aiprovider_uckk,prompt,en,ai/provider/uckk/lang/en/aiprovider_uckk.php,68
aiprovider_uckk,prompt,fr,ai/provider/uckk/lang/fr/aiprovider_uckk.php,79
aiprovider_uckk,prompt_redacted,fr,ai/provider/uckk/lang/fr/aiprovider_uckk.php,80
aiprovider_uckk,prompttokens,fr,ai/provider/uckk/lang/fr/aiprovider_uckk.php,96
aiprovider_uckk,provider_endpoint,fr,ai/provider/uckk/lang/fr/aiprovider_uckk.php,22
aiprovider_uckk,provider_endpoint_desc,fr,ai/provider/uckk/lang/fr/aiprovider_uckk.php,23
aiprovider_uckk,provider_model,fr,ai/provider/uckk/lang/fr/aiprovider_uckk.php,24
aiprovider_uckk,provider_model_desc,fr,ai/provider/uckk/lang/fr/aiprovider_uckk.php,25
aiprovider_uckk,publicchallengenotice,en,ai/provider/uckk/lang/en/aiprovider_uckk.php,64
aiprovider_uckk,redact_user_data_before_send,fr,ai/provider/uckk/lang/fr/aiprovider_uckk.php,36
aiprovider_uckk,redact_user_data_before_send_desc,fr,ai/provider/uckk/lang/fr/aiprovider_uckk.php,37
aiprovider_uckk,redacted,en,ai/provider/uckk/lang/en/aiprovider_uckk.php,79
aiprovider_uckk,redactiondisabled,fr,ai/provider/uckk/lang/fr/aiprovider_uckk.php,128
aiprovider_uckk,redactionenabled,fr,ai/provider/uckk/lang/fr/aiprovider_uckk.php,127
aiprovider_uckk,request,en,ai/provider/uckk/lang/en/aiprovider_uckk.php,66
aiprovider_uckk,request,fr,ai/provider/uckk/lang/fr/aiprovider_uckk.php,77
aiprovider_uckk,response,en,ai/provider/uckk/lang/en/aiprovider_uckk.php,67
aiprovider_uckk,response,fr,ai/provider/uckk/lang/fr/aiprovider_uckk.php,78
aiprovider_uckk,response_redacted,fr,ai/provider/uckk/lang/fr/aiprovider_uckk.php,81
aiprovider_uckk,responsetokens,fr,ai/provider/uckk/lang/fr/aiprovider_uckk.php,97
aiprovider_uckk,restrictedcontextnotice,en,ai/provider/uckk/lang/en/aiprovider_uckk.php,62
aiprovider_uckk,retention_days,fr,ai/provider/uckk/lang/fr/aiprovider_uckk.php,40
aiprovider_uckk,retention_days_desc,fr,ai/provider/uckk/lang/fr/aiprovider_uckk.php,41
aiprovider_uckk,retry,fr,ai/provider/uckk/lang/fr/aiprovider_uckk.php,123
aiprovider_uckk,settings,en,ai/provider/uckk/lang/en/aiprovider_uckk.php,18
aiprovider_uckk,settings,fr,ai/provider/uckk/lang/fr/aiprovider_uckk.php,18
aiprovider_uckk,settings:allow_in_integrity_contexts,en,ai/provider/uckk/lang/en/aiprovider_uckk.php,33
aiprovider_uckk,settings:allow_in_integrity_contexts_desc,en,ai/provider/uckk/lang/en/aiprovider_uckk.php,34
aiprovider_uckk,settings:allow_in_public_challenges,en,ai/provider/uckk/lang/en/aiprovider_uckk.php,35
aiprovider_uckk,settings:allow_in_public_challenges_desc,en,ai/provider/uckk/lang/en/aiprovider_uckk.php,36
aiprovider_uckk,settings:api_key,en,ai/provider/uckk/lang/en/aiprovider_uckk.php,27
aiprovider_uckk,settings:api_key_desc,en,ai/provider/uckk/lang/en/aiprovider_uckk.php,28
aiprovider_uckk,settings:enable_provider,en,ai/provider/uckk/lang/en/aiprovider_uckk.php,21
aiprovider_uckk,settings:enable_provider_desc,en,ai/provider/uckk/lang/en/aiprovider_uckk.php,22
aiprovider_uckk,settings:general,en,ai/provider/uckk/lang/en/aiprovider_uckk.php,19
aiprovider_uckk,settings:general_desc,en,ai/provider/uckk/lang/en/aiprovider_uckk.php,20
aiprovider_uckk,settings:log_prompts,en,ai/provider/uckk/lang/en/aiprovider_uckk.php,29
aiprovider_uckk,settings:log_prompts_desc,en,ai/provider/uckk/lang/en/aiprovider_uckk.php,30
aiprovider_uckk,settings:log_responses,en,ai/provider/uckk/lang/en/aiprovider_uckk.php,31
aiprovider_uckk,settings:log_responses_desc,en,ai/provider/uckk/lang/en/aiprovider_uckk.php,32
aiprovider_uckk,settings:max_tokens,en,ai/provider/uckk/lang/en/aiprovider_uckk.php,39
aiprovider_uckk,settings:max_tokens_desc,en,ai/provider/uckk/lang/en/aiprovider_uckk.php,40
aiprovider_uckk,settings:provider_endpoint,en,ai/provider/uckk/lang/en/aiprovider_uckk.php,23
aiprovider_uckk,settings:provider_endpoint_desc,en,ai/provider/uckk/lang/en/aiprovider_uckk.php,24
aiprovider_uckk,settings:provider_model,en,ai/provider/uckk/lang/en/aiprovider_uckk.php,25
aiprovider_uckk,settings:provider_model_desc,en,ai/provider/uckk/lang/en/aiprovider_uckk.php,26
aiprovider_uckk,settings:redact_user_data_before_send,en,ai/provider/uckk/lang/en/aiprovider_uckk.php,37
aiprovider_uckk,settings:redact_user_data_before_send_desc,en,ai/provider/uckk/lang/en/aiprovider_uckk.php,38
aiprovider_uckk,settings:retention_days,en,ai/provider/uckk/lang/en/aiprovider_uckk.php,41
aiprovider_uckk,settings:retention_days_desc,en,ai/provider/uckk/lang/en/aiprovider_uckk.php,42
aiprovider_uckk,settings_desc,fr,ai/provider/uckk/lang/fr/aiprovider_uckk.php,19
aiprovider_uckk,status,fr,ai/provider/uckk/lang/fr/aiprovider_uckk.php,88
aiprovider_uckk,status:blocked,fr,ai/provider/uckk/lang/fr/aiprovider_uckk.php,101
aiprovider_uckk,status:error,fr,ai/provider/uckk/lang/fr/aiprovider_uckk.php,100
aiprovider_uckk,status:redacted,fr,ai/provider/uckk/lang/fr/aiprovider_uckk.php,102
aiprovider_uckk,status:success,fr,ai/provider/uckk/lang/fr/aiprovider_uckk.php,99
aiprovider_uckk,submitprompt,fr,ai/provider/uckk/lang/fr/aiprovider_uckk.php,122
aiprovider_uckk,timecreated,fr,ai/provider/uckk/lang/fr/aiprovider_uckk.php,89
aiprovider_uckk,timemodified,fr,ai/provider/uckk/lang/fr/aiprovider_uckk.php,90
aiprovider_uckk,tokens,fr,ai/provider/uckk/lang/fr/aiprovider_uckk.php,95
aiprovider_uckk,userid,fr,ai/provider/uckk/lang/fr/aiprovider_uckk.php,91
aiprovider_uckk,viewlogs,en,ai/provider/uckk/lang/en/aiprovider_uckk.php,76
aiprovider_uckk,viewlogs,fr,ai/provider/uckk/lang/fr/aiprovider_uckk.php,83
block_uckk_dashboard,allowmanualrefresh,en,blocks/uckk_dashboard/lang/en/block_uckk_dashboard.php,49
block_uckk_dashboard,allowmanualrefresh,fr,blocks/uckk_dashboard/lang/fr/block_uckk_dashboard.php,49
block_uckk_dashboard,allowmanualrefresh_desc,en,blocks/uckk_dashboard/lang/en/block_uckk_dashboard.php,50
block_uckk_dashboard,allowmanualrefresh_desc,fr,blocks/uckk_dashboard/lang/fr/block_uckk_dashboard.php,50
block_uckk_dashboard,defaultviewmode,en,blocks/uckk_dashboard/lang/en/block_uckk_dashboard.php,7
block_uckk_dashboard,defaultviewmode,fr,blocks/uckk_dashboard/lang/fr/block_uckk_dashboard.php,7
block_uckk_dashboard,defaultviewmode_desc,en,blocks/uckk_dashboard/lang/en/block_uckk_dashboard.php,8
block_uckk_dashboard,defaultviewmode_desc,fr,blocks/uckk_dashboard/lang/fr/block_uckk_dashboard.php,8
block_uckk_dashboard,maxsummaryitems,en,blocks/uckk_dashboard/lang/en/block_uckk_dashboard.php,45
block_uckk_dashboard,maxsummaryitems,fr,blocks/uckk_dashboard/lang/fr/block_uckk_dashboard.php,45
block_uckk_dashboard,maxsummaryitems_desc,en,blocks/uckk_dashboard/lang/en/block_uckk_dashboard.php,46
block_uckk_dashboard,maxsummaryitems_desc,fr,blocks/uckk_dashboard/lang/fr/block_uckk_dashboard.php,46
block_uckk_dashboard,refreshinterval,en,blocks/uckk_dashboard/lang/en/block_uckk_dashboard.php,37
block_uckk_dashboard,refreshinterval,fr,blocks/uckk_dashboard/lang/fr/block_uckk_dashboard.php,37
block_uckk_dashboard,refreshinterval_15min,en,blocks/uckk_dashboard/lang/en/block_uckk_dashboard.php,42
block_uckk_dashboard,refreshinterval_15min,fr,blocks/uckk_dashboard/lang/fr/block_uckk_dashboard.php,42
block_uckk_dashboard,refreshinterval_1min,en,blocks/uckk_dashboard/lang/en/block_uckk_dashboard.php,40
block_uckk_dashboard,refreshinterval_1min,fr,blocks/uckk_dashboard/lang/fr/block_uckk_dashboard.php,40
block_uckk_dashboard,refreshinterval_30min,en,blocks/uckk_dashboard/lang/en/block_uckk_dashboard.php,43
block_uckk_dashboard,refreshinterval_30min,fr,blocks/uckk_dashboard/lang/fr/block_uckk_dashboard.php,43
block_uckk_dashboard,refreshinterval_5min,en,blocks/uckk_dashboard/lang/en/block_uckk_dashboard.php,41
block_uckk_dashboard,refreshinterval_5min,fr,blocks/uckk_dashboard/lang/fr/block_uckk_dashboard.php,41
block_uckk_dashboard,refreshinterval_desc,en,blocks/uckk_dashboard/lang/en/block_uckk_dashboard.php,38
block_uckk_dashboard,refreshinterval_desc,fr,blocks/uckk_dashboard/lang/fr/block_uckk_dashboard.php,38
block_uckk_dashboard,refreshinterval_none,en,blocks/uckk_dashboard/lang/en/block_uckk_dashboard.php,39
block_uckk_dashboard,refreshinterval_none,fr,blocks/uckk_dashboard/lang/fr/block_uckk_dashboard.php,39
block_uckk_dashboard,settingsbehaviourheading,en,blocks/uckk_dashboard/lang/en/block_uckk_dashboard.php,4
block_uckk_dashboard,settingsbehaviourheading,fr,blocks/uckk_dashboard/lang/fr/block_uckk_dashboard.php,4
block_uckk_dashboard,settingsbehaviourheading_desc,en,blocks/uckk_dashboard/lang/en/block_uckk_dashboard.php,5
block_uckk_dashboard,settingsbehaviourheading_desc,fr,blocks/uckk_dashboard/lang/fr/block_uckk_dashboard.php,5
block_uckk_dashboard,settingsdisplayheading,en,blocks/uckk_dashboard/lang/en/block_uckk_dashboard.php,1
block_uckk_dashboard,settingsdisplayheading,fr,blocks/uckk_dashboard/lang/fr/block_uckk_dashboard.php,1
block_uckk_dashboard,settingsdisplayheading_desc,en,blocks/uckk_dashboard/lang/en/block_uckk_dashboard.php,2
block_uckk_dashboard,settingsdisplayheading_desc,fr,blocks/uckk_dashboard/lang/fr/block_uckk_dashboard.php,2
block_uckk_dashboard,showarchive,en,blocks/uckk_dashboard/lang/en/block_uckk_dashboard.php,28
block_uckk_dashboard,showarchive,fr,blocks/uckk_dashboard/lang/fr/block_uckk_dashboard.php,28
block_uckk_dashboard,showarchive_desc,en,blocks/uckk_dashboard/lang/en/block_uckk_dashboard.php,29
block_uckk_dashboard,showarchive_desc,fr,blocks/uckk_dashboard/lang/fr/block_uckk_dashboard.php,29
block_uckk_dashboard,showassemblies,en,blocks/uckk_dashboard/lang/en/block_uckk_dashboard.php,26
block_uckk_dashboard,showassemblies,fr,blocks/uckk_dashboard/lang/fr/block_uckk_dashboard.php,26
block_uckk_dashboard,showassemblies_desc,en,blocks/uckk_dashboard/lang/en/block_uckk_dashboard.php,27
block_uckk_dashboard,showassemblies_desc,fr,blocks/uckk_dashboard/lang/fr/block_uckk_dashboard.php,27
block_uckk_dashboard,showbadges,en,blocks/uckk_dashboard/lang/en/block_uckk_dashboard.php,22
block_uckk_dashboard,showbadges,fr,blocks/uckk_dashboard/lang/fr/block_uckk_dashboard.php,22
block_uckk_dashboard,showbadges_desc,en,blocks/uckk_dashboard/lang/en/block_uckk_dashboard.php,23
block_uckk_dashboard,showbadges_desc,fr,blocks/uckk_dashboard/lang/fr/block_uckk_dashboard.php,23
block_uckk_dashboard,showchallenges,en,blocks/uckk_dashboard/lang/en/block_uckk_dashboard.php,24
block_uckk_dashboard,showchallenges,fr,blocks/uckk_dashboard/lang/fr/block_uckk_dashboard.php,24
block_uckk_dashboard,showchallenges_desc,en,blocks/uckk_dashboard/lang/en/block_uckk_dashboard.php,25
block_uckk_dashboard,showchallenges_desc,fr,blocks/uckk_dashboard/lang/fr/block_uckk_dashboard.php,25
block_uckk_dashboard,showcompetencies,en,blocks/uckk_dashboard/lang/en/block_uckk_dashboard.php,20
block_uckk_dashboard,showcompetencies,fr,blocks/uckk_dashboard/lang/fr/block_uckk_dashboard.php,20
block_uckk_dashboard,showcompetencies_desc,en,blocks/uckk_dashboard/lang/en/block_uckk_dashboard.php,21
block_uckk_dashboard,showcompetencies_desc,fr,blocks/uckk_dashboard/lang/fr/block_uckk_dashboard.php,21
block_uckk_dashboard,showdeadlines,en,blocks/uckk_dashboard/lang/en/block_uckk_dashboard.php,32
block_uckk_dashboard,showdeadlines,fr,blocks/uckk_dashboard/lang/fr/block_uckk_dashboard.php,32
block_uckk_dashboard,showdeadlines_desc,en,blocks/uckk_dashboard/lang/en/block_uckk_dashboard.php,33
block_uckk_dashboard,showdeadlines_desc,fr,blocks/uckk_dashboard/lang/fr/block_uckk_dashboard.php,33
block_uckk_dashboard,showintegrity,en,blocks/uckk_dashboard/lang/en/block_uckk_dashboard.php,30
block_uckk_dashboard,showintegrity,fr,blocks/uckk_dashboard/lang/fr/block_uckk_dashboard.php,30
block_uckk_dashboard,showintegrity_desc,en,blocks/uckk_dashboard/lang/en/block_uckk_dashboard.php,31
block_uckk_dashboard,showintegrity_desc,fr,blocks/uckk_dashboard/lang/fr/block_uckk_dashboard.php,31
block_uckk_dashboard,showpathway,en,blocks/uckk_dashboard/lang/en/block_uckk_dashboard.php,16
block_uckk_dashboard,showpathway,fr,blocks/uckk_dashboard/lang/fr/block_uckk_dashboard.php,16
block_uckk_dashboard,showpathway_desc,en,blocks/uckk_dashboard/lang/en/block_uckk_dashboard.php,17
block_uckk_dashboard,showpathway_desc,fr,blocks/uckk_dashboard/lang/fr/block_uckk_dashboard.php,17
block_uckk_dashboard,showportfolio,en,blocks/uckk_dashboard/lang/en/block_uckk_dashboard.php,34
block_uckk_dashboard,showportfolio,fr,blocks/uckk_dashboard/lang/fr/block_uckk_dashboard.php,34
block_uckk_dashboard,showportfolio_desc,en,blocks/uckk_dashboard/lang/en/block_uckk_dashboard.php,35
block_uckk_dashboard,showportfolio_desc,fr,blocks/uckk_dashboard/lang/fr/block_uckk_dashboard.php,35
block_uckk_dashboard,showrestrictedindicators,en,blocks/uckk_dashboard/lang/en/block_uckk_dashboard.php,47
block_uckk_dashboard,showrestrictedindicators,fr,blocks/uckk_dashboard/lang/fr/block_uckk_dashboard.php,47
block_uckk_dashboard,showrestrictedindicators_desc,en,blocks/uckk_dashboard/lang/en/block_uckk_dashboard.php,48
block_uckk_dashboard,showrestrictedindicators_desc,fr,blocks/uckk_dashboard/lang/fr/block_uckk_dashboard.php,48
block_uckk_dashboard,showtronccommun,en,blocks/uckk_dashboard/lang/en/block_uckk_dashboard.php,18
block_uckk_dashboard,showtronccommun,fr,blocks/uckk_dashboard/lang/fr/block_uckk_dashboard.php,18
block_uckk_dashboard,showtronccommun_desc,en,blocks/uckk_dashboard/lang/en/block_uckk_dashboard.php,19
block_uckk_dashboard,showtronccommun_desc,fr,blocks/uckk_dashboard/lang/fr/block_uckk_dashboard.php,19
block_uckk_dashboard,viewmode_archivist,en,blocks/uckk_dashboard/lang/en/block_uckk_dashboard.php,12
block_uckk_dashboard,viewmode_archivist,fr,blocks/uckk_dashboard/lang/fr/block_uckk_dashboard.php,12
block_uckk_dashboard,viewmode_auto,en,blocks/uckk_dashboard/lang/en/block_uckk_dashboard.php,9
block_uckk_dashboard,viewmode_auto,fr,blocks/uckk_dashboard/lang/fr/block_uckk_dashboard.php,9
block_uckk_dashboard,viewmode_inquisitor,en,blocks/uckk_dashboard/lang/en/block_uckk_dashboard.php,13
block_uckk_dashboard,viewmode_inquisitor,fr,blocks/uckk_dashboard/lang/fr/block_uckk_dashboard.php,13
block_uckk_dashboard,viewmode_manager,en,blocks/uckk_dashboard/lang/en/block_uckk_dashboard.php,14
block_uckk_dashboard,viewmode_manager,fr,blocks/uckk_dashboard/lang/fr/block_uckk_dashboard.php,14
block_uckk_dashboard,viewmode_mentor,en,blocks/uckk_dashboard/lang/en/block_uckk_dashboard.php,11
block_uckk_dashboard,viewmode_mentor,fr,blocks/uckk_dashboard/lang/fr/block_uckk_dashboard.php,11
block_uckk_dashboard,viewmode_player,en,blocks/uckk_dashboard/lang/en/block_uckk_dashboard.php,10
block_uckk_dashboard,viewmode_player,fr,blocks/uckk_dashboard/lang/fr/block_uckk_dashboard.php,10
format_uckk,activity_ai,fr,course/format/uckk/lang/fr/format_uckk.php,330
format_uckk,activity_archive,fr,course/format/uckk/lang/fr/format_uckk.php,327
format_uckk,activity_canonical,fr,course/format/uckk/lang/fr/format_uckk.php,331
format_uckk,activity_deliberation,fr,course/format/uckk/lang/fr/format_uckk.php,326
format_uckk,activity_evaluation,fr,course/format/uckk/lang/fr/format_uckk.php,328
format_uckk,activity_integrity,fr,course/format/uckk/lang/fr/format_uckk.php,329
format_uckk,activity_proof,fr,course/format/uckk/lang/fr/format_uckk.php,325
format_uckk,activity_workshop,fr,course/format/uckk/lang/fr/format_uckk.php,332
format_uckk,addsections,en,course/format/uckk/lang/en/format_uckk.php,32
format_uckk,ai,en,course/format/uckk/lang/en/format_uckk.php,265
format_uckk,ai,fr,course/format/uckk/lang/fr/format_uckk.php,225
format_uckk,aiassisted,fr,course/format/uckk/lang/fr/format_uckk.php,227
format_uckk,aigovernance,fr,course/format/uckk/lang/fr/format_uckk.php,226
format_uckk,aijournal,en,course/format/uckk/lang/en/format_uckk.php,267
format_uckk,ailog,fr,course/format/uckk/lang/fr/format_uckk.php,231
format_uckk,ainonsovereign,en,course/format/uckk/lang/en/format_uckk.php,272
format_uckk,ainonsovereign,fr,course/format/uckk/lang/fr/format_uckk.php,228
format_uckk,aiprovenance,en,course/format/uckk/lang/en/format_uckk.php,270
format_uckk,aiprovenance,fr,course/format/uckk/lang/fr/format_uckk.php,232
format_uckk,airequiresvalidation,fr,course/format/uckk/lang/fr/format_uckk.php,230
format_uckk,aireviewrequired,en,course/format/uckk/lang/en/format_uckk.php,271
format_uckk,aiuncertainty,fr,course/format/uckk/lang/fr/format_uckk.php,233
format_uckk,aiuse,en,course/format/uckk/lang/en/format_uckk.php,266
format_uckk,aiwarning,en,course/format/uckk/lang/en/format_uckk.php,268
format_uckk,aiwarning,fr,course/format/uckk/lang/fr/format_uckk.php,229
format_uckk,aiwarning_desc,en,course/format/uckk/lang/en/format_uckk.php,269
format_uckk,amendment,en,course/format/uckk/lang/en/format_uckk.php,203
format_uckk,amendment,fr,course/format/uckk/lang/fr/format_uckk.php,177
format_uckk,amendments,fr,course/format/uckk/lang/fr/format_uckk.php,178
format_uckk,applydefaultstructure,en,course/format/uckk/lang/en/format_uckk.php,108
format_uckk,applydefaultstructureconfirm,en,course/format/uckk/lang/en/format_uckk.php,109
format_uckk,archive,en,course/format/uckk/lang/en/format_uckk.php,230
format_uckk,archive,fr,course/format/uckk/lang/fr/format_uckk.php,185
format_uckk,archive_desc,en,course/format/uckk/lang/en/format_uckk.php,243
format_uckk,archivecontested,fr,course/format/uckk/lang/fr/format_uckk.php,197
format_uckk,archivecontract,fr,course/format/uckk/lang/fr/format_uckk.php,268
format_uckk,archivecourse,fr,course/format/uckk/lang/fr/format_uckk.php,116
format_uckk,archivecreated,en,course/format/uckk/lang/en/format_uckk.php,239
format_uckk,archivecreated,fr,course/format/uckk/lang/fr/format_uckk.php,193
format_uckk,archived,fr,course/format/uckk/lang/fr/format_uckk.php,136
format_uckk,archivedisabled,en,course/format/uckk/lang/en/format_uckk.php,236
format_uckk,archivedisabled,fr,course/format/uckk/lang/fr/format_uckk.php,190
format_uckk,archiveenabled,en,course/format/uckk/lang/en/format_uckk.php,235
format_uckk,archiveenabled,fr,course/format/uckk/lang/fr/format_uckk.php,189
format_uckk,archiveexport,fr,course/format/uckk/lang/fr/format_uckk.php,202
format_uckk,archiveinvalidated,fr,course/format/uckk/lang/fr/format_uckk.php,198
format_uckk,archiveitem,en,course/format/uckk/lang/en/format_uckk.php,233
format_uckk,archiveitem,fr,course/format/uckk/lang/fr/format_uckk.php,187
format_uckk,archiveitems,en,course/format/uckk/lang/en/format_uckk.php,234
format_uckk,archiveitems,fr,course/format/uckk/lang/fr/format_uckk.php,188
format_uckk,archivelinked,en,course/format/uckk/lang/en/format_uckk.php,241
format_uckk,archivememory,fr,course/format/uckk/lang/fr/format_uckk.php,199
format_uckk,archivemissing,en,course/format/uckk/lang/en/format_uckk.php,240
format_uckk,archiveoptional,en,course/format/uckk/lang/en/format_uckk.php,238
format_uckk,archiveoptional,fr,course/format/uckk/lang/fr/format_uckk.php,192
format_uckk,archivepending,fr,course/format/uckk/lang/fr/format_uckk.php,195
format_uckk,archiveprovenance,fr,course/format/uckk/lang/fr/format_uckk.php,200
format_uckk,archiveready,fr,course/format/uckk/lang/fr/format_uckk.php,194
format_uckk,archiverequired,en,course/format/uckk/lang/en/format_uckk.php,237
format_uckk,archiverequired,fr,course/format/uckk/lang/fr/format_uckk.php,191
format_uckk,archivereusable,en,course/format/uckk/lang/en/format_uckk.php,242
format_uckk,archives,en,course/format/uckk/lang/en/format_uckk.php,231
format_uckk,archives,fr,course/format/uckk/lang/fr/format_uckk.php,186
format_uckk,archivesection,en,course/format/uckk/lang/en/format_uckk.php,232
format_uckk,archivevalidated,fr,course/format/uckk/lang/fr/format_uckk.php,196
format_uckk,archivevisibility,fr,course/format/uckk/lang/fr/format_uckk.php,201
format_uckk,archiviste,fr,course/format/uckk/lang/fr/format_uckk.php,249
format_uckk,argument,fr,course/format/uckk/lang/fr/format_uckk.php,175
format_uckk,arguments,fr,course/format/uckk/lang/fr/format_uckk.php,176
format_uckk,aria_archiveindicator,fr,course/format/uckk/lang/fr/format_uckk.php,366
format_uckk,aria_archivestatus,en,course/format/uckk/lang/en/format_uckk.php,445
format_uckk,aria_completionindicator,fr,course/format/uckk/lang/fr/format_uckk.php,368
format_uckk,aria_coursemap,en,course/format/uckk/lang/en/format_uckk.php,440
format_uckk,aria_coursemap,fr,course/format/uckk/lang/fr/format_uckk.php,362
format_uckk,aria_cycle,en,course/format/uckk/lang/en/format_uckk.php,446
format_uckk,aria_integrityindicator,fr,course/format/uckk/lang/fr/format_uckk.php,367
format_uckk,aria_integritystatus,en,course/format/uckk/lang/en/format_uckk.php,444
format_uckk,aria_proofindicator,fr,course/format/uckk/lang/fr/format_uckk.php,365
format_uckk,aria_proofstatus,en,course/format/uckk/lang/en/format_uckk.php,443
format_uckk,aria_sectionnavigation,fr,course/format/uckk/lang/fr/format_uckk.php,363
format_uckk,aria_sectionprogress,en,course/format/uckk/lang/en/format_uckk.php,441
format_uckk,aria_sectionstatus,en,course/format/uckk/lang/en/format_uckk.php,442
format_uckk,aria_sectionstatus,fr,course/format/uckk/lang/fr/format_uckk.php,364
format_uckk,assemblee,fr,course/format/uckk/lang/fr/format_uckk.php,250
format_uckk,assemblees,fr,course/format/uckk/lang/fr/format_uckk.php,251
format_uckk,assemblies,en,course/format/uckk/lang/en/format_uckk.php,197
format_uckk,assembly,en,course/format/uckk/lang/en/format_uckk.php,196
format_uckk,assemblylinked,en,course/format/uckk/lang/en/format_uckk.php,198
format_uckk,assemblymissing,en,course/format/uckk/lang/en/format_uckk.php,199
format_uckk,assemblyrequired,en,course/format/uckk/lang/en/format_uckk.php,200
format_uckk,badges,fr,course/format/uckk/lang/fr/format_uckk.php,255
format_uckk,boundary_archive,en,course/format/uckk/lang/en/format_uckk.php,453
format_uckk,boundary_course,en,course/format/uckk/lang/en/format_uckk.php,449
format_uckk,boundary_inquisiteur,en,course/format/uckk/lang/en/format_uckk.php,452
format_uckk,boundary_kingklown,en,course/format/uckk/lang/en/format_uckk.php,451
format_uckk,boundary_koa,en,course/format/uckk/lang/en/format_uckk.php,450
format_uckk,competencies,fr,course/format/uckk/lang/fr/format_uckk.php,256
format_uckk,completecourse,fr,course/format/uckk/lang/fr/format_uckk.php,115
format_uckk,completed,fr,course/format/uckk/lang/fr/format_uckk.php,133
format_uckk,completedwithproof,fr,course/format/uckk/lang/fr/format_uckk.php,134
format_uckk,completion,en,course/format/uckk/lang/en/format_uckk.php,276
format_uckk,completion,fr,course/format/uckk/lang/fr/format_uckk.php,129
format_uckk,completionarchived,fr,course/format/uckk/lang/fr/format_uckk.php,146
format_uckk,completionblocked,en,course/format/uckk/lang/en/format_uckk.php,282
format_uckk,completionblocked,fr,course/format/uckk/lang/fr/format_uckk.php,143
format_uckk,completionblockedbyintegrity,fr,course/format/uckk/lang/fr/format_uckk.php,144
format_uckk,completiondone,en,course/format/uckk/lang/en/format_uckk.php,281
format_uckk,completioninprogress,en,course/format/uckk/lang/en/format_uckk.php,280
format_uckk,completionnotstarted,en,course/format/uckk/lang/en/format_uckk.php,279
format_uckk,completionoptional,fr,course/format/uckk/lang/fr/format_uckk.php,142
format_uckk,completionprogress,en,course/format/uckk/lang/en/format_uckk.php,278
format_uckk,completionreadyforarchive,fr,course/format/uckk/lang/fr/format_uckk.php,145
format_uckk,completionrequired,fr,course/format/uckk/lang/fr/format_uckk.php,141
format_uckk,completionrequiresarchive,en,course/format/uckk/lang/en/format_uckk.php,286
format_uckk,completionrequiresdeliberation,en,course/format/uckk/lang/en/format_uckk.php,285
format_uckk,completionrequiresdeliverable,en,course/format/uckk/lang/en/format_uckk.php,288
format_uckk,completionrequiresfeedback,en,course/format/uckk/lang/en/format_uckk.php,289
format_uckk,completionrequiresintegrity,en,course/format/uckk/lang/en/format_uckk.php,287
format_uckk,completionrequiresproof,en,course/format/uckk/lang/en/format_uckk.php,284
format_uckk,completionstate,fr,course/format/uckk/lang/fr/format_uckk.php,130
format_uckk,completionuckk,en,course/format/uckk/lang/en/format_uckk.php,277
format_uckk,completionwaitingreview,en,course/format/uckk/lang/en/format_uckk.php,283
format_uckk,contestability,en,course/format/uckk/lang/en/format_uckk.php,207
format_uckk,contestability,fr,course/format/uckk/lang/fr/format_uckk.php,220
format_uckk,contestable,fr,course/format/uckk/lang/fr/format_uckk.php,221
format_uckk,contested,fr,course/format/uckk/lang/fr/format_uckk.php,222
format_uckk,continuecourse,fr,course/format/uckk/lang/fr/format_uckk.php,112
format_uckk,courseblueprint,fr,course/format/uckk/lang/fr/format_uckk.php,77
format_uckk,coursedisplay,en,course/format/uckk/lang/en/format_uckk.php,114
format_uckk,coursedisplay_cards,en,course/format/uckk/lang/en/format_uckk.php,117
format_uckk,coursedisplay_compact,en,course/format/uckk/lang/en/format_uckk.php,119
format_uckk,coursedisplay_full,en,course/format/uckk/lang/en/format_uckk.php,120
format_uckk,coursedisplay_help,en,course/format/uckk/lang/en/format_uckk.php,121
format_uckk,coursedisplay_multipage,en,course/format/uckk/lang/en/format_uckk.php,116
format_uckk,coursedisplay_singlepage,en,course/format/uckk/lang/en/format_uckk.php,115
format_uckk,coursedisplay_timeline,en,course/format/uckk/lang/en/format_uckk.php,118
format_uckk,coursedisplaymode,en,course/format/uckk/lang/en/format_uckk.php,334
format_uckk,coursedisplaymode_desc,en,course/format/uckk/lang/en/format_uckk.php,335
format_uckk,courseflow,fr,course/format/uckk/lang/fr/format_uckk.php,76
format_uckk,courseindex,en,course/format/uckk/lang/en/format_uckk.php,124
format_uckk,courseindex_desc,en,course/format/uckk/lang/en/format_uckk.php,127
format_uckk,courseindex_hide,en,course/format/uckk/lang/en/format_uckk.php,126
format_uckk,courseindex_show,en,course/format/uckk/lang/en/format_uckk.php,125
format_uckk,coursekind,fr,course/format/uckk/lang/fr/format_uckk.php,313
format_uckk,coursekind_archive,fr,course/format/uckk/lang/fr/format_uckk.php,320
format_uckk,coursekind_assembly,fr,course/format/uckk/lang/fr/format_uckk.php,319
format_uckk,coursekind_challenge,fr,course/format/uckk/lang/fr/format_uckk.php,318
format_uckk,coursekind_lab,fr,course/format/uckk/lang/fr/format_uckk.php,321
format_uckk,coursekind_orientation,fr,course/format/uckk/lang/fr/format_uckk.php,315
format_uckk,coursekind_program,fr,course/format/uckk/lang/fr/format_uckk.php,317
format_uckk,coursekind_seminar,fr,course/format/uckk/lang/fr/format_uckk.php,322
format_uckk,coursekind_standard,fr,course/format/uckk/lang/fr/format_uckk.php,314
format_uckk,coursekind_tronccommun,fr,course/format/uckk/lang/fr/format_uckk.php,316
format_uckk,coursemap,en,course/format/uckk/lang/en/format_uckk.php,128
format_uckk,coursemap,fr,course/format/uckk/lang/fr/format_uckk.php,75
format_uckk,coursemap_desc,en,course/format/uckk/lang/en/format_uckk.php,131
format_uckk,coursemap_hide,en,course/format/uckk/lang/en/format_uckk.php,130
format_uckk,coursemap_show,en,course/format/uckk/lang/en/format_uckk.php,129
format_uckk,coursepurpose,fr,course/format/uckk/lang/fr/format_uckk.php,264
format_uckk,coursesections,fr,course/format/uckk/lang/fr/format_uckk.php,74
format_uckk,coursestructure,en,course/format/uckk/lang/en/format_uckk.php,100
format_uckk,coursestructure,fr,course/format/uckk/lang/fr/format_uckk.php,73
format_uckk,coursestructurecustom,en,course/format/uckk/lang/en/format_uckk.php,102
format_uckk,coursestructuredefault,en,course/format/uckk/lang/en/format_uckk.php,101
format_uckk,coursestructurelocked,en,course/format/uckk/lang/en/format_uckk.php,104
format_uckk,coursestructurelocked_desc,en,course/format/uckk/lang/en/format_uckk.php,106
format_uckk,coursestructurereset,en,course/format/uckk/lang/en/format_uckk.php,103
format_uckk,coursestructureunlocked,en,course/format/uckk/lang/en/format_uckk.php,105
format_uckk,coursestructureunlocked_desc,en,course/format/uckk/lang/en/format_uckk.php,107
format_uckk,currentsection,en,course/format/uckk/lang/en/format_uckk.php,33
format_uckk,currentsection,fr,course/format/uckk/lang/fr/format_uckk.php,103
format_uckk,cycle,en,course/format/uckk/lang/en/format_uckk.php,166
format_uckk,cycle_act,en,course/format/uckk/lang/en/format_uckk.php,169
format_uckk,cycle_choose,en,course/format/uckk/lang/en/format_uckk.php,168
format_uckk,cycle_desc,en,course/format/uckk/lang/en/format_uckk.php,172
format_uckk,cycle_full,en,course/format/uckk/lang/en/format_uckk.php,171
format_uckk,cycle_know,en,course/format/uckk/lang/en/format_uckk.php,167
format_uckk,cycle_remember,en,course/format/uckk/lang/en/format_uckk.php,170
format_uckk,decision,en,course/format/uckk/lang/en/format_uckk.php,204
format_uckk,decision,fr,course/format/uckk/lang/fr/format_uckk.php,179
format_uckk,decisionrecord,en,course/format/uckk/lang/en/format_uckk.php,205
format_uckk,decisionrecord,fr,course/format/uckk/lang/fr/format_uckk.php,181
format_uckk,decisions,fr,course/format/uckk/lang/fr/format_uckk.php,180
format_uckk,defaultsectionlayout,en,course/format/uckk/lang/en/format_uckk.php,350
format_uckk,defaultsectionlayout_desc,en,course/format/uckk/lang/en/format_uckk.php,351
format_uckk,defaultstructurealreadyapplied,en,course/format/uckk/lang/en/format_uckk.php,111
format_uckk,defaultstructureapplied,en,course/format/uckk/lang/en/format_uckk.php,110
format_uckk,defi,fr,course/format/uckk/lang/fr/format_uckk.php,252
format_uckk,defis,fr,course/format/uckk/lang/fr/format_uckk.php,253
format_uckk,deletesection,en,course/format/uckk/lang/en/format_uckk.php,36
format_uckk,deliberation,en,course/format/uckk/lang/en/format_uckk.php,193
format_uckk,deliberation,fr,course/format/uckk/lang/fr/format_uckk.php,167
format_uckk,deliberation_desc,en,course/format/uckk/lang/en/format_uckk.php,208
format_uckk,deliberationarchived,fr,course/format/uckk/lang/fr/format_uckk.php,172
format_uckk,deliberationclosed,fr,course/format/uckk/lang/fr/format_uckk.php,171
format_uckk,deliberationcontract,fr,course/format/uckk/lang/fr/format_uckk.php,267
format_uckk,deliberationopen,fr,course/format/uckk/lang/fr/format_uckk.php,170
format_uckk,deliberationoptional,fr,course/format/uckk/lang/fr/format_uckk.php,169
format_uckk,deliberationrequired,en,course/format/uckk/lang/en/format_uckk.php,195
format_uckk,deliberationrequired,fr,course/format/uckk/lang/fr/format_uckk.php,168
format_uckk,deliberationsection,en,course/format/uckk/lang/en/format_uckk.php,194
format_uckk,deliverable,en,course/format/uckk/lang/en/format_uckk.php,211
format_uckk,deliverable_desc,en,course/format/uckk/lang/en/format_uckk.php,218
format_uckk,deliverablemissing,en,course/format/uckk/lang/en/format_uckk.php,215
format_uckk,deliverablerequired,en,course/format/uckk/lang/en/format_uckk.php,214
format_uckk,deliverables,en,course/format/uckk/lang/en/format_uckk.php,212
format_uckk,deliverablesubmitted,en,course/format/uckk/lang/en/format_uckk.php,216
format_uckk,deliverablevalidated,en,course/format/uckk/lang/en/format_uckk.php,217
format_uckk,editsection,en,course/format/uckk/lang/en/format_uckk.php,34
format_uckk,editsectionname,en,course/format/uckk/lang/en/format_uckk.php,35
format_uckk,error_archivepluginmissing,fr,course/format/uckk/lang/fr/format_uckk.php,355
format_uckk,error_assemblypluginmissing,fr,course/format/uckk/lang/fr/format_uckk.php,358
format_uckk,error_cannotapplystructure,en,course/format/uckk/lang/en/format_uckk.php,407
format_uckk,error_cannotreadformatoptions,en,course/format/uckk/lang/en/format_uckk.php,409
format_uckk,error_cannotsaveformatoptions,en,course/format/uckk/lang/en/format_uckk.php,410
format_uckk,error_cannotupdatesection,en,course/format/uckk/lang/en/format_uckk.php,408
format_uckk,error_challengepluginmissing,fr,course/format/uckk/lang/fr/format_uckk.php,357
format_uckk,error_integritypluginmissing,fr,course/format/uckk/lang/fr/format_uckk.php,356
format_uckk,error_invalidcoursedisplaymode,en,course/format/uckk/lang/en/format_uckk.php,404
format_uckk,error_invalidcoursekind,fr,course/format/uckk/lang/fr/format_uckk.php,354
format_uckk,error_invalidsectiontype,en,course/format/uckk/lang/en/format_uckk.php,403
format_uckk,error_invalidsectiontype,fr,course/format/uckk/lang/fr/format_uckk.php,352
format_uckk,error_localuckkmissing,fr,course/format/uckk/lang/fr/format_uckk.php,359
format_uckk,error_missingcanonicalsection,en,course/format/uckk/lang/en/format_uckk.php,405
format_uckk,error_missingcoursecontext,en,course/format/uckk/lang/en/format_uckk.php,406
format_uckk,error_missingsectionmap,fr,course/format/uckk/lang/fr/format_uckk.php,353
format_uckk,ethicalboundary,fr,course/format/uckk/lang/fr/format_uckk.php,269
format_uckk,evaluation,en,course/format/uckk/lang/en/format_uckk.php,221
format_uckk,evaluation_desc,en,course/format/uckk/lang/en/format_uckk.php,227
format_uckk,evaluationcompleted,en,course/format/uckk/lang/en/format_uckk.php,226
format_uckk,evaluationcriteria,en,course/format/uckk/lang/en/format_uckk.php,222
format_uckk,evaluationfeedback,en,course/format/uckk/lang/en/format_uckk.php,224
format_uckk,evaluationpending,en,course/format/uckk/lang/en/format_uckk.php,225
format_uckk,evaluationrubric,en,course/format/uckk/lang/en/format_uckk.php,223
format_uckk,evidencecontract,fr,course/format/uckk/lang/fr/format_uckk.php,266
format_uckk,exportcoursearchive,fr,course/format/uckk/lang/fr/format_uckk.php,117
format_uckk,finaldeliverable,en,course/format/uckk/lang/en/format_uckk.php,213
format_uckk,formatdescription,en,course/format/uckk/lang/en/format_uckk.php,50
format_uckk,formatdescription,fr,course/format/uckk/lang/fr/format_uckk.php,31
format_uckk,formatfullname,en,course/format/uckk/lang/en/format_uckk.php,48
format_uckk,formatname,en,course/format/uckk/lang/en/format_uckk.php,47
format_uckk,formatname,fr,course/format/uckk/lang/fr/format_uckk.php,30
format_uckk,formatnotcore,en,course/format/uckk/lang/en/format_uckk.php,53
format_uckk,formatnotdegree,en,course/format/uckk/lang/en/format_uckk.php,54
format_uckk,formatnotetheme,en,course/format/uckk/lang/en/format_uckk.php,52
format_uckk,formatpurpose,en,course/format/uckk/lang/en/format_uckk.php,51
format_uckk,formatshortname,en,course/format/uckk/lang/en/format_uckk.php,49
format_uckk,formatshortname,fr,course/format/uckk/lang/fr/format_uckk.php,32
format_uckk,gotosection,en,course/format/uckk/lang/en/format_uckk.php,135
format_uckk,gotosectionname,en,course/format/uckk/lang/en/format_uckk.php,136
format_uckk,grandjeu,fr,course/format/uckk/lang/fr/format_uckk.php,240
format_uckk,grandjeusocial,fr,course/format/uckk/lang/fr/format_uckk.php,241
format_uckk,help_ai,en,course/format/uckk/lang/en/format_uckk.php,425
format_uckk,help_archive,en,course/format/uckk/lang/en/format_uckk.php,423
format_uckk,help_deliberation,en,course/format/uckk/lang/en/format_uckk.php,426
format_uckk,help_deliverable,en,course/format/uckk/lang/en/format_uckk.php,427
format_uckk,help_formatpurpose,en,course/format/uckk/lang/en/format_uckk.php,421
format_uckk,help_integrity,en,course/format/uckk/lang/en/format_uckk.php,424
format_uckk,help_proof,en,course/format/uckk/lang/en/format_uckk.php,422
format_uckk,hidecoursemap,fr,course/format/uckk/lang/fr/format_uckk.php,106
format_uckk,hidefromothers,en,course/format/uckk/lang/en/format_uckk.php,38
format_uckk,hidesectiondetails,fr,course/format/uckk/lang/fr/format_uckk.php,108
format_uckk,humanvalidationrequired,en,course/format/uckk/lang/en/format_uckk.php,273
format_uckk,inprogress,fr,course/format/uckk/lang/fr/format_uckk.php,132
format_uckk,inquisiteur,en,course/format/uckk/lang/en/format_uckk.php,261
format_uckk,inquisiteur,fr,course/format/uckk/lang/fr/format_uckk.php,218
format_uckk,inquisiteur_desc,en,course/format/uckk/lang/en/format_uckk.php,262
format_uckk,inquisiteurreview,fr,course/format/uckk/lang/fr/format_uckk.php,219
format_uckk,integrity,en,course/format/uckk/lang/en/format_uckk.php,249
format_uckk,integrity,fr,course/format/uckk/lang/fr/format_uckk.php,208
format_uckk,integrityblocked,en,course/format/uckk/lang/en/format_uckk.php,260
format_uckk,integritycaseclosed,en,course/format/uckk/lang/en/format_uckk.php,258
format_uckk,integritycaseopen,en,course/format/uckk/lang/en/format_uckk.php,257
format_uckk,integritycheck,fr,course/format/uckk/lang/fr/format_uckk.php,209
format_uckk,integrityclear,fr,course/format/uckk/lang/fr/format_uckk.php,213
format_uckk,integritycontested,fr,course/format/uckk/lang/fr/format_uckk.php,215
format_uckk,integritycorrectionrequired,en,course/format/uckk/lang/en/format_uckk.php,259
format_uckk,integrityinvalidated,fr,course/format/uckk/lang/fr/format_uckk.php,216
format_uckk,integritynotice,en,course/format/uckk/lang/en/format_uckk.php,253
format_uckk,integritynotice,fr,course/format/uckk/lang/fr/format_uckk.php,217
format_uckk,integritynotice_desc,en,course/format/uckk/lang/en/format_uckk.php,254
format_uckk,integrityok,en,course/format/uckk/lang/en/format_uckk.php,255
format_uckk,integrityoptional,en,course/format/uckk/lang/en/format_uckk.php,252
format_uckk,integrityoptional,fr,course/format/uckk/lang/fr/format_uckk.php,212
format_uckk,integritypending,en,course/format/uckk/lang/en/format_uckk.php,256
format_uckk,integritypending,fr,course/format/uckk/lang/fr/format_uckk.php,214
format_uckk,integrityrequired,en,course/format/uckk/lang/en/format_uckk.php,251
format_uckk,integrityrequired,fr,course/format/uckk/lang/fr/format_uckk.php,211
format_uckk,integritysection,en,course/format/uckk/lang/en/format_uckk.php,250
format_uckk,integritywarning,fr,course/format/uckk/lang/fr/format_uckk.php,210
format_uckk,joueur,fr,course/format/uckk/lang/fr/format_uckk.php,245
format_uckk,joueurlucide,fr,course/format/uckk/lang/fr/format_uckk.php,247
format_uckk,joueurs,fr,course/format/uckk/lang/fr/format_uckk.php,246
format_uckk,jumpsection,fr,course/format/uckk/lang/fr/format_uckk.php,91
format_uckk,jumptoarchive,fr,course/format/uckk/lang/fr/format_uckk.php,100
format_uckk,jumptocanon,fr,course/format/uckk/lang/fr/format_uckk.php,94
format_uckk,jumptoconcepts,fr,course/format/uckk/lang/fr/format_uckk.php,93
format_uckk,jumptodeliberation,fr,course/format/uckk/lang/fr/format_uckk.php,97
format_uckk,jumptodeliverable,fr,course/format/uckk/lang/fr/format_uckk.php,98
format_uckk,jumptoevaluation,fr,course/format/uckk/lang/fr/format_uckk.php,99
format_uckk,jumptoorientation,fr,course/format/uckk/lang/fr/format_uckk.php,92
format_uckk,jumptoproofs,fr,course/format/uckk/lang/fr/format_uckk.php,96
format_uckk,jumptoworkshop,fr,course/format/uckk/lang/fr/format_uckk.php,95
format_uckk,kingklown,fr,course/format/uckk/lang/fr/format_uckk.php,242
format_uckk,koa,fr,course/format/uckk/lang/fr/format_uckk.php,243
format_uckk,koadigitalecosystem,fr,course/format/uckk/lang/fr/format_uckk.php,244
format_uckk,kristal,en,course/format/uckk/lang/en/format_uckk.php,244
format_uckk,kristal,fr,course/format/uckk/lang/fr/format_uckk.php,203
format_uckk,kristal_desc,en,course/format/uckk/lang/en/format_uckk.php,246
format_uckk,kristalpedagogical,fr,course/format/uckk/lang/fr/format_uckk.php,205
format_uckk,kristals,en,course/format/uckk/lang/en/format_uckk.php,245
format_uckk,kristals,fr,course/format/uckk/lang/fr/format_uckk.php,204
format_uckk,learningcontract,fr,course/format/uckk/lang/fr/format_uckk.php,265
format_uckk,lockcanonicalsections,en,course/format/uckk/lang/en/format_uckk.php,348
format_uckk,lockcanonicalsections_desc,en,course/format/uckk/lang/en/format_uckk.php,349
format_uckk,mentor,fr,course/format/uckk/lang/fr/format_uckk.php,248
format_uckk,methodact,fr,course/format/uckk/lang/fr/format_uckk.php,261
format_uckk,methodchoose,fr,course/format/uckk/lang/fr/format_uckk.php,260
format_uckk,methodcycle,fr,course/format/uckk/lang/fr/format_uckk.php,263
format_uckk,methodknow,fr,course/format/uckk/lang/fr/format_uckk.php,259
format_uckk,methodremember,fr,course/format/uckk/lang/fr/format_uckk.php,262
format_uckk,minorityreport,en,course/format/uckk/lang/en/format_uckk.php,206
format_uckk,minorityreport,fr,course/format/uckk/lang/fr/format_uckk.php,182
format_uckk,motion,en,course/format/uckk/lang/en/format_uckk.php,201
format_uckk,newsectionname,en,course/format/uckk/lang/en/format_uckk.php,37
format_uckk,nextsection,en,course/format/uckk/lang/en/format_uckk.php,133
format_uckk,nextsection,fr,course/format/uckk/lang/fr/format_uckk.php,102
format_uckk,notice_ai,fr,course/format/uckk/lang/fr/format_uckk.php,339
format_uckk,notice_aiused,en,course/format/uckk/lang/en/format_uckk.php,399
format_uckk,notice_archive,fr,course/format/uckk/lang/fr/format_uckk.php,338
format_uckk,notice_archivemissing,en,course/format/uckk/lang/en/format_uckk.php,397
format_uckk,notice_emptysection,fr,course/format/uckk/lang/fr/format_uckk.php,340
format_uckk,notice_formatpurpose,fr,course/format/uckk/lang/fr/format_uckk.php,335
format_uckk,notice_hiddensection,fr,course/format/uckk/lang/fr/format_uckk.php,341
format_uckk,notice_integrity,fr,course/format/uckk/lang/fr/format_uckk.php,337
format_uckk,notice_integritypending,en,course/format/uckk/lang/en/format_uckk.php,398
format_uckk,notice_internalrecognition,en,course/format/uckk/lang/en/format_uckk.php,400
format_uckk,notice_notaccredited,fr,course/format/uckk/lang/fr/format_uckk.php,336
format_uckk,notice_proofmissing,en,course/format/uckk/lang/en/format_uckk.php,396
format_uckk,notice_structuremissing,en,course/format/uckk/lang/en/format_uckk.php,393
format_uckk,notice_structurepartial,en,course/format/uckk/lang/en/format_uckk.php,394
format_uckk,notice_structureready,en,course/format/uckk/lang/en/format_uckk.php,395
format_uckk,notice_unavailable,fr,course/format/uckk/lang/fr/format_uckk.php,342
format_uckk,notstarted,fr,course/format/uckk/lang/fr/format_uckk.php,131
format_uckk,objection,en,course/format/uckk/lang/en/format_uckk.php,202
format_uckk,objection,fr,course/format/uckk/lang/fr/format_uckk.php,173
format_uckk,objections,fr,course/format/uckk/lang/fr/format_uckk.php,174
format_uckk,page-course-view-uckk,en,course/format/uckk/lang/en/format_uckk.php,28
format_uckk,page-course-view-uckk,fr,course/format/uckk/lang/fr/format_uckk.php,26
format_uckk,page-course-view-uckk-x,en,course/format/uckk/lang/en/format_uckk.php,29
format_uckk,page-course-view-uckk-x,fr,course/format/uckk/lang/fr/format_uckk.php,27
format_uckk,pluginname,en,course/format/uckk/lang/en/format_uckk.php,23
format_uckk,pluginname,fr,course/format/uckk/lang/fr/format_uckk.php,23
format_uckk,portfolio,fr,course/format/uckk/lang/fr/format_uckk.php,254
format_uckk,previoussection,en,course/format/uckk/lang/en/format_uckk.php,132
format_uckk,previoussection,fr,course/format/uckk/lang/fr/format_uckk.php,101
format_uckk,privacy:metadata,en,course/format/uckk/lang/en/format_uckk.php,25
format_uckk,privacy:metadata,fr,course/format/uckk/lang/fr/format_uckk.php,345
format_uckk,privacy:metadata:formatoptions,fr,course/format/uckk/lang/fr/format_uckk.php,346
format_uckk,privacy:metadata:formatoptions:courseid,fr,course/format/uckk/lang/fr/format_uckk.php,347
format_uckk,privacy:metadata:formatoptions:name,fr,course/format/uckk/lang/fr/format_uckk.php,348
format_uckk,privacy:metadata:formatoptions:value,fr,course/format/uckk/lang/fr/format_uckk.php,349
format_uckk,progress,fr,course/format/uckk/lang/fr/format_uckk.php,128
format_uckk,proof,en,course/format/uckk/lang/en/format_uckk.php,175
format_uckk,proof,fr,course/format/uckk/lang/fr/format_uckk.php,149
format_uckk,proofarchive,fr,course/format/uckk/lang/fr/format_uckk.php,158
format_uckk,proofcontested,en,course/format/uckk/lang/en/format_uckk.php,183
format_uckk,proofcontested,fr,course/format/uckk/lang/fr/format_uckk.php,156
format_uckk,proofcontext,fr,course/format/uckk/lang/fr/format_uckk.php,164
format_uckk,proofinvalidated,en,course/format/uckk/lang/en/format_uckk.php,184
format_uckk,proofinvalidated,fr,course/format/uckk/lang/fr/format_uckk.php,157
format_uckk,proofmissing,en,course/format/uckk/lang/en/format_uckk.php,180
format_uckk,proofoptional,en,course/format/uckk/lang/en/format_uckk.php,179
format_uckk,proofoptional,fr,course/format/uckk/lang/fr/format_uckk.php,152
format_uckk,proofpending,fr,course/format/uckk/lang/fr/format_uckk.php,154
format_uckk,proofprovenance,en,course/format/uckk/lang/en/format_uckk.php,190
format_uckk,proofprovenance,fr,course/format/uckk/lang/fr/format_uckk.php,162
format_uckk,proofquality,fr,course/format/uckk/lang/fr/format_uckk.php,160
format_uckk,proofrequired,en,course/format/uckk/lang/en/format_uckk.php,178
format_uckk,proofrequired,fr,course/format/uckk/lang/fr/format_uckk.php,151
format_uckk,proofrequirements,en,course/format/uckk/lang/en/format_uckk.php,185
format_uckk,proofrequirements_desc,en,course/format/uckk/lang/en/format_uckk.php,186
format_uckk,proofs,en,course/format/uckk/lang/en/format_uckk.php,176
format_uckk,proofs,fr,course/format/uckk/lang/fr/format_uckk.php,150
format_uckk,proofsection,en,course/format/uckk/lang/en/format_uckk.php,177
format_uckk,proofsource,en,course/format/uckk/lang/en/format_uckk.php,189
format_uckk,proofsource,fr,course/format/uckk/lang/fr/format_uckk.php,161
format_uckk,proofstatus,en,course/format/uckk/lang/en/format_uckk.php,188
format_uckk,proofsubmitted,en,course/format/uckk/lang/en/format_uckk.php,181
format_uckk,proofsubmitted,fr,course/format/uckk/lang/fr/format_uckk.php,153
format_uckk,proofsummary,en,course/format/uckk/lang/en/format_uckk.php,187
format_uckk,proofsummary,fr,course/format/uckk/lang/fr/format_uckk.php,159
format_uckk,proofvalidated,en,course/format/uckk/lang/en/format_uckk.php,182
format_uckk,proofvalidated,fr,course/format/uckk/lang/fr/format_uckk.php,155
format_uckk,proofvisibility,fr,course/format/uckk/lang/fr/format_uckk.php,163
format_uckk,publicusewarning,fr,course/format/uckk/lang/fr/format_uckk.php,270
format_uckk,renderer_aimarker,en,course/format/uckk/lang/en/format_uckk.php,376
format_uckk,renderer_archivemarker,en,course/format/uckk/lang/en/format_uckk.php,373
format_uckk,renderer_courseheader,en,course/format/uckk/lang/en/format_uckk.php,368
format_uckk,renderer_coursemap,en,course/format/uckk/lang/en/format_uckk.php,369
format_uckk,renderer_integritymarker,en,course/format/uckk/lang/en/format_uckk.php,374
format_uckk,renderer_progressbar,en,course/format/uckk/lang/en/format_uckk.php,372
format_uckk,renderer_proofmarker,en,course/format/uckk/lang/en/format_uckk.php,375
format_uckk,renderer_sectionfooter,en,course/format/uckk/lang/en/format_uckk.php,371
format_uckk,renderer_sectionheader,en,course/format/uckk/lang/en/format_uckk.php,370
format_uckk,requiresarchive,fr,course/format/uckk/lang/fr/format_uckk.php,140
format_uckk,requiresdeliberation,fr,course/format/uckk/lang/fr/format_uckk.php,138
format_uckk,requiresevaluation,fr,course/format/uckk/lang/fr/format_uckk.php,139
format_uckk,requiresproof,fr,course/format/uckk/lang/fr/format_uckk.php,137
format_uckk,resumecourse,fr,course/format/uckk/lang/fr/format_uckk.php,113
format_uckk,returntocourse,en,course/format/uckk/lang/en/format_uckk.php,134
format_uckk,returntocoursemap,fr,course/format/uckk/lang/fr/format_uckk.php,104
format_uckk,reviewcourse,fr,course/format/uckk/lang/fr/format_uckk.php,114
format_uckk,section0name,en,course/format/uckk/lang/en/format_uckk.php,40
format_uckk,section0name,fr,course/format/uckk/lang/fr/format_uckk.php,25
format_uckk,section_archive,en,course/format/uckk/lang/en/format_uckk.php,65
format_uckk,section_archive,fr,course/format/uckk/lang/fr/format_uckk.php,48
format_uckk,section_archive_desc,en,course/format/uckk/lang/en/format_uckk.php,75
format_uckk,section_archive_desc,fr,course/format/uckk/lang/fr/format_uckk.php,59
format_uckk,section_archive_short,en,course/format/uckk/lang/en/format_uckk.php,86
format_uckk,section_archive_short,fr,course/format/uckk/lang/fr/format_uckk.php,70
format_uckk,section_canon,en,course/format/uckk/lang/en/format_uckk.php,59
format_uckk,section_canon,fr,course/format/uckk/lang/fr/format_uckk.php,42
format_uckk,section_canon_desc,en,course/format/uckk/lang/en/format_uckk.php,69
format_uckk,section_canon_desc,fr,course/format/uckk/lang/fr/format_uckk.php,53
format_uckk,section_canon_short,en,course/format/uckk/lang/en/format_uckk.php,80
format_uckk,section_canon_short,fr,course/format/uckk/lang/fr/format_uckk.php,64
format_uckk,section_concepts,en,course/format/uckk/lang/en/format_uckk.php,58
format_uckk,section_concepts,fr,course/format/uckk/lang/fr/format_uckk.php,41
format_uckk,section_concepts_desc,en,course/format/uckk/lang/en/format_uckk.php,68
format_uckk,section_concepts_desc,fr,course/format/uckk/lang/fr/format_uckk.php,52
format_uckk,section_concepts_short,en,course/format/uckk/lang/en/format_uckk.php,79
format_uckk,section_concepts_short,fr,course/format/uckk/lang/fr/format_uckk.php,63
format_uckk,section_deliberation,en,course/format/uckk/lang/en/format_uckk.php,62
format_uckk,section_deliberation,fr,course/format/uckk/lang/fr/format_uckk.php,45
format_uckk,section_deliberation_desc,en,course/format/uckk/lang/en/format_uckk.php,72
format_uckk,section_deliberation_desc,fr,course/format/uckk/lang/fr/format_uckk.php,56
format_uckk,section_deliberation_short,en,course/format/uckk/lang/en/format_uckk.php,83
format_uckk,section_deliberation_short,fr,course/format/uckk/lang/fr/format_uckk.php,67
format_uckk,section_deliverable,en,course/format/uckk/lang/en/format_uckk.php,63
format_uckk,section_deliverable,fr,course/format/uckk/lang/fr/format_uckk.php,46
format_uckk,section_deliverable_desc,en,course/format/uckk/lang/en/format_uckk.php,73
format_uckk,section_deliverable_desc,fr,course/format/uckk/lang/fr/format_uckk.php,57
format_uckk,section_deliverable_short,en,course/format/uckk/lang/en/format_uckk.php,84
format_uckk,section_deliverable_short,fr,course/format/uckk/lang/fr/format_uckk.php,68
format_uckk,section_evaluation,en,course/format/uckk/lang/en/format_uckk.php,64
format_uckk,section_evaluation,fr,course/format/uckk/lang/fr/format_uckk.php,47
format_uckk,section_evaluation_desc,en,course/format/uckk/lang/en/format_uckk.php,74
format_uckk,section_evaluation_desc,fr,course/format/uckk/lang/fr/format_uckk.php,58
format_uckk,section_evaluation_short,en,course/format/uckk/lang/en/format_uckk.php,85
format_uckk,section_evaluation_short,fr,course/format/uckk/lang/fr/format_uckk.php,69
format_uckk,section_orientation,en,course/format/uckk/lang/en/format_uckk.php,57
format_uckk,section_orientation,fr,course/format/uckk/lang/fr/format_uckk.php,40
format_uckk,section_orientation_desc,en,course/format/uckk/lang/en/format_uckk.php,67
format_uckk,section_orientation_desc,fr,course/format/uckk/lang/fr/format_uckk.php,51
format_uckk,section_orientation_short,en,course/format/uckk/lang/en/format_uckk.php,78
format_uckk,section_orientation_short,fr,course/format/uckk/lang/fr/format_uckk.php,62
format_uckk,section_proofs,en,course/format/uckk/lang/en/format_uckk.php,61
format_uckk,section_proofs,fr,course/format/uckk/lang/fr/format_uckk.php,44
format_uckk,section_proofs_desc,en,course/format/uckk/lang/en/format_uckk.php,71
format_uckk,section_proofs_desc,fr,course/format/uckk/lang/fr/format_uckk.php,55
format_uckk,section_proofs_short,en,course/format/uckk/lang/en/format_uckk.php,82
format_uckk,section_proofs_short,fr,course/format/uckk/lang/fr/format_uckk.php,66
format_uckk,section_workshop,en,course/format/uckk/lang/en/format_uckk.php,60
format_uckk,section_workshop,fr,course/format/uckk/lang/fr/format_uckk.php,43
format_uckk,section_workshop_desc,en,course/format/uckk/lang/en/format_uckk.php,70
format_uckk,section_workshop_desc,fr,course/format/uckk/lang/fr/format_uckk.php,54
format_uckk,section_workshop_short,en,course/format/uckk/lang/en/format_uckk.php,81
format_uckk,section_workshop_short,fr,course/format/uckk/lang/fr/format_uckk.php,65
format_uckk,sectionarchive,fr,course/format/uckk/lang/fr/format_uckk.php,85
format_uckk,sectioncompletion,fr,course/format/uckk/lang/fr/format_uckk.php,84
format_uckk,sectionhelp_archive,en,course/format/uckk/lang/en/format_uckk.php,97
format_uckk,sectionhelp_canon,en,course/format/uckk/lang/en/format_uckk.php,91
format_uckk,sectionhelp_concepts,en,course/format/uckk/lang/en/format_uckk.php,90
format_uckk,sectionhelp_deliberation,en,course/format/uckk/lang/en/format_uckk.php,94
format_uckk,sectionhelp_deliverable,en,course/format/uckk/lang/en/format_uckk.php,95
format_uckk,sectionhelp_evaluation,en,course/format/uckk/lang/en/format_uckk.php,96
format_uckk,sectionhelp_orientation,en,course/format/uckk/lang/en/format_uckk.php,89
format_uckk,sectionhelp_proofs,en,course/format/uckk/lang/en/format_uckk.php,93
format_uckk,sectionhelp_workshop,en,course/format/uckk/lang/en/format_uckk.php,92
format_uckk,sectionhidden,en,course/format/uckk/lang/en/format_uckk.php,43
format_uckk,sectionintegrity,fr,course/format/uckk/lang/fr/format_uckk.php,87
format_uckk,sectionmap,fr,course/format/uckk/lang/fr/format_uckk.php,78
format_uckk,sectionmetadata,fr,course/format/uckk/lang/fr/format_uckk.php,81
format_uckk,sectionname,en,course/format/uckk/lang/en/format_uckk.php,24
format_uckk,sectionname,fr,course/format/uckk/lang/fr/format_uckk.php,24
format_uckk,sectionnamecustom,en,course/format/uckk/lang/en/format_uckk.php,41
format_uckk,sectionnotavailable,en,course/format/uckk/lang/en/format_uckk.php,42
format_uckk,sectionprogress,fr,course/format/uckk/lang/fr/format_uckk.php,83
format_uckk,sectionproofs,fr,course/format/uckk/lang/fr/format_uckk.php,86
format_uckk,sectionrequiresarchive,en,course/format/uckk/lang/en/format_uckk.php,360
format_uckk,sectionrequiresarchive_desc,en,course/format/uckk/lang/en/format_uckk.php,361
format_uckk,sectionrequiresdeliberation,en,course/format/uckk/lang/en/format_uckk.php,362
format_uckk,sectionrequiresdeliberation_desc,en,course/format/uckk/lang/en/format_uckk.php,363
format_uckk,sectionrequiresintegrity,en,course/format/uckk/lang/en/format_uckk.php,364
format_uckk,sectionrequiresintegrity_desc,en,course/format/uckk/lang/en/format_uckk.php,365
format_uckk,sectionrequiresproof,en,course/format/uckk/lang/en/format_uckk.php,358
format_uckk,sectionrequiresproof_desc,en,course/format/uckk/lang/en/format_uckk.php,359
format_uckk,sectionrole,fr,course/format/uckk/lang/fr/format_uckk.php,80
format_uckk,sectionstatus,fr,course/format/uckk/lang/fr/format_uckk.php,82
format_uckk,sectiontype,en,course/format/uckk/lang/en/format_uckk.php,354
format_uckk,sectiontype,fr,course/format/uckk/lang/fr/format_uckk.php,79
format_uckk,sectiontype_desc,en,course/format/uckk/lang/en/format_uckk.php,355
format_uckk,sectionvisibility,fr,course/format/uckk/lang/fr/format_uckk.php,88
format_uckk,sectionvisibilityrule,en,course/format/uckk/lang/en/format_uckk.php,356
format_uckk,sectionvisibilityrule_desc,en,course/format/uckk/lang/en/format_uckk.php,357
format_uckk,sectionvisible,en,course/format/uckk/lang/en/format_uckk.php,44
format_uckk,seed_defaultcoursename,en,course/format/uckk/lang/en/format_uckk.php,430
format_uckk,seed_defaultcourseshortname,en,course/format/uckk/lang/en/format_uckk.php,431
format_uckk,seed_defaultsummary,en,course/format/uckk/lang/en/format_uckk.php,432
format_uckk,seed_sectioncreated,en,course/format/uckk/lang/en/format_uckk.php,436
format_uckk,seed_sectionupdated,en,course/format/uckk/lang/en/format_uckk.php,437
format_uckk,seed_structurecreated,en,course/format/uckk/lang/en/format_uckk.php,433
format_uckk,seed_structureskipped,en,course/format/uckk/lang/en/format_uckk.php,435
format_uckk,seed_structureupdated,en,course/format/uckk/lang/en/format_uckk.php,434
format_uckk,settingallowcustomsections,fr,course/format/uckk/lang/fr/format_uckk.php,300
format_uckk,settingallowcustomsections_desc,fr,course/format/uckk/lang/fr/format_uckk.php,301
format_uckk,settingcoursekind,fr,course/format/uckk/lang/fr/format_uckk.php,303
format_uckk,settingcoursekind_desc,fr,course/format/uckk/lang/fr/format_uckk.php,304
format_uckk,settingdefaultsections,fr,course/format/uckk/lang/fr/format_uckk.php,294
format_uckk,settingdefaultsections_desc,fr,course/format/uckk/lang/fr/format_uckk.php,295
format_uckk,settingenablearchiveexport,fr,course/format/uckk/lang/fr/format_uckk.php,306
format_uckk,settingenablearchiveexport_desc,fr,course/format/uckk/lang/fr/format_uckk.php,307
format_uckk,settingenableintegritypanel,fr,course/format/uckk/lang/fr/format_uckk.php,309
format_uckk,settingenableintegritypanel_desc,fr,course/format/uckk/lang/fr/format_uckk.php,310
format_uckk,settinglocksectionnames,fr,course/format/uckk/lang/fr/format_uckk.php,297
format_uckk,settinglocksectionnames_desc,fr,course/format/uckk/lang/fr/format_uckk.php,298
format_uckk,settings_advanced,en,course/format/uckk/lang/en/format_uckk.php,323
format_uckk,settings_advanced_desc,en,course/format/uckk/lang/en/format_uckk.php,331
format_uckk,settings_archive,en,course/format/uckk/lang/en/format_uckk.php,322
format_uckk,settings_archive_desc,en,course/format/uckk/lang/en/format_uckk.php,330
format_uckk,settings_completion,en,course/format/uckk/lang/en/format_uckk.php,320
format_uckk,settings_completion_desc,en,course/format/uckk/lang/en/format_uckk.php,328
format_uckk,settings_general,en,course/format/uckk/lang/en/format_uckk.php,317
format_uckk,settings_general_desc,en,course/format/uckk/lang/en/format_uckk.php,325
format_uckk,settings_integrity,en,course/format/uckk/lang/en/format_uckk.php,321
format_uckk,settings_integrity_desc,en,course/format/uckk/lang/en/format_uckk.php,329
format_uckk,settings_navigation,en,course/format/uckk/lang/en/format_uckk.php,319
format_uckk,settings_navigation_desc,en,course/format/uckk/lang/en/format_uckk.php,327
format_uckk,settings_structure,en,course/format/uckk/lang/en/format_uckk.php,318
format_uckk,settings_structure_desc,en,course/format/uckk/lang/en/format_uckk.php,326
format_uckk,settingsheader,fr,course/format/uckk/lang/fr/format_uckk.php,273
format_uckk,settingsheader_desc,fr,course/format/uckk/lang/fr/format_uckk.php,274
format_uckk,settingshowarchivemarkers,fr,course/format/uckk/lang/fr/format_uckk.php,288
format_uckk,settingshowarchivemarkers_desc,fr,course/format/uckk/lang/fr/format_uckk.php,289
format_uckk,settingshowcoursemap,fr,course/format/uckk/lang/fr/format_uckk.php,276
format_uckk,settingshowcoursemap_desc,fr,course/format/uckk/lang/fr/format_uckk.php,277
format_uckk,settingshowintegritywarnings,fr,course/format/uckk/lang/fr/format_uckk.php,291
format_uckk,settingshowintegritywarnings_desc,fr,course/format/uckk/lang/fr/format_uckk.php,292
format_uckk,settingshowprogress,fr,course/format/uckk/lang/fr/format_uckk.php,282
format_uckk,settingshowprogress_desc,fr,course/format/uckk/lang/fr/format_uckk.php,283
format_uckk,settingshowproofmarkers,fr,course/format/uckk/lang/fr/format_uckk.php,285
format_uckk,settingshowproofmarkers_desc,fr,course/format/uckk/lang/fr/format_uckk.php,286
format_uckk,settingshowsectionicons,fr,course/format/uckk/lang/fr/format_uckk.php,279
format_uckk,settingshowsectionicons_desc,fr,course/format/uckk/lang/fr/format_uckk.php,280
format_uckk,showaigovernance,en,course/format/uckk/lang/en/format_uckk.php,346
format_uckk,showaigovernance_desc,en,course/format/uckk/lang/en/format_uckk.php,347
format_uckk,showarchivestatus,en,course/format/uckk/lang/en/format_uckk.php,342
format_uckk,showarchivestatus_desc,en,course/format/uckk/lang/en/format_uckk.php,343
format_uckk,showcoursemap,en,course/format/uckk/lang/en/format_uckk.php,336
format_uckk,showcoursemap,fr,course/format/uckk/lang/fr/format_uckk.php,105
format_uckk,showcoursemap_desc,en,course/format/uckk/lang/en/format_uckk.php,337
format_uckk,showfromothers,en,course/format/uckk/lang/en/format_uckk.php,39
format_uckk,showintegritynotice,en,course/format/uckk/lang/en/format_uckk.php,340
format_uckk,showintegritynotice_desc,en,course/format/uckk/lang/en/format_uckk.php,341
format_uckk,showproofstatus,en,course/format/uckk/lang/en/format_uckk.php,344
format_uckk,showproofstatus_desc,en,course/format/uckk/lang/en/format_uckk.php,345
format_uckk,showsectiondescriptions,en,course/format/uckk/lang/en/format_uckk.php,338
format_uckk,showsectiondescriptions_desc,en,course/format/uckk/lang/en/format_uckk.php,339
format_uckk,showsectiondetails,fr,course/format/uckk/lang/fr/format_uckk.php,107
format_uckk,startcourse,fr,course/format/uckk/lang/fr/format_uckk.php,111
format_uckk,status,en,course/format/uckk/lang/en/format_uckk.php,292
format_uckk,status_active,en,course/format/uckk/lang/en/format_uckk.php,294
format_uckk,status_archived,en,course/format/uckk/lang/en/format_uckk.php,303
format_uckk,status_cancelled,en,course/format/uckk/lang/en/format_uckk.php,304
format_uckk,status_closed,en,course/format/uckk/lang/en/format_uckk.php,302
format_uckk,status_contested,en,course/format/uckk/lang/en/format_uckk.php,300
format_uckk,status_correctionrequired,en,course/format/uckk/lang/en/format_uckk.php,299
format_uckk,status_draft,en,course/format/uckk/lang/en/format_uckk.php,293
format_uckk,status_invalidated,en,course/format/uckk/lang/en/format_uckk.php,301
format_uckk,status_pending,en,course/format/uckk/lang/en/format_uckk.php,295
format_uckk,status_pendingreview,en,course/format/uckk/lang/en/format_uckk.php,296
format_uckk,status_rejected,en,course/format/uckk/lang/en/format_uckk.php,298
format_uckk,status_validated,en,course/format/uckk/lang/en/format_uckk.php,297
format_uckk,submitproof,fr,course/format/uckk/lang/fr/format_uckk.php,120
format_uckk,template_aiwarning,en,course/format/uckk/lang/en/format_uckk.php,390
format_uckk,template_archivedsection,en,course/format/uckk/lang/en/format_uckk.php,388
format_uckk,template_backtocourse,en,course/format/uckk/lang/en/format_uckk.php,384
format_uckk,template_backtocourse,fr,course/format/uckk/lang/fr/format_uckk.php,379
format_uckk,template_collapsesection,fr,course/format/uckk/lang/fr/format_uckk.php,373
format_uckk,template_continue,en,course/format/uckk/lang/en/format_uckk.php,383
format_uckk,template_continue,fr,course/format/uckk/lang/fr/format_uckk.php,378
format_uckk,template_empty,fr,course/format/uckk/lang/fr/format_uckk.php,381
format_uckk,template_emptysection,en,course/format/uckk/lang/en/format_uckk.php,385
format_uckk,template_error,fr,course/format/uckk/lang/fr/format_uckk.php,382
format_uckk,template_expandsection,fr,course/format/uckk/lang/fr/format_uckk.php,372
format_uckk,template_hidesectiondetails,en,course/format/uckk/lang/en/format_uckk.php,381
format_uckk,template_integritywarning,en,course/format/uckk/lang/en/format_uckk.php,389
format_uckk,template_loading,fr,course/format/uckk/lang/fr/format_uckk.php,380
format_uckk,template_lockedsection,en,course/format/uckk/lang/en/format_uckk.php,386
format_uckk,template_restrictedsection,en,course/format/uckk/lang/en/format_uckk.php,387
format_uckk,template_showsectiondetails,en,course/format/uckk/lang/en/format_uckk.php,382
format_uckk,template_submitproof,fr,course/format/uckk/lang/fr/format_uckk.php,375
format_uckk,template_viewarchive,fr,course/format/uckk/lang/fr/format_uckk.php,376
format_uckk,template_viewcoursemap,en,course/format/uckk/lang/en/format_uckk.php,380
format_uckk,template_viewintegrity,fr,course/format/uckk/lang/fr/format_uckk.php,377
format_uckk,template_viewproofs,fr,course/format/uckk/lang/fr/format_uckk.php,374
format_uckk,template_viewsection,en,course/format/uckk/lang/en/format_uckk.php,379
format_uckk,template_viewsection,fr,course/format/uckk/lang/fr/format_uckk.php,371
format_uckk,tronccommun,en,course/format/uckk/lang/en/format_uckk.php,156
format_uckk,tronccommun_course,en,course/format/uckk/lang/en/format_uckk.php,158
format_uckk,tronccommun_desc,en,course/format/uckk/lang/en/format_uckk.php,157
format_uckk,tronccommun_notrequired,en,course/format/uckk/lang/en/format_uckk.php,160
format_uckk,tronccommun_portfolio,en,course/format/uckk/lang/en/format_uckk.php,162
format_uckk,tronccommun_progress,en,course/format/uckk/lang/en/format_uckk.php,161
format_uckk,tronccommun_proof,en,course/format/uckk/lang/en/format_uckk.php,163
format_uckk,tronccommun_required,en,course/format/uckk/lang/en/format_uckk.php,159
format_uckk,uckk,fr,course/format/uckk/lang/fr/format_uckk.php,236
format_uckk,uckk:applydefaultstructure,en,course/format/uckk/lang/en/format_uckk.php,415
format_uckk,uckk:configurecourseformat,en,course/format/uckk/lang/en/format_uckk.php,414
format_uckk,uckk:lockcanonicalsections,en,course/format/uckk/lang/en/format_uckk.php,416
format_uckk,uckk:viewarchivemarkers,en,course/format/uckk/lang/en/format_uckk.php,418
format_uckk,uckk:viewcourseformat,en,course/format/uckk/lang/en/format_uckk.php,413
format_uckk,uckk:viewintegritymarkers,en,course/format/uckk/lang/en/format_uckk.php,417
format_uckk,uckkcampus,fr,course/format/uckk/lang/fr/format_uckk.php,238
format_uckk,uckkcourse,en,course/format/uckk/lang/en/format_uckk.php,139
format_uckk,uckkcourse,fr,course/format/uckk/lang/fr/format_uckk.php,34
format_uckk,uckkcoursecode,en,course/format/uckk/lang/en/format_uckk.php,140
format_uckk,uckkcourseformat,fr,course/format/uckk/lang/fr/format_uckk.php,35
format_uckk,uckkcourseidentity,en,course/format/uckk/lang/en/format_uckk.php,152
format_uckk,uckkcourseidentity_desc,en,course/format/uckk/lang/en/format_uckk.php,153
format_uckk,uckkcoursekind,en,course/format/uckk/lang/en/format_uckk.php,142
format_uckk,uckkcoursekind_archive,en,course/format/uckk/lang/en/format_uckk.php,150
format_uckk,uckkcoursekind_assembly,en,course/format/uckk/lang/en/format_uckk.php,149
format_uckk,uckkcoursekind_challenge,en,course/format/uckk/lang/en/format_uckk.php,148
format_uckk,uckkcoursekind_integrity,en,course/format/uckk/lang/en/format_uckk.php,151
format_uckk,uckkcoursekind_lab,en,course/format/uckk/lang/en/format_uckk.php,146
format_uckk,uckkcoursekind_program,en,course/format/uckk/lang/en/format_uckk.php,145
format_uckk,uckkcoursekind_seminar,en,course/format/uckk/lang/en/format_uckk.php,147
format_uckk,uckkcoursekind_standard,en,course/format/uckk/lang/en/format_uckk.php,143
format_uckk,uckkcoursekind_tronccommun,en,course/format/uckk/lang/en/format_uckk.php,144
format_uckk,uckkcoursetype,en,course/format/uckk/lang/en/format_uckk.php,141
format_uckk,uckkformat,fr,course/format/uckk/lang/fr/format_uckk.php,33
format_uckk,uckkfullname,fr,course/format/uckk/lang/fr/format_uckk.php,237
format_uckk,uckkmoodle,fr,course/format/uckk/lang/fr/format_uckk.php,239
format_uckk,uckksection,fr,course/format/uckk/lang/fr/format_uckk.php,36
format_uckk,uckksectionplural,fr,course/format/uckk/lang/fr/format_uckk.php,37
format_uckk,validated,fr,course/format/uckk/lang/fr/format_uckk.php,135
format_uckk,viewcoursearchive,fr,course/format/uckk/lang/fr/format_uckk.php,118
format_uckk,viewdeliberation,fr,course/format/uckk/lang/fr/format_uckk.php,121
format_uckk,viewdeliverable,fr,course/format/uckk/lang/fr/format_uckk.php,122
format_uckk,viewevaluation,fr,course/format/uckk/lang/fr/format_uckk.php,123
format_uckk,viewintegrity,fr,course/format/uckk/lang/fr/format_uckk.php,124
format_uckk,viewkristals,fr,course/format/uckk/lang/fr/format_uckk.php,125
format_uckk,viewproofs,fr,course/format/uckk/lang/fr/format_uckk.php,119
format_uckk,visibility,en,course/format/uckk/lang/en/format_uckk.php,307
format_uckk,visibility_cohort,en,course/format/uckk/lang/en/format_uckk.php,312
format_uckk,visibility_course,en,course/format/uckk/lang/en/format_uckk.php,311
format_uckk,visibility_group,en,course/format/uckk/lang/en/format_uckk.php,310
format_uckk,visibility_institution,en,course/format/uckk/lang/en/format_uckk.php,313
format_uckk,visibility_private,en,course/format/uckk/lang/en/format_uckk.php,308
format_uckk,visibility_public,en,course/format/uckk/lang/en/format_uckk.php,314
format_uckk,visibility_user,en,course/format/uckk/lang/en/format_uckk.php,309
local_uckk,act,fr,local/uckk/lang/fr/local_uckk.php,342
local_uckk,action_archive,fr,local/uckk/lang/fr/local_uckk.php,57
local_uckk,action_assign,fr,local/uckk/lang/fr/local_uckk.php,66
local_uckk,action_back,fr,local/uckk/lang/fr/local_uckk.php,69
local_uckk,action_cancel,fr,local/uckk/lang/fr/local_uckk.php,60
local_uckk,action_confirm,fr,local/uckk/lang/fr/local_uckk.php,61
local_uckk,action_continue,fr,local/uckk/lang/fr/local_uckk.php,68
local_uckk,action_create,fr,local/uckk/lang/fr/local_uckk.php,53
local_uckk,action_delete,fr,local/uckk/lang/fr/local_uckk.php,56
local_uckk,action_edit,fr,local/uckk/lang/fr/local_uckk.php,54
local_uckk,action_export,fr,local/uckk/lang/fr/local_uckk.php,64
local_uckk,action_filter,fr,local/uckk/lang/fr/local_uckk.php,71
local_uckk,action_import,fr,local/uckk/lang/fr/local_uckk.php,65
local_uckk,action_reset,fr,local/uckk/lang/fr/local_uckk.php,72
local_uckk,action_restore,fr,local/uckk/lang/fr/local_uckk.php,58
local_uckk,action_save,fr,local/uckk/lang/fr/local_uckk.php,62
local_uckk,action_search,fr,local/uckk/lang/fr/local_uckk.php,70
local_uckk,action_submit,fr,local/uckk/lang/fr/local_uckk.php,63
local_uckk,action_unassign,fr,local/uckk/lang/fr/local_uckk.php,67
local_uckk,action_update,fr,local/uckk/lang/fr/local_uckk.php,55
local_uckk,action_validate,fr,local/uckk/lang/fr/local_uckk.php,59
local_uckk,action_view,fr,local/uckk/lang/fr/local_uckk.php,52
local_uckk,actionnotavailable,en,local/uckk/lang/en/local_uckk.php,431
local_uckk,actions,en,local/uckk/lang/en/local_uckk.php,70
local_uckk,activate,en,local/uckk/lang/en/local_uckk.php,60
local_uckk,active,en,local/uckk/lang/en/local_uckk.php,46
local_uckk,activepathways,fr,local/uckk/lang/fr/local_uckk.php,223
local_uckk,ai,en,local/uckk/lang/en/local_uckk.php,483
local_uckk,ai,fr,local/uckk/lang/fr/local_uckk.php,363
local_uckk,ai_assisted,fr,local/uckk/lang/fr/local_uckk.php,364
local_uckk,ai_humanvalidationrequired,en,local/uckk/lang/en/local_uckk.php,486
local_uckk,ai_humanvalidationrequired,fr,local/uckk/lang/fr/local_uckk.php,366
local_uckk,ai_nonsovereign,en,local/uckk/lang/en/local_uckk.php,484
local_uckk,ai_nonsovereign,fr,local/uckk/lang/fr/local_uckk.php,365
local_uckk,ai_outputaudit,en,local/uckk/lang/en/local_uckk.php,489
local_uckk,ai_policy_non_sovereign,fr,local/uckk/lang/fr/local_uckk.php,368
local_uckk,ai_provenancerequired,en,local/uckk/lang/en/local_uckk.php,487
local_uckk,ai_uncertainty,en,local/uckk/lang/en/local_uckk.php,488
local_uckk,ai_warning,en,local/uckk/lang/en/local_uckk.php,485
local_uckk,ai_warning,fr,local/uckk/lang/fr/local_uckk.php,367
local_uckk,allprograms,en,local/uckk/lang/en/local_uckk.php,206
local_uckk,allstatuses,en,local/uckk/lang/en/local_uckk.php,292
local_uckk,allvisibilities,en,local/uckk/lang/en/local_uckk.php,293
local_uckk,amendment,en,local/uckk/lang/en/local_uckk.php,513
local_uckk,appeal,en,local/uckk/lang/en/local_uckk.php,502
local_uckk,archive,en,local/uckk/lang/en/local_uckk.php,59
local_uckk,archive,fr,local/uckk/lang/fr/local_uckk.php,348
local_uckk,archivecount,en,local/uckk/lang/en/local_uckk.php,300
local_uckk,archived,en,local/uckk/lang/en/local_uckk.php,42
local_uckk,archiveexport,en,local/uckk/lang/en/local_uckk.php,521
local_uckk,archiveitem,en,local/uckk/lang/en/local_uckk.php,97
local_uckk,archivepathway,en,local/uckk/lang/en/local_uckk.php,246
local_uckk,archivepolicy,en,local/uckk/lang/en/local_uckk.php,520
local_uckk,archiveprogram,en,local/uckk/lang/en/local_uckk.php,209
local_uckk,archives,en,local/uckk/lang/en/local_uckk.php,96
local_uckk,archives,fr,local/uckk/lang/fr/local_uckk.php,349
local_uckk,archivevalidation,en,local/uckk/lang/en/local_uckk.php,522
local_uckk,archivist,en,local/uckk/lang/en/local_uckk.php,98
local_uckk,archiviste,fr,local/uckk/lang/fr/local_uckk.php,355
local_uckk,assemblee,fr,local/uckk/lang/fr/local_uckk.php,350
local_uckk,assemblees,fr,local/uckk/lang/fr/local_uckk.php,351
local_uckk,assemblies,en,local/uckk/lang/en/local_uckk.php,94
local_uckk,assembly,en,local/uckk/lang/en/local_uckk.php,95
local_uckk,assembly_batisseurs,en,local/uckk/lang/en/local_uckk.php,509
local_uckk,assembly_defis,en,local/uckk/lang/en/local_uckk.php,507
local_uckk,assembly_grandjeu,en,local/uckk/lang/en/local_uckk.php,511
local_uckk,assembly_inquisiteurs,en,local/uckk/lang/en/local_uckk.php,510
local_uckk,assembly_joueurs,en,local/uckk/lang/en/local_uckk.php,508
local_uckk,assembly_savoirs,en,local/uckk/lang/en/local_uckk.php,506
local_uckk,author,fr,local/uckk/lang/fr/local_uckk.php,96
local_uckk,badge,en,local/uckk/lang/en/local_uckk.php,110
local_uckk,badge,fr,local/uckk/lang/fr/local_uckk.php,318
local_uckk,badgecount,en,local/uckk/lang/en/local_uckk.php,299
local_uckk,badges,en,local/uckk/lang/en/local_uckk.php,109
local_uckk,badges,fr,local/uckk/lang/fr/local_uckk.php,319
local_uckk,blockedcount,en,local/uckk/lang/en/local_uckk.php,273
local_uckk,builders,en,local/uckk/lang/en/local_uckk.php,99
local_uckk,campusregistry,en,local/uckk/lang/en/local_uckk.php,31
local_uckk,cancelled,en,local/uckk/lang/en/local_uckk.php,45
local_uckk,cannotassigninactivepathway,fr,local/uckk/lang/fr/local_uckk.php,188
local_uckk,canon,en,local/uckk/lang/en/local_uckk.php,304
local_uckk,canon,fr,local/uckk/lang/fr/local_uckk.php,247
local_uckk,canon_archives_label,en,local/uckk/lang/en/local_uckk.php,344
local_uckk,canon_archives_role,en,local/uckk/lang/en/local_uckk.php,345
local_uckk,canon_archives_summary,en,local/uckk/lang/en/local_uckk.php,346
local_uckk,canon_assemblees_label,en,local/uckk/lang/en/local_uckk.php,340
local_uckk,canon_assemblees_role,en,local/uckk/lang/en/local_uckk.php,341
local_uckk,canon_assemblees_summary,en,local/uckk/lang/en/local_uckk.php,342
local_uckk,canon_body,fr,local/uckk/lang/fr/local_uckk.php,255
local_uckk,canon_boundaries_title,en,local/uckk/lang/en/local_uckk.php,312
local_uckk,canon_boundary_contestability_label,en,local/uckk/lang/en/local_uckk.php,357
local_uckk,canon_boundary_contestability_summary,en,local/uckk/lang/en/local_uckk.php,358
local_uckk,canon_boundary_evidence_label,en,local/uckk/lang/en/local_uckk.php,355
local_uckk,canon_boundary_evidence_summary,en,local/uckk/lang/en/local_uckk.php,356
local_uckk,canon_boundary_fictionfact_label,en,local/uckk/lang/en/local_uckk.php,349
local_uckk,canon_boundary_fictionfact_summary,en,local/uckk/lang/en/local_uckk.php,350
local_uckk,canon_boundary_nomisemise_label,en,local/uckk/lang/en/local_uckk.php,351
local_uckk,canon_boundary_nomisemise_summary,en,local/uckk/lang/en/local_uckk.php,352
local_uckk,canon_boundary_nonauthority_label,en,local/uckk/lang/en/local_uckk.php,353
local_uckk,canon_boundary_nonauthority_summary,en,local/uckk/lang/en/local_uckk.php,354
local_uckk,canon_create,fr,local/uckk/lang/fr/local_uckk.php,250
local_uckk,canon_digitalecosystem_label,en,local/uckk/lang/en/local_uckk.php,328
local_uckk,canon_digitalecosystem_role,en,local/uckk/lang/en/local_uckk.php,329
local_uckk,canon_digitalecosystem_summary,en,local/uckk/lang/en/local_uckk.php,330
local_uckk,canon_doc_architecture_role,en,local/uckk/lang/en/local_uckk.php,370
local_uckk,canon_doc_branding_role,en,local/uckk/lang/en/local_uckk.php,374
local_uckk,canon_doc_catalogue_role,en,local/uckk/lang/en/local_uckk.php,377
local_uckk,canon_doc_challenges_role,en,local/uckk/lang/en/local_uckk.php,376
local_uckk,canon_doc_cours_role,en,local/uckk/lang/en/local_uckk.php,379
local_uckk,canon_doc_ecosystem_master_role,en,local/uckk/lang/en/local_uckk.php,380
local_uckk,canon_doc_ecosystem_modules_role,en,local/uckk/lang/en/local_uckk.php,381
local_uckk,canon_doc_foundation_role,en,local/uckk/lang/en/local_uckk.php,373
local_uckk,canon_doc_glossary_role,en,local/uckk/lang/en/local_uckk.php,369
local_uckk,canon_doc_governance_role,en,local/uckk/lang/en/local_uckk.php,375
local_uckk,canon_doc_index_role,en,local/uckk/lang/en/local_uckk.php,368
local_uckk,canon_doc_koa_limits_role,en,local/uckk/lang/en/local_uckk.php,372
local_uckk,canon_doc_koa_movement_role,en,local/uckk/lang/en/local_uckk.php,371
local_uckk,canon_doc_tronccommun_role,en,local/uckk/lang/en/local_uckk.php,378
local_uckk,canon_documents_intro,en,local/uckk/lang/en/local_uckk.php,314
local_uckk,canon_documents_title,en,local/uckk/lang/en/local_uckk.php,313
local_uckk,canon_edit,fr,local/uckk/lang/fr/local_uckk.php,251
local_uckk,canon_footer_note,en,local/uckk/lang/en/local_uckk.php,315
local_uckk,canon_formula_cycle_label,en,local/uckk/lang/en/local_uckk.php,394
local_uckk,canon_formula_cycle_text,en,local/uckk/lang/en/local_uckk.php,395
local_uckk,canon_formula_foundational_label,en,local/uckk/lang/en/local_uckk.php,384
local_uckk,canon_formula_foundational_text,en,local/uckk/lang/en/local_uckk.php,385
local_uckk,canon_formula_governance_label,en,local/uckk/lang/en/local_uckk.php,388
local_uckk,canon_formula_governance_text,en,local/uckk/lang/en/local_uckk.php,389
local_uckk,canon_formula_method_label,en,local/uckk/lang/en/local_uckk.php,392
local_uckk,canon_formula_method_text,en,local/uckk/lang/en/local_uckk.php,393
local_uckk,canon_formula_publictheatre_label,en,local/uckk/lang/en/local_uckk.php,390
local_uckk,canon_formula_publictheatre_text,en,local/uckk/lang/en/local_uckk.php,391
local_uckk,canon_formula_relationship_label,en,local/uckk/lang/en/local_uckk.php,386
local_uckk,canon_formula_relationship_text,en,local/uckk/lang/en/local_uckk.php,387
local_uckk,canon_formulas_title,en,local/uckk/lang/en/local_uckk.php,311
local_uckk,canon_group_academic,en,local/uckk/lang/en/local_uckk.php,364
local_uckk,canon_group_ecosystem,en,local/uckk/lang/en/local_uckk.php,365
local_uckk,canon_group_index,en,local/uckk/lang/en/local_uckk.php,361
local_uckk,canon_group_institution,en,local/uckk/lang/en/local_uckk.php,363
local_uckk,canon_group_koa,en,local/uckk/lang/en/local_uckk.php,362
local_uckk,canon_inquisiteur_label,en,local/uckk/lang/en/local_uckk.php,336
local_uckk,canon_inquisiteur_role,en,local/uckk/lang/en/local_uckk.php,337
local_uckk,canon_inquisiteur_summary,en,local/uckk/lang/en/local_uckk.php,338
local_uckk,canon_intro,en,local/uckk/lang/en/local_uckk.php,306
local_uckk,canon_key,fr,local/uckk/lang/fr/local_uckk.php,253
local_uckk,canon_kingklown_label,en,local/uckk/lang/en/local_uckk.php,332
local_uckk,canon_kingklown_role,en,local/uckk/lang/en/local_uckk.php,333
local_uckk,canon_kingklown_summary,en,local/uckk/lang/en/local_uckk.php,334
local_uckk,canon_koa_label,en,local/uckk/lang/en/local_uckk.php,320
local_uckk,canon_koa_role,en,local/uckk/lang/en/local_uckk.php,321
local_uckk,canon_koa_summary,en,local/uckk/lang/en/local_uckk.php,322
local_uckk,canon_notice_text,en,local/uckk/lang/en/local_uckk.php,308
local_uckk,canon_notice_title,en,local/uckk/lang/en/local_uckk.php,307
local_uckk,canon_relationships_intro,en,local/uckk/lang/en/local_uckk.php,310
local_uckk,canon_relationships_title,en,local/uckk/lang/en/local_uckk.php,309
local_uckk,canon_status,fr,local/uckk/lang/fr/local_uckk.php,256
local_uckk,canon_table_path,en,local/uckk/lang/en/local_uckk.php,316
local_uckk,canon_table_role,en,local/uckk/lang/en/local_uckk.php,317
local_uckk,canon_title,en,local/uckk/lang/en/local_uckk.php,305
local_uckk,canon_title,fr,local/uckk/lang/fr/local_uckk.php,254
local_uckk,canon_uckk_label,en,local/uckk/lang/en/local_uckk.php,324
local_uckk,canon_uckk_role,en,local/uckk/lang/en/local_uckk.php,325
local_uckk,canon_uckk_summary,en,local/uckk/lang/en/local_uckk.php,326
local_uckk,canon_view,fr,local/uckk/lang/fr/local_uckk.php,252
local_uckk,canonitem,fr,local/uckk/lang/fr/local_uckk.php,248
local_uckk,canonitems,fr,local/uckk/lang/fr/local_uckk.php,249
local_uckk,canonitemupdated,fr,local/uckk/lang/fr/local_uckk.php,257
local_uckk,challenge,en,local/uckk/lang/en/local_uckk.php,114
local_uckk,challenges,en,local/uckk/lang/en/local_uckk.php,113
local_uckk,choose,fr,local/uckk/lang/fr/local_uckk.php,341
local_uckk,closed,en,local/uckk/lang/en/local_uckk.php,54
local_uckk,collectivememory,en,local/uckk/lang/en/local_uckk.php,523
local_uckk,commoncore,en,local/uckk/lang/en/local_uckk.php,593
local_uckk,comp_apply_ethics,fr,local/uckk/lang/fr/local_uckk.php,332
local_uckk,comp_archive_learning,fr,local/uckk/lang/fr/local_uckk.php,331
local_uckk,comp_build_useful_artefact,fr,local/uckk/lang/fr/local_uckk.php,334
local_uckk,comp_contestability,fr,local/uckk/lang/fr/local_uckk.php,335
local_uckk,comp_detect_hidden_authority,fr,local/uckk/lang/fr/local_uckk.php,333
local_uckk,comp_distinguish_claims,fr,local/uckk/lang/fr/local_uckk.php,325
local_uckk,comp_document_decision,fr,local/uckk/lang/fr/local_uckk.php,330
local_uckk,comp_know_choose_act_remember,fr,local/uckk/lang/fr/local_uckk.php,336
local_uckk,comp_map_system,fr,local/uckk/lang/fr/local_uckk.php,324
local_uckk,comp_participate_assembly,fr,local/uckk/lang/fr/local_uckk.php,328
local_uckk,comp_produce_proof,fr,local/uckk/lang/fr/local_uckk.php,327
local_uckk,comp_read_game,fr,local/uckk/lang/fr/local_uckk.php,323
local_uckk,comp_responsible_mobilisation,fr,local/uckk/lang/fr/local_uckk.php,329
local_uckk,comp_use_ai_non_sovereign,fr,local/uckk/lang/fr/local_uckk.php,326
local_uckk,competencies,en,local/uckk/lang/en/local_uckk.php,111
local_uckk,competencies,fr,local/uckk/lang/fr/local_uckk.php,317
local_uckk,competency,en,local/uckk/lang/en/local_uckk.php,112
local_uckk,competency,fr,local/uckk/lang/fr/local_uckk.php,316
local_uckk,competencycount,en,local/uckk/lang/en/local_uckk.php,298
local_uckk,completedcount,en,local/uckk/lang/en/local_uckk.php,271
local_uckk,completionpercent,en,local/uckk/lang/en/local_uckk.php,270
local_uckk,component,fr,local/uckk/lang/fr/local_uckk.php,89
local_uckk,componentregistry,en,local/uckk/lang/en/local_uckk.php,30
local_uckk,contestation,en,local/uckk/lang/en/local_uckk.php,503
local_uckk,context,en,local/uckk/lang/en/local_uckk.php,85
local_uckk,context,fr,local/uckk/lang/fr/local_uckk.php,88
local_uckk,correctionrequired,en,local/uckk/lang/en/local_uckk.php,501
local_uckk,course,en,local/uckk/lang/en/local_uckk.php,296
local_uckk,course,fr,local/uckk/lang/fr/local_uckk.php,197
local_uckk,course_completed,fr,local/uckk/lang/fr/local_uckk.php,201
local_uckk,course_notcompleted,fr,local/uckk/lang/fr/local_uckk.php,202
local_uckk,course_required,fr,local/uckk/lang/fr/local_uckk.php,200
local_uckk,coursecode,fr,local/uckk/lang/fr/local_uckk.php,199
local_uckk,coursecount,en,local/uckk/lang/en/local_uckk.php,297
local_uckk,courses,en,local/uckk/lang/en/local_uckk.php,295
local_uckk,courses,fr,local/uckk/lang/fr/local_uckk.php,198
local_uckk,created,en,local/uckk/lang/en/local_uckk.php,39
local_uckk,createdby,en,local/uckk/lang/en/local_uckk.php,82
local_uckk,createdby,fr,local/uckk/lang/fr/local_uckk.php,86
local_uckk,createpathway,en,local/uckk/lang/en/local_uckk.php,244
local_uckk,createprogram,en,local/uckk/lang/en/local_uckk.php,207
local_uckk,cycle_koa,fr,local/uckk/lang/fr/local_uckk.php,339
local_uckk,date,fr,local/uckk/lang/fr/local_uckk.php,94
local_uckk,deactivate,en,local/uckk/lang/en/local_uckk.php,61
local_uckk,decision,en,local/uckk/lang/en/local_uckk.php,516
local_uckk,defaultvisibility,en,local/uckk/lang/en/local_uckk.php,415
local_uckk,defaultvisibility_desc,en,local/uckk/lang/en/local_uckk.php,416
local_uckk,defi,fr,local/uckk/lang/fr/local_uckk.php,352
local_uckk,defis,fr,local/uckk/lang/fr/local_uckk.php,353
local_uckk,delete,en,local/uckk/lang/en/local_uckk.php,58
local_uckk,deleted,en,local/uckk/lang/en/local_uckk.php,41
local_uckk,description,en,local/uckk/lang/en/local_uckk.php,78
local_uckk,description,fr,local/uckk/lang/fr/local_uckk.php,78
local_uckk,diagnostics,en,local/uckk/lang/en/local_uckk.php,583
local_uckk,diagnostics,fr,local/uckk/lang/fr/local_uckk.php,516
local_uckk,diagnostics_capabilities,fr,local/uckk/lang/fr/local_uckk.php,518
local_uckk,diagnostics_error,fr,local/uckk/lang/fr/local_uckk.php,524
local_uckk,diagnostics_events,fr,local/uckk/lang/fr/local_uckk.php,520
local_uckk,diagnostics_ok,fr,local/uckk/lang/fr/local_uckk.php,522
local_uckk,diagnostics_privacy,fr,local/uckk/lang/fr/local_uckk.php,521
local_uckk,diagnostics_services,fr,local/uckk/lang/fr/local_uckk.php,519
local_uckk,diagnostics_tables,fr,local/uckk/lang/fr/local_uckk.php,517
local_uckk,diagnostics_warning,fr,local/uckk/lang/fr/local_uckk.php,523
local_uckk,disabled,en,local/uckk/lang/en/local_uckk.php,38
local_uckk,displaytitle,fr,local/uckk/lang/fr/local_uckk.php,221
local_uckk,draft,en,local/uckk/lang/en/local_uckk.php,48
local_uckk,edit,en,local/uckk/lang/en/local_uckk.php,57
local_uckk,editpathway,en,local/uckk/lang/en/local_uckk.php,245
local_uckk,editprogram,en,local/uckk/lang/en/local_uckk.php,208
local_uckk,empty_canon,fr,local/uckk/lang/fr/local_uckk.php,513
local_uckk,empty_pathways,fr,local/uckk/lang/fr/local_uckk.php,509
local_uckk,empty_profiles,fr,local/uckk/lang/fr/local_uckk.php,510
local_uckk,empty_programs,fr,local/uckk/lang/fr/local_uckk.php,508
local_uckk,empty_provenance,fr,local/uckk/lang/fr/local_uckk.php,512
local_uckk,empty_reflections,fr,local/uckk/lang/fr/local_uckk.php,511
local_uckk,enablecanonpage,en,local/uckk/lang/en/local_uckk.php,409
local_uckk,enablecanonpage_desc,en,local/uckk/lang/en/local_uckk.php,410
local_uckk,enabled,en,local/uckk/lang/en/local_uckk.php,37
local_uckk,enablepathways,en,local/uckk/lang/en/local_uckk.php,411
local_uckk,enablepathways_desc,en,local/uckk/lang/en/local_uckk.php,412
local_uckk,enableprograms,en,local/uckk/lang/en/local_uckk.php,413
local_uckk,enableprograms_desc,en,local/uckk/lang/en/local_uckk.php,414
local_uckk,error_cannotassigninactivepathway,fr,local/uckk/lang/fr/local_uckk.php,483
local_uckk,error_cannotdeleteactive,fr,local/uckk/lang/fr/local_uckk.php,482
local_uckk,error_contextrequired,fr,local/uckk/lang/fr/local_uckk.php,480
local_uckk,error_invalidmetadata,fr,local/uckk/lang/fr/local_uckk.php,474
local_uckk,error_invalidpathwayid,fr,local/uckk/lang/fr/local_uckk.php,469
local_uckk,error_invalidprogramid,fr,local/uckk/lang/fr/local_uckk.php,468
local_uckk,error_invalidreflectiontype,fr,local/uckk/lang/fr/local_uckk.php,473
local_uckk,error_invalidstatus,fr,local/uckk/lang/fr/local_uckk.php,471
local_uckk,error_invaliduserid,fr,local/uckk/lang/fr/local_uckk.php,470
local_uckk,error_invalidvisibility,fr,local/uckk/lang/fr/local_uckk.php,472
local_uckk,error_missingpathwayfullname,fr,local/uckk/lang/fr/local_uckk.php,477
local_uckk,error_missingpathwayshortname,fr,local/uckk/lang/fr/local_uckk.php,476
local_uckk,error_missingprogramid,fr,local/uckk/lang/fr/local_uckk.php,475
local_uckk,error_missingreflectionbody,fr,local/uckk/lang/fr/local_uckk.php,478
local_uckk,error_pathwaynotfound,fr,local/uckk/lang/fr/local_uckk.php,484
local_uckk,error_permissiondenied,fr,local/uckk/lang/fr/local_uckk.php,479
local_uckk,error_profilenotfound,fr,local/uckk/lang/fr/local_uckk.php,486
local_uckk,error_programnotfound,fr,local/uckk/lang/fr/local_uckk.php,485
local_uckk,error_tablenotready,fr,local/uckk/lang/fr/local_uckk.php,481
local_uckk,event_canon_item_updated,en,local/uckk/lang/en/local_uckk.php,575
local_uckk,event_canon_item_updated,fr,local/uckk/lang/fr/local_uckk.php,437
local_uckk,event_pathway_assigned,fr,local/uckk/lang/fr/local_uckk.php,433
local_uckk,event_pathway_completed,en,local/uckk/lang/en/local_uckk.php,573
local_uckk,event_pathway_completed,fr,local/uckk/lang/fr/local_uckk.php,432
local_uckk,event_pathway_created,en,local/uckk/lang/en/local_uckk.php,571
local_uckk,event_pathway_created,fr,local/uckk/lang/fr/local_uckk.php,430
local_uckk,event_pathway_status_changed,fr,local/uckk/lang/fr/local_uckk.php,435
local_uckk,event_pathway_unassigned,fr,local/uckk/lang/fr/local_uckk.php,434
local_uckk,event_pathway_updated,en,local/uckk/lang/en/local_uckk.php,572
local_uckk,event_pathway_updated,fr,local/uckk/lang/fr/local_uckk.php,431
local_uckk,event_player_profile_updated,en,local/uckk/lang/en/local_uckk.php,574
local_uckk,event_player_profile_updated,fr,local/uckk/lang/fr/local_uckk.php,436
local_uckk,event_program_created,en,local/uckk/lang/en/local_uckk.php,568
local_uckk,event_program_deleted,en,local/uckk/lang/en/local_uckk.php,570
local_uckk,event_program_updated,en,local/uckk/lang/en/local_uckk.php,569
local_uckk,event_provenance_recorded,fr,local/uckk/lang/fr/local_uckk.php,439
local_uckk,event_reflection_submitted,en,local/uckk/lang/en/local_uckk.php,576
local_uckk,event_reflection_submitted,fr,local/uckk/lang/fr/local_uckk.php,438
local_uckk,experimentalstructure,fr,local/uckk/lang/fr/local_uckk.php,32
local_uckk,export,en,local/uckk/lang/en/local_uckk.php,62
local_uckk,exportpresets,en,local/uckk/lang/en/local_uckk.php,589
local_uckk,external_get_pathway_status,en,local/uckk/lang/en/local_uckk.php,426
local_uckk,external_get_player_dashboard,en,local/uckk/lang/en/local_uckk.php,424
local_uckk,external_get_programs,en,local/uckk/lang/en/local_uckk.php,425
local_uckk,external_submit_reflection,en,local/uckk/lang/en/local_uckk.php,427
local_uckk,filter,en,local/uckk/lang/en/local_uckk.php,67
local_uckk,formula_ai,en,local/uckk/lang/en/local_uckk.php,122
local_uckk,formula_cycle,en,local/uckk/lang/en/local_uckk.php,121
local_uckk,formula_governance,en,local/uckk/lang/en/local_uckk.php,119
local_uckk,formula_integrity,en,local/uckk/lang/en/local_uckk.php,124
local_uckk,formula_publictheatre,en,local/uckk/lang/en/local_uckk.php,123
local_uckk,formula_relationship,en,local/uckk/lang/en/local_uckk.php,120
local_uckk,fullname,en,local/uckk/lang/en/local_uckk.php,76
local_uckk,fullname,fr,local/uckk/lang/fr/local_uckk.php,77
local_uckk,grandgame,en,local/uckk/lang/en/local_uckk.php,115
local_uckk,grandgamesocial,en,local/uckk/lang/en/local_uckk.php,116
local_uckk,grandjeu,fr,local/uckk/lang/fr/local_uckk.php,344
local_uckk,grandjeusocial,fr,local/uckk/lang/fr/local_uckk.php,345
local_uckk,hasopenintegrity,en,local/uckk/lang/en/local_uckk.php,497
local_uckk,hidden,en,local/uckk/lang/en/local_uckk.php,49
local_uckk,idnumber,en,local/uckk/lang/en/local_uckk.php,77
local_uckk,import,en,local/uckk/lang/en/local_uckk.php,63
local_uckk,importpresets,en,local/uckk/lang/en/local_uckk.php,588
local_uckk,inactive,en,local/uckk/lang/en/local_uckk.php,47
local_uckk,inquisiteur,en,local/uckk/lang/en/local_uckk.php,92
local_uckk,inquisiteur,fr,local/uckk/lang/fr/local_uckk.php,354
local_uckk,inquisiteur_guardrail,en,local/uckk/lang/en/local_uckk.php,499
local_uckk,inquisiteur_motto,en,local/uckk/lang/en/local_uckk.php,500
local_uckk,inquisitor,en,local/uckk/lang/en/local_uckk.php,93
local_uckk,integrity,en,local/uckk/lang/en/local_uckk.php,492
local_uckk,integritycase,en,local/uckk/lang/en/local_uckk.php,493
local_uckk,integritycases,en,local/uckk/lang/en/local_uckk.php,494
local_uckk,integrityflags,fr,local/uckk/lang/fr/local_uckk.php,225
local_uckk,integrityopencount,en,local/uckk/lang/en/local_uckk.php,498
local_uckk,integrityreview,en,local/uckk/lang/en/local_uckk.php,495
local_uckk,integritysummary,en,local/uckk/lang/en/local_uckk.php,496
local_uckk,internalrecognition,en,local/uckk/lang/en/local_uckk.php,445
local_uckk,internalrecognition,fr,local/uckk/lang/fr/local_uckk.php,31
local_uckk,internalrecognition_desc,en,local/uckk/lang/en/local_uckk.php,446
local_uckk,internalrecognitionnotice_text,en,local/uckk/lang/en/local_uckk.php,243
local_uckk,internalrecognitionnotice_title,en,local/uckk/lang/en/local_uckk.php,242
local_uckk,invalidated,en,local/uckk/lang/en/local_uckk.php,44
local_uckk,invalidpathwaystatus,en,local/uckk/lang/en/local_uckk.php,438
local_uckk,invalidpathwaytype,en,local/uckk/lang/en/local_uckk.php,437
local_uckk,invalidpathwayvisibility,en,local/uckk/lang/en/local_uckk.php,439
local_uckk,invalidprogramstatus,en,local/uckk/lang/en/local_uckk.php,435
local_uckk,invalidprogramtype,en,local/uckk/lang/en/local_uckk.php,434
local_uckk,invalidprogramvisibility,en,local/uckk/lang/en/local_uckk.php,436
local_uckk,invalidstatus,en,local/uckk/lang/en/local_uckk.php,441
local_uckk,invalidvisibility,en,local/uckk/lang/en/local_uckk.php,440
local_uckk,itemid,fr,local/uckk/lang/fr/local_uckk.php,91
local_uckk,itemtype,fr,local/uckk/lang/fr/local_uckk.php,90
local_uckk,joueurlucide,fr,local/uckk/lang/fr/local_uckk.php,229
local_uckk,kingklown,en,local/uckk/lang/en/local_uckk.php,91
local_uckk,kingklown,fr,local/uckk/lang/fr/local_uckk.php,360
local_uckk,kingklownuniverscity,en,local/uckk/lang/en/local_uckk.php,29
local_uckk,know,fr,local/uckk/lang/fr/local_uckk.php,340
local_uckk,koa,en,local/uckk/lang/en/local_uckk.php,88
local_uckk,koa,fr,local/uckk/lang/fr/local_uckk.php,358
local_uckk,koadigitalecosystem,en,local/uckk/lang/en/local_uckk.php,90
local_uckk,koadigitalecosystem,fr,local/uckk/lang/fr/local_uckk.php,359
local_uckk,koamovement,en,local/uckk/lang/en/local_uckk.php,89
local_uckk,kristal,en,local/uckk/lang/en/local_uckk.php,106
local_uckk,kristal,fr,local/uckk/lang/fr/local_uckk.php,356
local_uckk,kristals,en,local/uckk/lang/en/local_uckk.php,105
local_uckk,kristals,fr,local/uckk/lang/fr/local_uckk.php,357
local_uckk,lastcalculated,en,local/uckk/lang/en/local_uckk.php,275
local_uckk,local_uckk:exportdata,en,local/uckk/lang/en/local_uckk.php,133
local_uckk,local_uckk:managecanon,en,local/uckk/lang/en/local_uckk.php,131
local_uckk,local_uckk:manageintegrations,en,local/uckk/lang/en/local_uckk.php,135
local_uckk,local_uckk:managepathways,en,local/uckk/lang/en/local_uckk.php,129
local_uckk,local_uckk:manageprofiles,en,local/uckk/lang/en/local_uckk.php,130
local_uckk,local_uckk:manageprograms,en,local/uckk/lang/en/local_uckk.php,128
local_uckk,local_uckk:viewcampus,en,local/uckk/lang/en/local_uckk.php,127
local_uckk,local_uckk:viewreports,en,local/uckk/lang/en/local_uckk.php,132
local_uckk,local_uckk:viewrestricted,en,local/uckk/lang/en/local_uckk.php,134
local_uckk,lucidplayer,en,local/uckk/lang/en/local_uckk.php,102
local_uckk,manifest,en,local/uckk/lang/en/local_uckk.php,585
local_uckk,metadata,en,local/uckk/lang/en/local_uckk.php,84
local_uckk,metadata,fr,local/uckk/lang/fr/local_uckk.php,83
local_uckk,minutes,en,local/uckk/lang/en/local_uckk.php,517
local_uckk,missingpathwayapi,en,local/uckk/lang/en/local_uckk.php,257
local_uckk,missingpathwaymethod,en,local/uckk/lang/en/local_uckk.php,258
local_uckk,missingprogramapi,en,local/uckk/lang/en/local_uckk.php,432
local_uckk,missingprogrammethod,en,local/uckk/lang/en/local_uckk.php,433
local_uckk,modifiedby,en,local/uckk/lang/en/local_uckk.php,83
local_uckk,modifiedby,fr,local/uckk/lang/fr/local_uckk.php,87
local_uckk,motion,en,local/uckk/lang/en/local_uckk.php,512
local_uckk,name,en,local/uckk/lang/en/local_uckk.php,74
local_uckk,name,fr,local/uckk/lang/fr/local_uckk.php,75
local_uckk,nav_administration,fr,local/uckk/lang/fr/local_uckk.php,45
local_uckk,nav_archives,en,local/uckk/lang/en/local_uckk.php,145
local_uckk,nav_archives,fr,local/uckk/lang/fr/local_uckk.php,47
local_uckk,nav_assemblies,fr,local/uckk/lang/fr/local_uckk.php,48
local_uckk,nav_campus,en,local/uckk/lang/en/local_uckk.php,138
local_uckk,nav_campus,fr,local/uckk/lang/fr/local_uckk.php,35
local_uckk,nav_canon,en,local/uckk/lang/en/local_uckk.php,139
local_uckk,nav_canon,fr,local/uckk/lang/fr/local_uckk.php,40
local_uckk,nav_challenges,fr,local/uckk/lang/fr/local_uckk.php,49
local_uckk,nav_dashboard,en,local/uckk/lang/en/local_uckk.php,143
local_uckk,nav_dashboard,fr,local/uckk/lang/fr/local_uckk.php,36
local_uckk,nav_integrity,en,local/uckk/lang/en/local_uckk.php,146
local_uckk,nav_integrity,fr,local/uckk/lang/fr/local_uckk.php,46
local_uckk,nav_pathways,en,local/uckk/lang/en/local_uckk.php,141
local_uckk,nav_pathways,fr,local/uckk/lang/fr/local_uckk.php,38
local_uckk,nav_profiles,en,local/uckk/lang/en/local_uckk.php,142
local_uckk,nav_profiles,fr,local/uckk/lang/fr/local_uckk.php,39
local_uckk,nav_programs,en,local/uckk/lang/en/local_uckk.php,140
local_uckk,nav_programs,fr,local/uckk/lang/fr/local_uckk.php,37
local_uckk,nav_provenance,fr,local/uckk/lang/fr/local_uckk.php,41
local_uckk,nav_reflections,fr,local/uckk/lang/fr/local_uckk.php,42
local_uckk,nav_reports,en,local/uckk/lang/en/local_uckk.php,144
local_uckk,nav_reports,fr,local/uckk/lang/fr/local_uckk.php,43
local_uckk,nav_seed,en,local/uckk/lang/en/local_uckk.php,147
local_uckk,nav_settings,en,local/uckk/lang/en/local_uckk.php,148
local_uckk,nav_settings,fr,local/uckk/lang/fr/local_uckk.php,44
local_uckk,no,en,local/uckk/lang/en/local_uckk.php,35
local_uckk,none,en,local/uckk/lang/en/local_uckk.php,36
local_uckk,none,fr,local/uckk/lang/fr/local_uckk.php,97
local_uckk,nopathwaysfound,en,local/uckk/lang/en/local_uckk.php,251
local_uckk,noprogramsfound,en,local/uckk/lang/en/local_uckk.php,213
local_uckk,norequirements,en,local/uckk/lang/en/local_uckk.php,263
local_uckk,notauthorised,en,local/uckk/lang/en/local_uckk.php,442
local_uckk,notavailable,fr,local/uckk/lang/fr/local_uckk.php,99
local_uckk,objection,en,local/uckk/lang/en/local_uckk.php,514
local_uckk,open,en,local/uckk/lang/en/local_uckk.php,53
local_uckk,owner,fr,local/uckk/lang/fr/local_uckk.php,95
local_uckk,pathway,en,local/uckk/lang/en/local_uckk.php,237
local_uckk,pathway,fr,local/uckk/lang/fr/local_uckk.php,169
local_uckk,pathway_archive,fr,local/uckk/lang/fr/local_uckk.php,174
local_uckk,pathway_assign,fr,local/uckk/lang/fr/local_uckk.php,175
local_uckk,pathway_completed,fr,local/uckk/lang/fr/local_uckk.php,184
local_uckk,pathway_create,fr,local/uckk/lang/fr/local_uckk.php,171
local_uckk,pathway_delete,fr,local/uckk/lang/fr/local_uckk.php,173
local_uckk,pathway_edit,fr,local/uckk/lang/fr/local_uckk.php,172
local_uckk,pathway_internal_notice,en,local/uckk/lang/en/local_uckk.php,240
local_uckk,pathway_notcompleted,fr,local/uckk/lang/fr/local_uckk.php,185
local_uckk,pathway_notfound,fr,local/uckk/lang/fr/local_uckk.php,186
local_uckk,pathway_program,fr,local/uckk/lang/fr/local_uckk.php,178
local_uckk,pathway_progress,fr,local/uckk/lang/fr/local_uckk.php,183
local_uckk,pathway_requiredbadges,fr,local/uckk/lang/fr/local_uckk.php,181
local_uckk,pathway_requiredcompetencies,fr,local/uckk/lang/fr/local_uckk.php,182
local_uckk,pathway_requiredcourses,fr,local/uckk/lang/fr/local_uckk.php,180
local_uckk,pathway_requirements,fr,local/uckk/lang/fr/local_uckk.php,179
local_uckk,pathway_status,en,local/uckk/lang/en/local_uckk.php,260
local_uckk,pathway_status,fr,local/uckk/lang/fr/local_uckk.php,177
local_uckk,pathway_unassign,fr,local/uckk/lang/fr/local_uckk.php,176
local_uckk,pathwayactivated,en,local/uckk/lang/en/local_uckk.php,250
local_uckk,pathwayarchived,en,local/uckk/lang/en/local_uckk.php,249
local_uckk,pathwayarchived,fr,local/uckk/lang/fr/local_uckk.php,194
local_uckk,pathwayassigned,fr,local/uckk/lang/fr/local_uckk.php,189
local_uckk,pathwaycreated,en,local/uckk/lang/en/local_uckk.php,247
local_uckk,pathwaycreated,fr,local/uckk/lang/fr/local_uckk.php,191
local_uckk,pathwaycreateformmissing,en,local/uckk/lang/en/local_uckk.php,253
local_uckk,pathwaydeleted,fr,local/uckk/lang/fr/local_uckk.php,193
local_uckk,pathwayeditformmissing,en,local/uckk/lang/en/local_uckk.php,254
local_uckk,pathwayidnumberexists,en,local/uckk/lang/en/local_uckk.php,256
local_uckk,pathwayinternalnotice,en,local/uckk/lang/en/local_uckk.php,241
local_uckk,pathwaynotfound,en,local/uckk/lang/en/local_uckk.php,259
local_uckk,pathwayprogress,en,local/uckk/lang/en/local_uckk.php,261
local_uckk,pathwayprogressbatchsize,en,local/uckk/lang/en/local_uckk.php,407
local_uckk,pathwayprogressbatchsize_desc,en,local/uckk/lang/en/local_uckk.php,408
local_uckk,pathways,en,local/uckk/lang/en/local_uckk.php,238
local_uckk,pathways,fr,local/uckk/lang/fr/local_uckk.php,170
local_uckk,pathways_intro,en,local/uckk/lang/en/local_uckk.php,239
local_uckk,pathwayshortnameexists,en,local/uckk/lang/en/local_uckk.php,255
local_uckk,pathwayshortnameexists,fr,local/uckk/lang/fr/local_uckk.php,187
local_uckk,pathwaytype,en,local/uckk/lang/en/local_uckk.php,278
local_uckk,pathwaytype_baccalaureat,en,local/uckk/lang/en/local_uckk.php,280
local_uckk,pathwaytype_laboratoire,en,local/uckk/lang/en/local_uckk.php,283
local_uckk,pathwaytype_mineure,en,local/uckk/lang/en/local_uckk.php,281
local_uckk,pathwaytype_seminaire,en,local/uckk/lang/en/local_uckk.php,282
local_uckk,pathwaytype_tronc_commun,en,local/uckk/lang/en/local_uckk.php,279
local_uckk,pathwayunassigned,fr,local/uckk/lang/fr/local_uckk.php,190
local_uckk,pathwayupdated,en,local/uckk/lang/en/local_uckk.php,248
local_uckk,pathwayupdated,fr,local/uckk/lang/fr/local_uckk.php,192
local_uckk,pending,en,local/uckk/lang/en/local_uckk.php,55
local_uckk,pendingcount,en,local/uckk/lang/en/local_uckk.php,272
local_uckk,perpage,en,local/uckk/lang/en/local_uckk.php,294
local_uckk,player,en,local/uckk/lang/en/local_uckk.php,101
local_uckk,player,fr,local/uckk/lang/fr/local_uckk.php,214
local_uckk,playerprofile,en,local/uckk/lang/en/local_uckk.php,449
local_uckk,playerprofile,fr,local/uckk/lang/fr/local_uckk.php,216
local_uckk,playerprofile_create,fr,local/uckk/lang/fr/local_uckk.php,218
local_uckk,playerprofile_edit,fr,local/uckk/lang/fr/local_uckk.php,219
local_uckk,playerprofile_view,fr,local/uckk/lang/fr/local_uckk.php,220
local_uckk,playerprofiles,en,local/uckk/lang/en/local_uckk.php,450
local_uckk,playerprofiles,fr,local/uckk/lang/fr/local_uckk.php,217
local_uckk,players,en,local/uckk/lang/en/local_uckk.php,100
local_uckk,players,fr,local/uckk/lang/fr/local_uckk.php,215
local_uckk,pluginname,en,local/uckk/lang/en/local_uckk.php,23
local_uckk,pluginname,fr,local/uckk/lang/fr/local_uckk.php,23
local_uckk,portfolio,en,local/uckk/lang/en/local_uckk.php,107
local_uckk,portfolio,fr,local/uckk/lang/fr/local_uckk.php,304
local_uckk,portfolio_addreflection,fr,local/uckk/lang/fr/local_uckk.php,308
local_uckk,portfolio_ai_journal,fr,local/uckk/lang/fr/local_uckk.php,310
local_uckk,portfolio_assembly_record,fr,local/uckk/lang/fr/local_uckk.php,311
local_uckk,portfolio_centralproof,fr,local/uckk/lang/fr/local_uckk.php,306
local_uckk,portfolio_challenge_proposal,fr,local/uckk/lang/fr/local_uckk.php,312
local_uckk,portfolio_corrected_work,fr,local/uckk/lang/fr/local_uckk.php,313
local_uckk,portfolio_evidence,fr,local/uckk/lang/fr/local_uckk.php,309
local_uckk,portfolio_items,fr,local/uckk/lang/fr/local_uckk.php,307
local_uckk,portfolio_joueurlucide,fr,local/uckk/lang/fr/local_uckk.php,305
local_uckk,portfolioarchive,fr,local/uckk/lang/fr/local_uckk.php,224
local_uckk,portfolioitemcount,en,local/uckk/lang/en/local_uckk.php,301
local_uckk,portfolios,en,local/uckk/lang/en/local_uckk.php,108
local_uckk,preset,en,local/uckk/lang/en/local_uckk.php,586
local_uckk,presets,en,local/uckk/lang/en/local_uckk.php,587
local_uckk,preuve,fr,local/uckk/lang/fr/local_uckk.php,346
local_uckk,preuves,fr,local/uckk/lang/fr/local_uckk.php,347
local_uckk,privacy:metadata,en,local/uckk/lang/en/local_uckk.php,528
local_uckk,privacy:metadata,fr,local/uckk/lang/fr/local_uckk.php,442
local_uckk,privacy:metadata:body,fr,local/uckk/lang/fr/local_uckk.php,455
local_uckk,privacy:metadata:courseid,fr,local/uckk/lang/fr/local_uckk.php,451
local_uckk,privacy:metadata:local_uckk_canon,fr,local/uckk/lang/fr/local_uckk.php,447
local_uckk,privacy:metadata:local_uckk_pathway,en,local/uckk/lang/en/local_uckk.php,537
local_uckk,privacy:metadata:local_uckk_pathway,fr,local/uckk/lang/fr/local_uckk.php,444
local_uckk,privacy:metadata:local_uckk_pathway:description,en,local/uckk/lang/en/local_uckk.php,541
local_uckk,privacy:metadata:local_uckk_pathway:fullname,en,local/uckk/lang/en/local_uckk.php,540
local_uckk,privacy:metadata:local_uckk_pathway:programid,en,local/uckk/lang/en/local_uckk.php,538
local_uckk,privacy:metadata:local_uckk_pathway:requiredarchives,en,local/uckk/lang/en/local_uckk.php,546
local_uckk,privacy:metadata:local_uckk_pathway:requiredbadges,en,local/uckk/lang/en/local_uckk.php,544
local_uckk,privacy:metadata:local_uckk_pathway:requiredcompetencies,en,local/uckk/lang/en/local_uckk.php,543
local_uckk,privacy:metadata:local_uckk_pathway:requiredcourses,en,local/uckk/lang/en/local_uckk.php,542
local_uckk,privacy:metadata:local_uckk_pathway:requiredportfolioitems,en,local/uckk/lang/en/local_uckk.php,545
local_uckk,privacy:metadata:local_uckk_pathway:shortname,en,local/uckk/lang/en/local_uckk.php,539
local_uckk,privacy:metadata:local_uckk_pathway_stat,en,local/uckk/lang/en/local_uckk.php,554
local_uckk,privacy:metadata:local_uckk_pathway_stat:completionpercent,en,local/uckk/lang/en/local_uckk.php,558
local_uckk,privacy:metadata:local_uckk_pathway_stat:lastcalculated,en,local/uckk/lang/en/local_uckk.php,559
local_uckk,privacy:metadata:local_uckk_pathway_stat:pathwayid,en,local/uckk/lang/en/local_uckk.php,556
local_uckk,privacy:metadata:local_uckk_pathway_stat:progressstatus,en,local/uckk/lang/en/local_uckk.php,557
local_uckk,privacy:metadata:local_uckk_pathway_stat:userid,en,local/uckk/lang/en/local_uckk.php,555
local_uckk,privacy:metadata:local_uckk_player,en,local/uckk/lang/en/local_uckk.php,548
local_uckk,privacy:metadata:local_uckk_player,fr,local/uckk/lang/fr/local_uckk.php,445
local_uckk,privacy:metadata:local_uckk_player:activepathwayids,en,local/uckk/lang/en/local_uckk.php,552
local_uckk,privacy:metadata:local_uckk_player:status,en,local/uckk/lang/en/local_uckk.php,550
local_uckk,privacy:metadata:local_uckk_player:symbolicrole,en,local/uckk/lang/en/local_uckk.php,551
local_uckk,privacy:metadata:local_uckk_player:userid,en,local/uckk/lang/en/local_uckk.php,549
local_uckk,privacy:metadata:local_uckk_program,en,local/uckk/lang/en/local_uckk.php,529
local_uckk,privacy:metadata:local_uckk_program,fr,local/uckk/lang/fr/local_uckk.php,443
local_uckk,privacy:metadata:local_uckk_program:createdby,en,local/uckk/lang/en/local_uckk.php,534
local_uckk,privacy:metadata:local_uckk_program:fullname,en,local/uckk/lang/en/local_uckk.php,532
local_uckk,privacy:metadata:local_uckk_program:idnumber,en,local/uckk/lang/en/local_uckk.php,531
local_uckk,privacy:metadata:local_uckk_program:modifiedby,en,local/uckk/lang/en/local_uckk.php,535
local_uckk,privacy:metadata:local_uckk_program:shortname,en,local/uckk/lang/en/local_uckk.php,530
local_uckk,privacy:metadata:local_uckk_program:summary,en,local/uckk/lang/en/local_uckk.php,533
local_uckk,privacy:metadata:local_uckk_prov,fr,local/uckk/lang/fr/local_uckk.php,448
local_uckk,privacy:metadata:local_uckk_reflect,en,local/uckk/lang/en/local_uckk.php,561
local_uckk,privacy:metadata:local_uckk_reflect,fr,local/uckk/lang/fr/local_uckk.php,449
local_uckk,privacy:metadata:local_uckk_reflect:content,en,local/uckk/lang/en/local_uckk.php,564
local_uckk,privacy:metadata:local_uckk_reflect:contextid,en,local/uckk/lang/en/local_uckk.php,563
local_uckk,privacy:metadata:local_uckk_reflect:provenance,en,local/uckk/lang/en/local_uckk.php,565
local_uckk,privacy:metadata:local_uckk_reflect:userid,en,local/uckk/lang/en/local_uckk.php,562
local_uckk,privacy:metadata:local_uckk_role,fr,local/uckk/lang/fr/local_uckk.php,446
local_uckk,privacy:metadata:metadata,fr,local/uckk/lang/fr/local_uckk.php,458
local_uckk,privacy:metadata:pathwayid,fr,local/uckk/lang/fr/local_uckk.php,452
local_uckk,privacy:metadata:profileid,fr,local/uckk/lang/fr/local_uckk.php,453
local_uckk,privacy:metadata:status,fr,local/uckk/lang/fr/local_uckk.php,457
local_uckk,privacy:metadata:timecreated,fr,local/uckk/lang/fr/local_uckk.php,459
local_uckk,privacy:metadata:timemodified,fr,local/uckk/lang/fr/local_uckk.php,460
local_uckk,privacy:metadata:title,fr,local/uckk/lang/fr/local_uckk.php,454
local_uckk,privacy:metadata:userid,fr,local/uckk/lang/fr/local_uckk.php,450
local_uckk,privacy:metadata:visibility,fr,local/uckk/lang/fr/local_uckk.php,456
local_uckk,privacy:path:pathways,fr,local/uckk/lang/fr/local_uckk.php,463
local_uckk,privacy:path:profile,fr,local/uckk/lang/fr/local_uckk.php,462
local_uckk,privacy:path:provenance,fr,local/uckk/lang/fr/local_uckk.php,465
local_uckk,privacy:path:reflections,fr,local/uckk/lang/fr/local_uckk.php,464
local_uckk,privacy:path:uckk,fr,local/uckk/lang/fr/local_uckk.php,461
local_uckk,private,en,local/uckk/lang/en/local_uckk.php,51
local_uckk,profilenotfound,fr,local/uckk/lang/fr/local_uckk.php,228
local_uckk,profileupdated,fr,local/uckk/lang/fr/local_uckk.php,227
local_uckk,profilevisibility,fr,local/uckk/lang/fr/local_uckk.php,226
local_uckk,program,en,local/uckk/lang/en/local_uckk.php,200
local_uckk,program,fr,local/uckk/lang/fr/local_uckk.php,133
local_uckk,program_ai,en,local/uckk/lang/en/local_uckk.php,223
local_uckk,program_archive,fr,local/uckk/lang/fr/local_uckk.php,138
local_uckk,program_category,fr,local/uckk/lang/fr/local_uckk.php,142
local_uckk,program_create,fr,local/uckk/lang/fr/local_uckk.php,135
local_uckk,program_delete,fr,local/uckk/lang/fr/local_uckk.php,137
local_uckk,program_ecologie,fr,local/uckk/lang/fr/local_uckk.php,160
local_uckk,program_ecology,en,local/uckk/lang/en/local_uckk.php,221
local_uckk,program_economie,fr,local/uckk/lang/fr/local_uckk.php,159
local_uckk,program_economy,en,local/uckk/lang/en/local_uckk.php,220
local_uckk,program_edit,fr,local/uckk/lang/fr/local_uckk.php,136
local_uckk,program_fullname,fr,local/uckk/lang/fr/local_uckk.php,140
local_uckk,program_grand_jeu_social,en,local/uckk/lang/en/local_uckk.php,216
local_uckk,program_grand_jeu_social,fr,local/uckk/lang/fr/local_uckk.php,155
local_uckk,program_ia_gouvernable,fr,local/uckk/lang/fr/local_uckk.php,162
local_uckk,program_internal_notice,en,local/uckk/lang/en/local_uckk.php,203
local_uckk,program_intervention_sociale,fr,local/uckk/lang/fr/local_uckk.php,164
local_uckk,program_koa_digital,en,local/uckk/lang/en/local_uckk.php,217
local_uckk,program_koa_digital,fr,local/uckk/lang/fr/local_uckk.php,156
local_uckk,program_laboratoires,fr,local/uckk/lang/fr/local_uckk.php,166
local_uckk,program_labs,en,local/uckk/lang/en/local_uckk.php,227
local_uckk,program_linguistics,en,local/uckk/lang/en/local_uckk.php,224
local_uckk,program_linguistique,fr,local/uckk/lang/fr/local_uckk.php,163
local_uckk,program_livingmedia,en,local/uckk/lang/en/local_uckk.php,226
local_uckk,program_medias_vivants,fr,local/uckk/lang/fr/local_uckk.php,165
local_uckk,program_metaphysics,en,local/uckk/lang/en/local_uckk.php,222
local_uckk,program_metaphysique,fr,local/uckk/lang/fr/local_uckk.php,161
local_uckk,program_notfound,fr,local/uckk/lang/fr/local_uckk.php,144
local_uckk,program_politics,en,local/uckk/lang/en/local_uckk.php,219
local_uckk,program_sciences_politiques,fr,local/uckk/lang/fr/local_uckk.php,158
local_uckk,program_shortname,fr,local/uckk/lang/fr/local_uckk.php,139
local_uckk,program_socialintervention,en,local/uckk/lang/en/local_uckk.php,225
local_uckk,program_sociotech,en,local/uckk/lang/en/local_uckk.php,218
local_uckk,program_sociotechnique,fr,local/uckk/lang/fr/local_uckk.php,157
local_uckk,program_status,fr,local/uckk/lang/fr/local_uckk.php,143
local_uckk,program_tronccommun,en,local/uckk/lang/en/local_uckk.php,215
local_uckk,program_tronccommun,fr,local/uckk/lang/fr/local_uckk.php,154
local_uckk,program_type,fr,local/uckk/lang/fr/local_uckk.php,141
local_uckk,programarchived,en,local/uckk/lang/en/local_uckk.php,212
local_uckk,programcreated,en,local/uckk/lang/en/local_uckk.php,210
local_uckk,programidnumberexists,en,local/uckk/lang/en/local_uckk.php,205
local_uckk,programs,en,local/uckk/lang/en/local_uckk.php,201
local_uckk,programs,fr,local/uckk/lang/fr/local_uckk.php,134
local_uckk,programshortnameexists,en,local/uckk/lang/en/local_uckk.php,204
local_uckk,programshortnameexists,fr,local/uckk/lang/fr/local_uckk.php,145
local_uckk,programtype,en,local/uckk/lang/en/local_uckk.php,202
local_uckk,programtype_baccalaureat,en,local/uckk/lang/en/local_uckk.php,231
local_uckk,programtype_baccalaureat,fr,local/uckk/lang/fr/local_uckk.php,148
local_uckk,programtype_lab,fr,local/uckk/lang/fr/local_uckk.php,150
local_uckk,programtype_laboratoire,en,local/uckk/lang/en/local_uckk.php,234
local_uckk,programtype_mineure,en,local/uckk/lang/en/local_uckk.php,232
local_uckk,programtype_mineure,fr,local/uckk/lang/fr/local_uckk.php,149
local_uckk,programtype_seminaire,en,local/uckk/lang/en/local_uckk.php,233
local_uckk,programtype_seminar,fr,local/uckk/lang/fr/local_uckk.php,151
local_uckk,programtype_transversal,fr,local/uckk/lang/fr/local_uckk.php,152
local_uckk,programtype_tronc_commun,en,local/uckk/lang/en/local_uckk.php,230
local_uckk,programtype_tronccommun,fr,local/uckk/lang/fr/local_uckk.php,147
local_uckk,programupdated,en,local/uckk/lang/en/local_uckk.php,211
local_uckk,proof,en,local/uckk/lang/en/local_uckk.php,104
local_uckk,proofs,en,local/uckk/lang/en/local_uckk.php,103
local_uckk,provenance,en,local/uckk/lang/en/local_uckk.php,464
local_uckk,provenance,fr,local/uckk/lang/fr/local_uckk.php,260
local_uckk,provenance_action,fr,local/uckk/lang/fr/local_uckk.php,263
local_uckk,provenance_ai_assisted,en,local/uckk/lang/en/local_uckk.php,466
local_uckk,provenance_ai_assisted,fr,local/uckk/lang/fr/local_uckk.php,271
local_uckk,provenance_archive,en,local/uckk/lang/en/local_uckk.php,469
local_uckk,provenance_archive,fr,local/uckk/lang/fr/local_uckk.php,274
local_uckk,provenance_assembly,en,local/uckk/lang/en/local_uckk.php,470
local_uckk,provenance_assembly,fr,local/uckk/lang/fr/local_uckk.php,275
local_uckk,provenance_challenge,en,local/uckk/lang/en/local_uckk.php,471
local_uckk,provenance_challenge,fr,local/uckk/lang/fr/local_uckk.php,276
local_uckk,provenance_hash,fr,local/uckk/lang/fr/local_uckk.php,264
local_uckk,provenance_human,en,local/uckk/lang/en/local_uckk.php,465
local_uckk,provenance_human,fr,local/uckk/lang/fr/local_uckk.php,270
local_uckk,provenance_imported,en,local/uckk/lang/en/local_uckk.php,467
local_uckk,provenance_imported,fr,local/uckk/lang/fr/local_uckk.php,272
local_uckk,provenance_integrity,en,local/uckk/lang/en/local_uckk.php,472
local_uckk,provenance_integrity,fr,local/uckk/lang/fr/local_uckk.php,277
local_uckk,provenance_recorded,fr,local/uckk/lang/fr/local_uckk.php,269
local_uckk,provenance_sourcecomponent,fr,local/uckk/lang/fr/local_uckk.php,266
local_uckk,provenance_sourceid,fr,local/uckk/lang/fr/local_uckk.php,267
local_uckk,provenance_sourcetext,fr,local/uckk/lang/fr/local_uckk.php,268
local_uckk,provenance_state,fr,local/uckk/lang/fr/local_uckk.php,265
local_uckk,provenance_system,en,local/uckk/lang/en/local_uckk.php,468
local_uckk,provenance_system,fr,local/uckk/lang/fr/local_uckk.php,273
local_uckk,provenancerecord,en,local/uckk/lang/en/local_uckk.php,524
local_uckk,provenancerecord,fr,local/uckk/lang/fr/local_uckk.php,261
local_uckk,provenancerecords,fr,local/uckk/lang/fr/local_uckk.php,262
local_uckk,public,en,local/uckk/lang/en/local_uckk.php,50
local_uckk,recognition_archive,en,local/uckk/lang/en/local_uckk.php,289
local_uckk,recognition_badge,en,local/uckk/lang/en/local_uckk.php,288
local_uckk,recognition_internal,en,local/uckk/lang/en/local_uckk.php,286
local_uckk,recognition_portfolio,en,local/uckk/lang/en/local_uckk.php,287
local_uckk,recognitionlabel,en,local/uckk/lang/en/local_uckk.php,285
local_uckk,recognitiontype,en,local/uckk/lang/en/local_uckk.php,284
local_uckk,reflection,fr,local/uckk/lang/fr/local_uckk.php,280
local_uckk,reflection_aiassisted,fr,local/uckk/lang/fr/local_uckk.php,290
local_uckk,reflection_body,fr,local/uckk/lang/fr/local_uckk.php,285
local_uckk,reflection_bodyempty,fr,local/uckk/lang/fr/local_uckk.php,293
local_uckk,reflection_metadata,fr,local/uckk/lang/fr/local_uckk.php,291
local_uckk,reflection_notfound,fr,local/uckk/lang/fr/local_uckk.php,292
local_uckk,reflection_status,fr,local/uckk/lang/fr/local_uckk.php,288
local_uckk,reflection_submit,fr,local/uckk/lang/fr/local_uckk.php,282
local_uckk,reflection_submitted,fr,local/uckk/lang/fr/local_uckk.php,283
local_uckk,reflection_title,fr,local/uckk/lang/fr/local_uckk.php,284
local_uckk,reflection_type,fr,local/uckk/lang/fr/local_uckk.php,286
local_uckk,reflection_validationstate,fr,local/uckk/lang/fr/local_uckk.php,289
local_uckk,reflection_visibility,fr,local/uckk/lang/fr/local_uckk.php,287
local_uckk,reflections,fr,local/uckk/lang/fr/local_uckk.php,281
local_uckk,reflectiontype_ai_journal,fr,local/uckk/lang/fr/local_uckk.php,297
local_uckk,reflectiontype_assembly,fr,local/uckk/lang/fr/local_uckk.php,298
local_uckk,reflectiontype_challenge,fr,local/uckk/lang/fr/local_uckk.php,299
local_uckk,reflectiontype_course,fr,local/uckk/lang/fr/local_uckk.php,300
local_uckk,reflectiontype_general,fr,local/uckk/lang/fr/local_uckk.php,295
local_uckk,reflectiontype_integrity,fr,local/uckk/lang/fr/local_uckk.php,301
local_uckk,reflectiontype_portfolio,fr,local/uckk/lang/fr/local_uckk.php,296
local_uckk,remember,fr,local/uckk/lang/fr/local_uckk.php,343
local_uckk,report_archives,en,local/uckk/lang/en/local_uckk.php,611
local_uckk,report_badges,en,local/uckk/lang/en/local_uckk.php,609
local_uckk,report_cohortprogress,en,local/uckk/lang/en/local_uckk.php,606
local_uckk,report_competencies,en,local/uckk/lang/en/local_uckk.php,610
local_uckk,report_integrity,en,local/uckk/lang/en/local_uckk.php,612
local_uckk,report_pathwayprogress,en,local/uckk/lang/en/local_uckk.php,608
local_uckk,report_playerprogress,en,local/uckk/lang/en/local_uckk.php,605
local_uckk,report_programprogress,en,local/uckk/lang/en/local_uckk.php,607
local_uckk,reports,en,local/uckk/lang/en/local_uckk.php,604
local_uckk,requiredarchives,en,local/uckk/lang/en/local_uckk.php,267
local_uckk,requiredbadges,en,local/uckk/lang/en/local_uckk.php,266
local_uckk,requiredbadges,fr,local/uckk/lang/fr/local_uckk.php,321
local_uckk,requiredchallenges,en,local/uckk/lang/en/local_uckk.php,269
local_uckk,requiredcompetencies,en,local/uckk/lang/en/local_uckk.php,265
local_uckk,requiredcompetencies,fr,local/uckk/lang/fr/local_uckk.php,320
local_uckk,requiredcount,en,local/uckk/lang/en/local_uckk.php,274
local_uckk,requiredcourses,en,local/uckk/lang/en/local_uckk.php,264
local_uckk,requiredportfolioitems,en,local/uckk/lang/en/local_uckk.php,268
local_uckk,requirements,en,local/uckk/lang/en/local_uckk.php,262
local_uckk,reset,en,local/uckk/lang/en/local_uckk.php,65
local_uckk,restricted,en,local/uckk/lang/en/local_uckk.php,52
local_uckk,restrictedinformation,en,local/uckk/lang/en/local_uckk.php,443
local_uckk,restrictedinformation_desc,en,local/uckk/lang/en/local_uckk.php,444
local_uckk,role_architecte_opportunites,en,local/uckk/lang/en/local_uckk.php,460
local_uckk,role_architecte_sens,en,local/uckk/lang/en/local_uckk.php,459
local_uckk,role_archiviste,en,local/uckk/lang/en/local_uckk.php,456
local_uckk,role_batisseur,en,local/uckk/lang/en/local_uckk.php,455
local_uckk,role_cartographe,en,local/uckk/lang/en/local_uckk.php,458
local_uckk,role_gardien_systemes_vivants,en,local/uckk/lang/en/local_uckk.php,461
local_uckk,role_inquisiteur,en,local/uckk/lang/en/local_uckk.php,457
local_uckk,role_joueur,en,local/uckk/lang/en/local_uckk.php,453
local_uckk,role_joueur_lucide,en,local/uckk/lang/en/local_uckk.php,454
local_uckk,search,en,local/uckk/lang/en/local_uckk.php,68
local_uckk,searchpathways,en,local/uckk/lang/en/local_uckk.php,252
local_uckk,seeddistribution,en,local/uckk/lang/en/local_uckk.php,580
local_uckk,seedsummary,en,local/uckk/lang/en/local_uckk.php,581
local_uckk,seedtool,en,local/uckk/lang/en/local_uckk.php,579
local_uckk,service_get_pathway_status,fr,local/uckk/lang/fr/local_uckk.php,426
local_uckk,service_get_pathway_status_desc,fr,local/uckk/lang/fr/local_uckk.php,427
local_uckk,service_get_player_dashboard,fr,local/uckk/lang/fr/local_uckk.php,422
local_uckk,service_get_player_dashboard_desc,fr,local/uckk/lang/fr/local_uckk.php,423
local_uckk,service_get_programs,fr,local/uckk/lang/fr/local_uckk.php,424
local_uckk,service_get_programs_desc,fr,local/uckk/lang/fr/local_uckk.php,425
local_uckk,service_submit_reflection,fr,local/uckk/lang/fr/local_uckk.php,420
local_uckk,service_submit_reflection_desc,fr,local/uckk/lang/fr/local_uckk.php,421
local_uckk,setting_defaultvisibility,fr,local/uckk/lang/fr/local_uckk.php,391
local_uckk,setting_defaultvisibility_desc,fr,local/uckk/lang/fr/local_uckk.php,392
local_uckk,setting_enableaiwarnings,fr,local/uckk/lang/fr/local_uckk.php,389
local_uckk,setting_enableaiwarnings_desc,fr,local/uckk/lang/fr/local_uckk.php,390
local_uckk,setting_enablecampus,fr,local/uckk/lang/fr/local_uckk.php,383
local_uckk,setting_enablecampus_desc,fr,local/uckk/lang/fr/local_uckk.php,384
local_uckk,setting_enableprovenance,fr,local/uckk/lang/fr/local_uckk.php,385
local_uckk,setting_enableprovenance_desc,fr,local/uckk/lang/fr/local_uckk.php,386
local_uckk,setting_enablereflections,fr,local/uckk/lang/fr/local_uckk.php,387
local_uckk,setting_enablereflections_desc,fr,local/uckk/lang/fr/local_uckk.php,388
local_uckk,settings,en,local/uckk/lang/en/local_uckk.php,398
local_uckk,settings,fr,local/uckk/lang/fr/local_uckk.php,371
local_uckk,settings_ai,en,local/uckk/lang/en/local_uckk.php,405
local_uckk,settings_ai,fr,local/uckk/lang/fr/local_uckk.php,380
local_uckk,settings_ai_desc,fr,local/uckk/lang/fr/local_uckk.php,381
local_uckk,settings_archives,en,local/uckk/lang/en/local_uckk.php,406
local_uckk,settings_campus,fr,local/uckk/lang/fr/local_uckk.php,374
local_uckk,settings_campus_desc,fr,local/uckk/lang/fr/local_uckk.php,375
local_uckk,settings_canon,en,local/uckk/lang/en/local_uckk.php,402
local_uckk,settings_general,en,local/uckk/lang/en/local_uckk.php,399
local_uckk,settings_general,fr,local/uckk/lang/fr/local_uckk.php,372
local_uckk,settings_general_desc,fr,local/uckk/lang/fr/local_uckk.php,373
local_uckk,settings_integrity,en,local/uckk/lang/en/local_uckk.php,404
local_uckk,settings_pathways,en,local/uckk/lang/en/local_uckk.php,401
local_uckk,settings_programs,en,local/uckk/lang/en/local_uckk.php,400
local_uckk,settings_programs,fr,local/uckk/lang/fr/local_uckk.php,376
local_uckk,settings_programs_desc,fr,local/uckk/lang/fr/local_uckk.php,377
local_uckk,settings_provenance,fr,local/uckk/lang/fr/local_uckk.php,378
local_uckk,settings_provenance_desc,fr,local/uckk/lang/fr/local_uckk.php,379
local_uckk,settings_visibility,en,local/uckk/lang/en/local_uckk.php,403
local_uckk,shortname,en,local/uckk/lang/en/local_uckk.php,75
local_uckk,shortname,fr,local/uckk/lang/fr/local_uckk.php,76
local_uckk,sortorder,en,local/uckk/lang/en/local_uckk.php,80
local_uckk,sortorder,fr,local/uckk/lang/fr/local_uckk.php,82
local_uckk,source,fr,local/uckk/lang/fr/local_uckk.php,92
local_uckk,state,fr,local/uckk/lang/fr/local_uckk.php,93
local_uckk,status,en,local/uckk/lang/en/local_uckk.php,71
local_uckk,status,fr,local/uckk/lang/fr/local_uckk.php,80
local_uckk,status_active,en,local/uckk/lang/en/local_uckk.php,152
local_uckk,status_active,fr,local/uckk/lang/fr/local_uckk.php,103
local_uckk,status_archived,en,local/uckk/lang/en/local_uckk.php,154
local_uckk,status_archived,fr,local/uckk/lang/fr/local_uckk.php,114
local_uckk,status_blocked,en,local/uckk/lang/en/local_uckk.php,171
local_uckk,status_cancelled,en,local/uckk/lang/en/local_uckk.php,165
local_uckk,status_cancelled,fr,local/uckk/lang/fr/local_uckk.php,116
local_uckk,status_closed,en,local/uckk/lang/en/local_uckk.php,164
local_uckk,status_closed,fr,local/uckk/lang/fr/local_uckk.php,113
local_uckk,status_completed,en,local/uckk/lang/en/local_uckk.php,170
local_uckk,status_contested,en,local/uckk/lang/en/local_uckk.php,162
local_uckk,status_contested,fr,local/uckk/lang/fr/local_uckk.php,111
local_uckk,status_correction_required,en,local/uckk/lang/en/local_uckk.php,161
local_uckk,status_correction_required,fr,local/uckk/lang/fr/local_uckk.php,110
local_uckk,status_correctionrequired,en,local/uckk/lang/en/local_uckk.php,160
local_uckk,status_deleted,fr,local/uckk/lang/fr/local_uckk.php,115
local_uckk,status_draft,en,local/uckk/lang/en/local_uckk.php,151
local_uckk,status_draft,fr,local/uckk/lang/fr/local_uckk.php,102
local_uckk,status_hidden,en,local/uckk/lang/en/local_uckk.php,153
local_uckk,status_hidden,fr,local/uckk/lang/fr/local_uckk.php,104
local_uckk,status_in_progress,en,local/uckk/lang/en/local_uckk.php,169
local_uckk,status_inprogress,en,local/uckk/lang/en/local_uckk.php,168
local_uckk,status_invalidated,en,local/uckk/lang/en/local_uckk.php,163
local_uckk,status_invalidated,fr,local/uckk/lang/fr/local_uckk.php,112
local_uckk,status_not_started,en,local/uckk/lang/en/local_uckk.php,167
local_uckk,status_notstarted,en,local/uckk/lang/en/local_uckk.php,166
local_uckk,status_pending,en,local/uckk/lang/en/local_uckk.php,155
local_uckk,status_pending,fr,local/uckk/lang/fr/local_uckk.php,105
local_uckk,status_pending_review,en,local/uckk/lang/en/local_uckk.php,157
local_uckk,status_pending_review,fr,local/uckk/lang/fr/local_uckk.php,106
local_uckk,status_pendingreview,en,local/uckk/lang/en/local_uckk.php,156
local_uckk,status_recorded,fr,local/uckk/lang/fr/local_uckk.php,117
local_uckk,status_rejected,en,local/uckk/lang/en/local_uckk.php,159
local_uckk,status_rejected,fr,local/uckk/lang/fr/local_uckk.php,109
local_uckk,status_submitted,fr,local/uckk/lang/fr/local_uckk.php,107
local_uckk,status_unverified,fr,local/uckk/lang/fr/local_uckk.php,118
local_uckk,status_validated,en,local/uckk/lang/en/local_uckk.php,158
local_uckk,status_validated,fr,local/uckk/lang/fr/local_uckk.php,108
local_uckk,success_archived,fr,local/uckk/lang/fr/local_uckk.php,500
local_uckk,success_assigned,fr,local/uckk/lang/fr/local_uckk.php,501
local_uckk,success_created,fr,local/uckk/lang/fr/local_uckk.php,497
local_uckk,success_deleted,fr,local/uckk/lang/fr/local_uckk.php,499
local_uckk,success_exported,fr,local/uckk/lang/fr/local_uckk.php,504
local_uckk,success_imported,fr,local/uckk/lang/fr/local_uckk.php,505
local_uckk,success_saved,fr,local/uckk/lang/fr/local_uckk.php,496
local_uckk,success_submitted,fr,local/uckk/lang/fr/local_uckk.php,503
local_uckk,success_unassigned,fr,local/uckk/lang/fr/local_uckk.php,502
local_uckk,success_updated,fr,local/uckk/lang/fr/local_uckk.php,498
local_uckk,summary,en,local/uckk/lang/en/local_uckk.php,79
local_uckk,summary,fr,local/uckk/lang/fr/local_uckk.php,79
local_uckk,symbolicrole,en,local/uckk/lang/en/local_uckk.php,451
local_uckk,symbolicrole,fr,local/uckk/lang/fr/local_uckk.php,232
local_uckk,symbolicrole_architecte_opportunites,fr,local/uckk/lang/fr/local_uckk.php,241
local_uckk,symbolicrole_architecte_sens,fr,local/uckk/lang/fr/local_uckk.php,240
local_uckk,symbolicrole_archiviste,fr,local/uckk/lang/fr/local_uckk.php,237
local_uckk,symbolicrole_batisseur,fr,local/uckk/lang/fr/local_uckk.php,236
local_uckk,symbolicrole_cartographe,fr,local/uckk/lang/fr/local_uckk.php,239
local_uckk,symbolicrole_gardien_preuve,fr,local/uckk/lang/fr/local_uckk.php,243
local_uckk,symbolicrole_gardien_systemes_vivants,fr,local/uckk/lang/fr/local_uckk.php,242
local_uckk,symbolicrole_inquisiteur,fr,local/uckk/lang/fr/local_uckk.php,238
local_uckk,symbolicrole_joueur,fr,local/uckk/lang/fr/local_uckk.php,234
local_uckk,symbolicrole_joueur_lucide,fr,local/uckk/lang/fr/local_uckk.php,235
local_uckk,symbolicroles,en,local/uckk/lang/en/local_uckk.php,452
local_uckk,symbolicroles,fr,local/uckk/lang/fr/local_uckk.php,222
local_uckk,symbolicroles,fr,local/uckk/lang/fr/local_uckk.php,233
local_uckk,symbolicroles_notice,fr,local/uckk/lang/fr/local_uckk.php,244
local_uckk,sync,en,local/uckk/lang/en/local_uckk.php,64
local_uckk,systemcheck,en,local/uckk/lang/en/local_uckk.php,584
local_uckk,task_archive_completed_items,en,local/uckk/lang/en/local_uckk.php,421
local_uckk,task_rebuild_player_profiles,en,local/uckk/lang/en/local_uckk.php,420
local_uckk,task_sync_pathway_progress,en,local/uckk/lang/en/local_uckk.php,419
local_uckk,tc101,en,local/uckk/lang/en/local_uckk.php,594
local_uckk,tc101,fr,local/uckk/lang/fr/local_uckk.php,204
local_uckk,tc102,en,local/uckk/lang/en/local_uckk.php,595
local_uckk,tc102,fr,local/uckk/lang/fr/local_uckk.php,205
local_uckk,tc103,en,local/uckk/lang/en/local_uckk.php,596
local_uckk,tc103,fr,local/uckk/lang/fr/local_uckk.php,206
local_uckk,tc104,en,local/uckk/lang/en/local_uckk.php,597
local_uckk,tc104,fr,local/uckk/lang/fr/local_uckk.php,207
local_uckk,tc105,en,local/uckk/lang/en/local_uckk.php,598
local_uckk,tc105,fr,local/uckk/lang/fr/local_uckk.php,208
local_uckk,tc106,en,local/uckk/lang/en/local_uckk.php,599
local_uckk,tc106,fr,local/uckk/lang/fr/local_uckk.php,209
local_uckk,tc107,en,local/uckk/lang/en/local_uckk.php,600
local_uckk,tc107,fr,local/uckk/lang/fr/local_uckk.php,210
local_uckk,tc108,en,local/uckk/lang/en/local_uckk.php,601
local_uckk,tc108,fr,local/uckk/lang/fr/local_uckk.php,211
local_uckk,timecreated,fr,local/uckk/lang/fr/local_uckk.php,84
local_uckk,timemodified,fr,local/uckk/lang/fr/local_uckk.php,85
local_uckk,total,en,local/uckk/lang/en/local_uckk.php,69
local_uckk,tronccommun,en,local/uckk/lang/en/local_uckk.php,592
local_uckk,type,en,local/uckk/lang/en/local_uckk.php,73
local_uckk,uckk,en,local/uckk/lang/en/local_uckk.php,24
local_uckk,uckk,fr,local/uckk/lang/fr/local_uckk.php,24
local_uckk,uckk:exportdata,fr,local/uckk/lang/fr/local_uckk.php,413
local_uckk,uckk:exportdata_desc,fr,local/uckk/lang/fr/local_uckk.php,414
local_uckk,uckk:managecanon,fr,local/uckk/lang/fr/local_uckk.php,407
local_uckk,uckk:managecanon_desc,fr,local/uckk/lang/fr/local_uckk.php,408
local_uckk,uckk:managepathways,fr,local/uckk/lang/fr/local_uckk.php,401
local_uckk,uckk:managepathways_desc,fr,local/uckk/lang/fr/local_uckk.php,402
local_uckk,uckk:manageprofiles,fr,local/uckk/lang/fr/local_uckk.php,404
local_uckk,uckk:manageprofiles_desc,fr,local/uckk/lang/fr/local_uckk.php,405
local_uckk,uckk:manageprograms,fr,local/uckk/lang/fr/local_uckk.php,398
local_uckk,uckk:manageprograms_desc,fr,local/uckk/lang/fr/local_uckk.php,399
local_uckk,uckk:viewcampus,fr,local/uckk/lang/fr/local_uckk.php,395
local_uckk,uckk:viewcampus_desc,fr,local/uckk/lang/fr/local_uckk.php,396
local_uckk,uckk:viewreports,fr,local/uckk/lang/fr/local_uckk.php,410
local_uckk,uckk:viewreports_desc,fr,local/uckk/lang/fr/local_uckk.php,411
local_uckk,uckk:viewrestrictedprofile,fr,local/uckk/lang/fr/local_uckk.php,416
local_uckk,uckk:viewrestrictedprofile_desc,fr,local/uckk/lang/fr/local_uckk.php,417
local_uckk,uckkcampus,en,local/uckk/lang/en/local_uckk.php,26
local_uckk,uckkcampus,fr,local/uckk/lang/fr/local_uckk.php,26
local_uckk,uckkcore,fr,local/uckk/lang/fr/local_uckk.php,28
local_uckk,uckkcore_desc,fr,local/uckk/lang/fr/local_uckk.php,29
local_uckk,uckkdistribution,en,local/uckk/lang/en/local_uckk.php,28
local_uckk,uckkfullname,en,local/uckk/lang/en/local_uckk.php,25
local_uckk,uckkfullname,fr,local/uckk/lang/fr/local_uckk.php,25
local_uckk,uckkmoodle,en,local/uckk/lang/en/local_uckk.php,27
local_uckk,uckkmoodle,fr,local/uckk/lang/fr/local_uckk.php,27
local_uckk,uckknotaccredited,fr,local/uckk/lang/fr/local_uckk.php,30
local_uckk,unknown,fr,local/uckk/lang/fr/local_uckk.php,98
local_uckk,unknownaction,en,local/uckk/lang/en/local_uckk.php,430
local_uckk,updated,en,local/uckk/lang/en/local_uckk.php,40
local_uckk,updated,en,local/uckk/lang/en/local_uckk.php,81
local_uckk,validate,en,local/uckk/lang/en/local_uckk.php,66
local_uckk,validated,en,local/uckk/lang/en/local_uckk.php,43
local_uckk,validation_archived,en,local/uckk/lang/en/local_uckk.php,480
local_uckk,validation_contested,en,local/uckk/lang/en/local_uckk.php,478
local_uckk,validation_human_reviewed,en,local/uckk/lang/en/local_uckk.php,476
local_uckk,validation_invalidated,en,local/uckk/lang/en/local_uckk.php,479
local_uckk,validation_unverified,en,local/uckk/lang/en/local_uckk.php,475
local_uckk,validation_verified,en,local/uckk/lang/en/local_uckk.php,477
local_uckk,validationreport,en,local/uckk/lang/en/local_uckk.php,582
local_uckk,validationstate,en,local/uckk/lang/en/local_uckk.php,474
local_uckk,versionhistory,en,local/uckk/lang/en/local_uckk.php,525
local_uckk,view,en,local/uckk/lang/en/local_uckk.php,56
local_uckk,visibility,en,local/uckk/lang/en/local_uckk.php,72
local_uckk,visibility,fr,local/uckk/lang/fr/local_uckk.php,81
local_uckk,visibility_archived,en,local/uckk/lang/en/local_uckk.php,196
local_uckk,visibility_archived_desc,en,local/uckk/lang/en/local_uckk.php,197
local_uckk,visibility_cohort,en,local/uckk/lang/en/local_uckk.php,182
local_uckk,visibility_cohort,fr,local/uckk/lang/fr/local_uckk.php,125
local_uckk,visibility_cohort_desc,en,local/uckk/lang/en/local_uckk.php,183
local_uckk,visibility_course,en,local/uckk/lang/en/local_uckk.php,180
local_uckk,visibility_course,fr,local/uckk/lang/fr/local_uckk.php,124
local_uckk,visibility_course_desc,en,local/uckk/lang/en/local_uckk.php,181
local_uckk,visibility_group,en,local/uckk/lang/en/local_uckk.php,178
local_uckk,visibility_group,fr,local/uckk/lang/fr/local_uckk.php,123
local_uckk,visibility_group_desc,en,local/uckk/lang/en/local_uckk.php,179
local_uckk,visibility_hidden,en,local/uckk/lang/en/local_uckk.php,194
local_uckk,visibility_hidden_desc,en,local/uckk/lang/en/local_uckk.php,195
local_uckk,visibility_institution,en,local/uckk/lang/en/local_uckk.php,186
local_uckk,visibility_institution,fr,local/uckk/lang/fr/local_uckk.php,127
local_uckk,visibility_institution_desc,en,local/uckk/lang/en/local_uckk.php,187
local_uckk,visibility_private,en,local/uckk/lang/en/local_uckk.php,174
local_uckk,visibility_private,fr,local/uckk/lang/fr/local_uckk.php,121
local_uckk,visibility_private_desc,en,local/uckk/lang/en/local_uckk.php,175
local_uckk,visibility_program,en,local/uckk/lang/en/local_uckk.php,184
local_uckk,visibility_program,fr,local/uckk/lang/fr/local_uckk.php,126
local_uckk,visibility_program_desc,en,local/uckk/lang/en/local_uckk.php,185
local_uckk,visibility_public,en,local/uckk/lang/en/local_uckk.php,188
local_uckk,visibility_public,fr,local/uckk/lang/fr/local_uckk.php,128
local_uckk,visibility_public_desc,en,local/uckk/lang/en/local_uckk.php,189
local_uckk,visibility_restricted,en,local/uckk/lang/en/local_uckk.php,190
local_uckk,visibility_restricted,fr,local/uckk/lang/fr/local_uckk.php,129
local_uckk,visibility_restricted_desc,en,local/uckk/lang/en/local_uckk.php,191
local_uckk,visibility_restricted_integrity,en,local/uckk/lang/en/local_uckk.php,192
local_uckk,visibility_restricted_integrity,fr,local/uckk/lang/fr/local_uckk.php,130
local_uckk,visibility_restricted_integrity_desc,en,local/uckk/lang/en/local_uckk.php,193
local_uckk,visibility_user,en,local/uckk/lang/en/local_uckk.php,176
local_uckk,visibility_user,fr,local/uckk/lang/fr/local_uckk.php,122
local_uckk,visibility_user_desc,en,local/uckk/lang/en/local_uckk.php,177
local_uckk,vote,en,local/uckk/lang/en/local_uckk.php,515
local_uckk,warning_ai_nonsovereign,fr,local/uckk/lang/fr/local_uckk.php,490
local_uckk,warning_internalrecognition,fr,local/uckk/lang/fr/local_uckk.php,489
local_uckk,warning_provenancefailsoft,fr,local/uckk/lang/fr/local_uckk.php,493
local_uckk,warning_publicvisibility,fr,local/uckk/lang/fr/local_uckk.php,492
local_uckk,warning_symbolicroles,fr,local/uckk/lang/fr/local_uckk.php,491
local_uckk,yes,en,local/uckk/lang/en/local_uckk.php,34
report_uckk,actions,en,report/uckk/lang/en/report_uckk.php,60
report_uckk,actions,fr,report/uckk/lang/fr/report_uckk.php,60
report_uckk,activefilters,en,report/uckk/lang/en/report_uckk.php,28
report_uckk,activefilters,fr,report/uckk/lang/fr/report_uckk.php,28
report_uckk,all,en,report/uckk/lang/en/report_uckk.php,29
report_uckk,all,fr,report/uckk/lang/fr/report_uckk.php,29
report_uckk,applyfilters,en,report/uckk/lang/en/report_uckk.php,20
report_uckk,applyfilters,fr,report/uckk/lang/fr/report_uckk.php,20
report_uckk,assemblytype,en,report/uckk/lang/en/report_uckk.php,43
report_uckk,assemblytype,fr,report/uckk/lang/fr/report_uckk.php,43
report_uckk,badge,en,report/uckk/lang/en/report_uckk.php,41
report_uckk,badge,fr,report/uckk/lang/fr/report_uckk.php,41
report_uckk,category,en,report/uckk/lang/en/report_uckk.php,39
report_uckk,category,fr,report/uckk/lang/fr/report_uckk.php,39
report_uckk,challengetype,en,report/uckk/lang/en/report_uckk.php,42
report_uckk,challengetype,fr,report/uckk/lang/fr/report_uckk.php,42
report_uckk,clearfilters,en,report/uckk/lang/en/report_uckk.php,21
report_uckk,clearfilters,fr,report/uckk/lang/fr/report_uckk.php,21
report_uckk,cohort,en,report/uckk/lang/en/report_uckk.php,36
report_uckk,cohort,fr,report/uckk/lang/fr/report_uckk.php,36
report_uckk,column:archive,en,report/uckk/lang/en/report_uckk.php,123
report_uckk,column:archive,fr,report/uckk/lang/fr/report_uckk.php,123
report_uckk,column:archiveitem,en,report/uckk/lang/en/report_uckk.php,113
report_uckk,column:archiveitem,fr,report/uckk/lang/fr/report_uckk.php,113
report_uckk,column:assembly,en,report/uckk/lang/en/report_uckk.php,109
report_uckk,column:assembly,fr,report/uckk/lang/fr/report_uckk.php,109
report_uckk,column:assemblytype,en,report/uckk/lang/en/report_uckk.php,110
report_uckk,column:assemblytype,fr,report/uckk/lang/fr/report_uckk.php,110
report_uckk,column:assignedto,en,report/uckk/lang/en/report_uckk.php,119
report_uckk,column:assignedto,fr,report/uckk/lang/fr/report_uckk.php,119
report_uckk,column:badge,en,report/uckk/lang/en/report_uckk.php,101
report_uckk,column:badge,fr,report/uckk/lang/fr/report_uckk.php,101
report_uckk,column:casetype,en,report/uckk/lang/en/report_uckk.php,117
report_uckk,column:casetype,fr,report/uckk/lang/fr/report_uckk.php,117
report_uckk,column:category,en,report/uckk/lang/en/report_uckk.php,87
report_uckk,column:category,fr,report/uckk/lang/fr/report_uckk.php,87
report_uckk,column:challenge,en,report/uckk/lang/en/report_uckk.php,104
report_uckk,column:challenge,fr,report/uckk/lang/fr/report_uckk.php,104
report_uckk,column:challengetype,en,report/uckk/lang/en/report_uckk.php,105
report_uckk,column:challengetype,fr,report/uckk/lang/fr/report_uckk.php,105
report_uckk,column:cohort,en,report/uckk/lang/en/report_uckk.php,88
report_uckk,column:cohort,fr,report/uckk/lang/fr/report_uckk.php,88
report_uckk,column:competency,en,report/uckk/lang/en/report_uckk.php,98
report_uckk,column:competency,fr,report/uckk/lang/fr/report_uckk.php,98
report_uckk,column:contested,en,report/uckk/lang/en/report_uckk.php,108
report_uckk,column:contested,fr,report/uckk/lang/fr/report_uckk.php,108
report_uckk,column:course,en,report/uckk/lang/en/report_uckk.php,86
report_uckk,column:course,fr,report/uckk/lang/fr/report_uckk.php,86
report_uckk,column:courses,en,report/uckk/lang/en/report_uckk.php,97
report_uckk,column:courses,fr,report/uckk/lang/fr/report_uckk.php,97
report_uckk,column:created,en,report/uckk/lang/en/report_uckk.php,121
report_uckk,column:created,fr,report/uckk/lang/fr/report_uckk.php,121
report_uckk,column:decisions,en,report/uckk/lang/en/report_uckk.php,112
report_uckk,column:decisions,fr,report/uckk/lang/fr/report_uckk.php,112
report_uckk,column:email,en,report/uckk/lang/en/report_uckk.php,85
report_uckk,column:email,fr,report/uckk/lang/fr/report_uckk.php,85
report_uckk,column:id,en,report/uckk/lang/en/report_uckk.php,82
report_uckk,column:id,fr,report/uckk/lang/fr/report_uckk.php,82
report_uckk,column:integrity,en,report/uckk/lang/en/report_uckk.php,92
report_uckk,column:integrity,fr,report/uckk/lang/fr/report_uckk.php,92
report_uckk,column:issued,en,report/uckk/lang/en/report_uckk.php,102
report_uckk,column:issued,fr,report/uckk/lang/fr/report_uckk.php,102
report_uckk,column:itemtype,en,report/uckk/lang/en/report_uckk.php,114
report_uckk,column:itemtype,fr,report/uckk/lang/fr/report_uckk.php,114
report_uckk,column:lastissued,en,report/uckk/lang/en/report_uckk.php,103
report_uckk,column:lastissued,fr,report/uckk/lang/fr/report_uckk.php,103
report_uckk,column:members,en,report/uckk/lang/en/report_uckk.php,96
report_uckk,column:members,fr,report/uckk/lang/fr/report_uckk.php,96
report_uckk,column:modified,en,report/uckk/lang/en/report_uckk.php,122
report_uckk,column:modified,fr,report/uckk/lang/fr/report_uckk.php,122
report_uckk,column:motions,en,report/uckk/lang/en/report_uckk.php,111
report_uckk,column:motions,fr,report/uckk/lang/fr/report_uckk.php,111
report_uckk,column:name,en,report/uckk/lang/en/report_uckk.php,83
report_uckk,column:name,fr,report/uckk/lang/fr/report_uckk.php,83
report_uckk,column:openedby,en,report/uckk/lang/en/report_uckk.php,120
report_uckk,column:openedby,fr,report/uckk/lang/fr/report_uckk.php,120
report_uckk,column:pathways,en,report/uckk/lang/en/report_uckk.php,90
report_uckk,column:pathways,fr,report/uckk/lang/fr/report_uckk.php,90
report_uckk,column:portfolio,en,report/uckk/lang/en/report_uckk.php,91
report_uckk,column:portfolio,fr,report/uckk/lang/fr/report_uckk.php,91
report_uckk,column:program,en,report/uckk/lang/en/report_uckk.php,89
report_uckk,column:program,fr,report/uckk/lang/fr/report_uckk.php,89
report_uckk,column:rating,en,report/uckk/lang/en/report_uckk.php,99
report_uckk,column:rating,fr,report/uckk/lang/fr/report_uckk.php,99
report_uckk,column:ratings,en,report/uckk/lang/en/report_uckk.php,100
report_uckk,column:ratings,fr,report/uckk/lang/fr/report_uckk.php,100
report_uckk,column:severity,en,report/uckk/lang/en/report_uckk.php,118
report_uckk,column:severity,fr,report/uckk/lang/fr/report_uckk.php,118
report_uckk,column:sourcecomponent,en,report/uckk/lang/en/report_uckk.php,115
report_uckk,column:sourcecomponent,fr,report/uckk/lang/fr/report_uckk.php,115
report_uckk,column:status,en,report/uckk/lang/en/report_uckk.php,94
report_uckk,column:status,fr,report/uckk/lang/fr/report_uckk.php,94
report_uckk,column:submissions,en,report/uckk/lang/en/report_uckk.php,106
report_uckk,column:submissions,fr,report/uckk/lang/fr/report_uckk.php,106
report_uckk,column:total,en,report/uckk/lang/en/report_uckk.php,95
report_uckk,column:total,fr,report/uckk/lang/fr/report_uckk.php,95
report_uckk,column:user,en,report/uckk/lang/en/report_uckk.php,84
report_uckk,column:user,fr,report/uckk/lang/fr/report_uckk.php,84
report_uckk,column:validated,en,report/uckk/lang/en/report_uckk.php,107
report_uckk,column:validated,fr,report/uckk/lang/fr/report_uckk.php,107
report_uckk,column:validationstate,en,report/uckk/lang/en/report_uckk.php,116
report_uckk,column:validationstate,fr,report/uckk/lang/fr/report_uckk.php,116
report_uckk,column:visibility,en,report/uckk/lang/en/report_uckk.php,93
report_uckk,column:visibility,fr,report/uckk/lang/fr/report_uckk.php,93
report_uckk,competency,en,report/uckk/lang/en/report_uckk.php,40
report_uckk,competency,fr,report/uckk/lang/fr/report_uckk.php,40
report_uckk,count,en,report/uckk/lang/en/report_uckk.php,58
report_uckk,count,fr,report/uckk/lang/fr/report_uckk.php,58
report_uckk,course,en,report/uckk/lang/en/report_uckk.php,38
report_uckk,course,fr,report/uckk/lang/fr/report_uckk.php,38
report_uckk,dashboard,en,report/uckk/lang/en/report_uckk.php,16
report_uckk,dashboard,fr,report/uckk/lang/fr/report_uckk.php,16
report_uckk,eventreportexported,en,report/uckk/lang/en/report_uckk.php,48
report_uckk,eventreportexported,fr,report/uckk/lang/fr/report_uckk.php,48
report_uckk,exportcsv,en,report/uckk/lang/en/report_uckk.php,22
report_uckk,exportcsv,fr,report/uckk/lang/fr/report_uckk.php,22
report_uckk,exporthtml,en,report/uckk/lang/en/report_uckk.php,24
report_uckk,exporthtml,fr,report/uckk/lang/fr/report_uckk.php,24
report_uckk,exportjson,en,report/uckk/lang/en/report_uckk.php,23
report_uckk,exportjson,fr,report/uckk/lang/fr/report_uckk.php,23
report_uckk,filters,en,report/uckk/lang/en/report_uckk.php,19
report_uckk,filters,fr,report/uckk/lang/fr/report_uckk.php,19
report_uckk,from,en,report/uckk/lang/en/report_uckk.php,30
report_uckk,from,fr,report/uckk/lang/fr/report_uckk.php,30
report_uckk,generatedat,en,report/uckk/lang/en/report_uckk.php,54
report_uckk,generatedat,fr,report/uckk/lang/fr/report_uckk.php,54
report_uckk,generatedby,en,report/uckk/lang/en/report_uckk.php,55
report_uckk,generatedby,fr,report/uckk/lang/fr/report_uckk.php,55
report_uckk,integritytype,en,report/uckk/lang/en/report_uckk.php,44
report_uckk,integritytype,fr,report/uckk/lang/fr/report_uckk.php,44
report_uckk,limit,en,report/uckk/lang/en/report_uckk.php,32
report_uckk,limit,fr,report/uckk/lang/fr/report_uckk.php,32
report_uckk,norows,en,report/uckk/lang/en/report_uckk.php,25
report_uckk,norows,fr,report/uckk/lang/fr/report_uckk.php,25
report_uckk,notavailable,en,report/uckk/lang/en/report_uckk.php,50
report_uckk,notavailable,fr,report/uckk/lang/fr/report_uckk.php,50
report_uckk,notinstalled,en,report/uckk/lang/en/report_uckk.php,51
report_uckk,notinstalled,fr,report/uckk/lang/fr/report_uckk.php,51
report_uckk,pluginname,en,report/uckk/lang/en/report_uckk.php,6
report_uckk,pluginname,fr,report/uckk/lang/fr/report_uckk.php,6
report_uckk,privacy:metadata,en,report/uckk/lang/en/report_uckk.php,46
report_uckk,privacy:metadata,fr,report/uckk/lang/fr/report_uckk.php,46
report_uckk,program,en,report/uckk/lang/en/report_uckk.php,37
report_uckk,program,fr,report/uckk/lang/fr/report_uckk.php,37
report_uckk,records,en,report/uckk/lang/en/report_uckk.php,59
report_uckk,records,fr,report/uckk/lang/fr/report_uckk.php,59
report_uckk,report,en,report/uckk/lang/en/report_uckk.php,18
report_uckk,report,fr,report/uckk/lang/fr/report_uckk.php,18
report_uckk,report/uckk:export,en,report/uckk/lang/en/report_uckk.php,127
report_uckk,report/uckk:export,fr,report/uckk/lang/fr/report_uckk.php,127
report_uckk,report/uckk:view,en,report/uckk/lang/en/report_uckk.php,125
report_uckk,report/uckk:view,fr,report/uckk/lang/fr/report_uckk.php,125
report_uckk,report/uckk:viewall,en,report/uckk/lang/en/report_uckk.php,126
report_uckk,report/uckk:viewall,fr,report/uckk/lang/fr/report_uckk.php,126
report_uckk,report:archive_production,en,report/uckk/lang/en/report_uckk.php,69
report_uckk,report:archive_production,fr,report/uckk/lang/fr/report_uckk.php,69
report_uckk,report:assembly_decisions,en,report/uckk/lang/en/report_uckk.php,68
report_uckk,report:assembly_decisions,fr,report/uckk/lang/fr/report_uckk.php,68
report_uckk,report:badge_awards,en,report/uckk/lang/en/report_uckk.php,66
report_uckk,report:badge_awards,fr,report/uckk/lang/fr/report_uckk.php,66
report_uckk,report:challenge_status,en,report/uckk/lang/en/report_uckk.php,67
report_uckk,report:challenge_status,fr,report/uckk/lang/fr/report_uckk.php,67
report_uckk,report:cohort_progress,en,report/uckk/lang/en/report_uckk.php,63
report_uckk,report:cohort_progress,fr,report/uckk/lang/fr/report_uckk.php,63
report_uckk,report:competency_matrix,en,report/uckk/lang/en/report_uckk.php,65
report_uckk,report:competency_matrix,fr,report/uckk/lang/fr/report_uckk.php,65
report_uckk,report:integrity_cases,en,report/uckk/lang/en/report_uckk.php,70
report_uckk,report:integrity_cases,fr,report/uckk/lang/fr/report_uckk.php,70
report_uckk,report:player_progress,en,report/uckk/lang/en/report_uckk.php,62
report_uckk,report:player_progress,fr,report/uckk/lang/fr/report_uckk.php,62
report_uckk,report:program_progress,en,report/uckk/lang/en/report_uckk.php,64
report_uckk,report:program_progress,fr,report/uckk/lang/fr/report_uckk.php,64
report_uckk,reportdesc:archive_production,en,report/uckk/lang/en/report_uckk.php,79
report_uckk,reportdesc:archive_production,fr,report/uckk/lang/fr/report_uckk.php,79
report_uckk,reportdesc:assembly_decisions,en,report/uckk/lang/en/report_uckk.php,78
report_uckk,reportdesc:assembly_decisions,fr,report/uckk/lang/fr/report_uckk.php,78
report_uckk,reportdesc:badge_awards,en,report/uckk/lang/en/report_uckk.php,76
report_uckk,reportdesc:badge_awards,fr,report/uckk/lang/fr/report_uckk.php,76
report_uckk,reportdesc:challenge_status,en,report/uckk/lang/en/report_uckk.php,77
report_uckk,reportdesc:challenge_status,fr,report/uckk/lang/fr/report_uckk.php,77
report_uckk,reportdesc:cohort_progress,en,report/uckk/lang/en/report_uckk.php,73
report_uckk,reportdesc:cohort_progress,fr,report/uckk/lang/fr/report_uckk.php,73
report_uckk,reportdesc:competency_matrix,en,report/uckk/lang/en/report_uckk.php,75
report_uckk,reportdesc:competency_matrix,fr,report/uckk/lang/fr/report_uckk.php,75
report_uckk,reportdesc:integrity_cases,en,report/uckk/lang/en/report_uckk.php,80
report_uckk,reportdesc:integrity_cases,fr,report/uckk/lang/fr/report_uckk.php,80
report_uckk,reportdesc:player_progress,en,report/uckk/lang/en/report_uckk.php,72
report_uckk,reportdesc:player_progress,fr,report/uckk/lang/fr/report_uckk.php,72
report_uckk,reportdesc:program_progress,en,report/uckk/lang/en/report_uckk.php,74
report_uckk,reportdesc:program_progress,fr,report/uckk/lang/fr/report_uckk.php,74
report_uckk,reports,en,report/uckk/lang/en/report_uckk.php,17
report_uckk,reports,fr,report/uckk/lang/fr/report_uckk.php,17
report_uckk,settings,en,report/uckk/lang/en/report_uckk.php,8
report_uckk,settings,fr,report/uckk/lang/fr/report_uckk.php,8
report_uckk,settings:allowjsonexport,en,report/uckk/lang/en/report_uckk.php,9
report_uckk,settings:allowjsonexport,fr,report/uckk/lang/fr/report_uckk.php,9
report_uckk,settings:allowjsonexport_desc,en,report/uckk/lang/en/report_uckk.php,10
report_uckk,settings:allowjsonexport_desc,fr,report/uckk/lang/fr/report_uckk.php,10
report_uckk,settings:defaultlimit,en,report/uckk/lang/en/report_uckk.php,13
report_uckk,settings:defaultlimit,fr,report/uckk/lang/fr/report_uckk.php,13
report_uckk,settings:defaultlimit_desc,en,report/uckk/lang/en/report_uckk.php,14
report_uckk,settings:defaultlimit_desc,fr,report/uckk/lang/fr/report_uckk.php,14
report_uckk,settings:showemptyreports,en,report/uckk/lang/en/report_uckk.php,11
report_uckk,settings:showemptyreports,fr,report/uckk/lang/fr/report_uckk.php,11
report_uckk,settings:showemptyreports_desc,en,report/uckk/lang/en/report_uckk.php,12
report_uckk,settings:showemptyreports_desc,fr,report/uckk/lang/fr/report_uckk.php,12
report_uckk,source,en,report/uckk/lang/en/report_uckk.php,56
report_uckk,source,fr,report/uckk/lang/fr/report_uckk.php,56
report_uckk,status,en,report/uckk/lang/en/report_uckk.php,33
report_uckk,status,fr,report/uckk/lang/fr/report_uckk.php,33
report_uckk,summary,en,report/uckk/lang/en/report_uckk.php,57
report_uckk,summary,fr,report/uckk/lang/fr/report_uckk.php,57
report_uckk,to,en,report/uckk/lang/en/report_uckk.php,31
report_uckk,to,fr,report/uckk/lang/fr/report_uckk.php,31
report_uckk,totalrows,en,report/uckk/lang/en/report_uckk.php,26
report_uckk,totalrows,fr,report/uckk/lang/fr/report_uckk.php,26
report_uckk,unknown,en,report/uckk/lang/en/report_uckk.php,53
report_uckk,unknown,fr,report/uckk/lang/fr/report_uckk.php,53
report_uckk,unknownreport,en,report/uckk/lang/en/report_uckk.php,52
report_uckk,unknownreport,fr,report/uckk/lang/fr/report_uckk.php,52
report_uckk,user,en,report/uckk/lang/en/report_uckk.php,35
report_uckk,user,fr,report/uckk/lang/fr/report_uckk.php,35
report_uckk,viewreport,en,report/uckk/lang/en/report_uckk.php,27
report_uckk,viewreport,fr,report/uckk/lang/fr/report_uckk.php,27
report_uckk,visibility,en,report/uckk/lang/en/report_uckk.php,34
report_uckk,visibility,fr,report/uckk/lang/fr/report_uckk.php,34
theme_uckk,accessibility:aiwarning,en,theme/uckk/lang/en/theme_uckk.php,358
theme_uckk,accessibility:externalresource,en,theme/uckk/lang/en/theme_uckk.php,357
theme_uckk,accessibility:mainnavigation,en,theme/uckk/lang/en/theme_uckk.php,351
theme_uckk,accessibility:skiptointegrity,en,theme/uckk/lang/en/theme_uckk.php,354
theme_uckk,accessibility:skiptolearning,en,theme/uckk/lang/en/theme_uckk.php,352
theme_uckk,accessibility:skiptonavigation,en,theme/uckk/lang/en/theme_uckk.php,353
theme_uckk,accessibility:statusbadge,en,theme/uckk/lang/en/theme_uckk.php,355
theme_uckk,accessibility:visibilitybadge,en,theme/uckk/lang/en/theme_uckk.php,356
theme_uckk,accessibility_breadcrumb,fr,theme/uckk/lang/fr/theme_uckk.php,372
theme_uckk,accessibility_dashboardregion,fr,theme/uckk/lang/fr/theme_uckk.php,373
theme_uckk,accessibility_mainnavigation,fr,theme/uckk/lang/fr/theme_uckk.php,370
theme_uckk,accessibility_statusbadge,fr,theme/uckk/lang/fr/theme_uckk.php,374
theme_uckk,accessibility_usernavigation,fr,theme/uckk/lang/fr/theme_uckk.php,371
theme_uckk,accessibility_visibilitybadge,fr,theme/uckk/lang/fr/theme_uckk.php,375
theme_uckk,actionarchive,en,theme/uckk/lang/en/theme_uckk.php,337
theme_uckk,actioncancel,en,theme/uckk/lang/en/theme_uckk.php,336
theme_uckk,actioncontest,en,theme/uckk/lang/en/theme_uckk.php,339
theme_uckk,actioncontinue,en,theme/uckk/lang/en/theme_uckk.php,332
theme_uckk,actioncorrect,en,theme/uckk/lang/en/theme_uckk.php,341
theme_uckk,actionjoinassembly,en,theme/uckk/lang/en/theme_uckk.php,346
theme_uckk,actionopen,en,theme/uckk/lang/en/theme_uckk.php,331
theme_uckk,actionopenintegritycase,en,theme/uckk/lang/en/theme_uckk.php,348
theme_uckk,actionreview,en,theme/uckk/lang/en/theme_uckk.php,340
theme_uckk,actionsave,en,theme/uckk/lang/en/theme_uckk.php,335
theme_uckk,actionstart,en,theme/uckk/lang/en/theme_uckk.php,333
theme_uckk,actionsubmit,en,theme/uckk/lang/en/theme_uckk.php,334
theme_uckk,actionsubmitevidence,en,theme/uckk/lang/en/theme_uckk.php,347
theme_uckk,actionvalidate,en,theme/uckk/lang/en/theme_uckk.php,338
theme_uckk,actionviewarchive,en,theme/uckk/lang/en/theme_uckk.php,343
theme_uckk,actionviewdetails,en,theme/uckk/lang/en/theme_uckk.php,342
theme_uckk,actionviewpathway,en,theme/uckk/lang/en/theme_uckk.php,345
theme_uckk,actionviewportfolio,en,theme/uckk/lang/en/theme_uckk.php,344
theme_uckk,ai,en,theme/uckk/lang/en/theme_uckk.php,234
theme_uckk,ai,fr,theme/uckk/lang/fr/theme_uckk.php,267
theme_uckk,ai_assisted,fr,theme/uckk/lang/fr/theme_uckk.php,268
theme_uckk,ai_disabled,fr,theme/uckk/lang/fr/theme_uckk.php,274
theme_uckk,ai_humanvalidation,fr,theme/uckk/lang/fr/theme_uckk.php,273
theme_uckk,ai_nonsovereign,fr,theme/uckk/lang/fr/theme_uckk.php,269
theme_uckk,ai_provenance,fr,theme/uckk/lang/fr/theme_uckk.php,271
theme_uckk,ai_uncertainty,fr,theme/uckk/lang/fr/theme_uckk.php,272
theme_uckk,ai_warning,fr,theme/uckk/lang/fr/theme_uckk.php,270
theme_uckk,aiassisteddraft,en,theme/uckk/lang/en/theme_uckk.php,237
theme_uckk,aigovernable,en,theme/uckk/lang/en/theme_uckk.php,235
theme_uckk,ailog,en,theme/uckk/lang/en/theme_uckk.php,241
theme_uckk,ainonsovereign,en,theme/uckk/lang/en/theme_uckk.php,236
theme_uckk,aiprovenancerequired,en,theme/uckk/lang/en/theme_uckk.php,239
theme_uckk,airequireshumanvalidation,en,theme/uckk/lang/en/theme_uckk.php,238
theme_uckk,aisettings,en,theme/uckk/lang/en/theme_uckk.php,259
theme_uckk,aisettings_desc,en,theme/uckk/lang/en/theme_uckk.php,260
theme_uckk,aiuncertainty,en,theme/uckk/lang/en/theme_uckk.php,240
theme_uckk,aiwarning,en,theme/uckk/lang/en/theme_uckk.php,242
theme_uckk,archive,en,theme/uckk/lang/en/theme_uckk.php,180
theme_uckk,archive,fr,theme/uckk/lang/fr/theme_uckk.php,215
theme_uckk,archive_add,fr,theme/uckk/lang/fr/theme_uckk.php,219
theme_uckk,archive_empty,fr,theme/uckk/lang/fr/theme_uckk.php,231
theme_uckk,archive_export,fr,theme/uckk/lang/fr/theme_uckk.php,228
theme_uckk,archive_item,fr,theme/uckk/lang/fr/theme_uckk.php,217
theme_uckk,archive_items,fr,theme/uckk/lang/fr/theme_uckk.php,218
theme_uckk,archive_kristal,fr,theme/uckk/lang/fr/theme_uckk.php,229
theme_uckk,archive_kristals,fr,theme/uckk/lang/fr/theme_uckk.php,230
theme_uckk,archive_memory,fr,theme/uckk/lang/fr/theme_uckk.php,224
theme_uckk,archive_private,fr,theme/uckk/lang/fr/theme_uckk.php,227
theme_uckk,archive_provenance,fr,theme/uckk/lang/fr/theme_uckk.php,223
theme_uckk,archive_public,fr,theme/uckk/lang/fr/theme_uckk.php,225
theme_uckk,archive_restricted,fr,theme/uckk/lang/fr/theme_uckk.php,226
theme_uckk,archive_revision,fr,theme/uckk/lang/fr/theme_uckk.php,221
theme_uckk,archive_validate,fr,theme/uckk/lang/fr/theme_uckk.php,220
theme_uckk,archive_versions,fr,theme/uckk/lang/fr/theme_uckk.php,222
theme_uckk,archivecontested,en,theme/uckk/lang/en/theme_uckk.php,195
theme_uckk,archivedecision,en,theme/uckk/lang/en/theme_uckk.php,184
theme_uckk,archiveinvalidated,en,theme/uckk/lang/en/theme_uckk.php,196
theme_uckk,archiveitem,en,theme/uckk/lang/en/theme_uckk.php,181
theme_uckk,archiveitems,en,theme/uckk/lang/en/theme_uckk.php,182
theme_uckk,archivekristal,en,theme/uckk/lang/en/theme_uckk.php,185
theme_uckk,archivememory,en,theme/uckk/lang/en/theme_uckk.php,197
theme_uckk,archivepending,en,theme/uckk/lang/en/theme_uckk.php,193
theme_uckk,archiveportfolio,en,theme/uckk/lang/en/theme_uckk.php,186
theme_uckk,archiveproof,en,theme/uckk/lang/en/theme_uckk.php,183
theme_uckk,archiveprovenance,en,theme/uckk/lang/en/theme_uckk.php,188
theme_uckk,archivepublic,en,theme/uckk/lang/en/theme_uckk.php,191
theme_uckk,archiverestricted,en,theme/uckk/lang/en/theme_uckk.php,192
theme_uckk,archiverevision,en,theme/uckk/lang/en/theme_uckk.php,187
theme_uckk,archives,en,theme/uckk/lang/en/theme_uckk.php,48
theme_uckk,archives,fr,theme/uckk/lang/fr/theme_uckk.php,47
theme_uckk,archives,fr,theme/uckk/lang/fr/theme_uckk.php,216
theme_uckk,archivesettings,en,theme/uckk/lang/en/theme_uckk.php,257
theme_uckk,archivesettings_desc,en,theme/uckk/lang/en/theme_uckk.php,258
theme_uckk,archivevalidated,en,theme/uckk/lang/en/theme_uckk.php,194
theme_uckk,archivevalidation,en,theme/uckk/lang/en/theme_uckk.php,189
theme_uckk,archivevisibility,en,theme/uckk/lang/en/theme_uckk.php,190
theme_uckk,archiviste,en,theme/uckk/lang/en/theme_uckk.php,45
theme_uckk,archiviste,fr,theme/uckk/lang/fr/theme_uckk.php,48
theme_uckk,assemblees,en,theme/uckk/lang/en/theme_uckk.php,47
theme_uckk,assemblees,fr,theme/uckk/lang/fr/theme_uckk.php,46
theme_uckk,assemblies,fr,theme/uckk/lang/fr/theme_uckk.php,194
theme_uckk,assembly,en,theme/uckk/lang/en/theme_uckk.php,159
theme_uckk,assembly,fr,theme/uckk/lang/fr/theme_uckk.php,193
theme_uckk,assembly_amendment,fr,theme/uckk/lang/fr/theme_uckk.php,205
theme_uckk,assembly_archive,fr,theme/uckk/lang/fr/theme_uckk.php,211
theme_uckk,assembly_argument,fr,theme/uckk/lang/fr/theme_uckk.php,203
theme_uckk,assembly_batisseurs,fr,theme/uckk/lang/fr/theme_uckk.php,198
theme_uckk,assembly_collectivelegitimacy,fr,theme/uckk/lang/fr/theme_uckk.php,212
theme_uckk,assembly_contestation,fr,theme/uckk/lang/fr/theme_uckk.php,209
theme_uckk,assembly_decision,fr,theme/uckk/lang/fr/theme_uckk.php,207
theme_uckk,assembly_defis,fr,theme/uckk/lang/fr/theme_uckk.php,196
theme_uckk,assembly_grandjeu,fr,theme/uckk/lang/fr/theme_uckk.php,200
theme_uckk,assembly_inquisiteurs,fr,theme/uckk/lang/fr/theme_uckk.php,199
theme_uckk,assembly_joueurs,fr,theme/uckk/lang/fr/theme_uckk.php,197
theme_uckk,assembly_minutes,fr,theme/uckk/lang/fr/theme_uckk.php,208
theme_uckk,assembly_motion,fr,theme/uckk/lang/fr/theme_uckk.php,201
theme_uckk,assembly_motions,fr,theme/uckk/lang/fr/theme_uckk.php,202
theme_uckk,assembly_objection,fr,theme/uckk/lang/fr/theme_uckk.php,204
theme_uckk,assembly_publishdecision,fr,theme/uckk/lang/fr/theme_uckk.php,210
theme_uckk,assembly_savoirs,fr,theme/uckk/lang/fr/theme_uckk.php,195
theme_uckk,assembly_vote,fr,theme/uckk/lang/fr/theme_uckk.php,206
theme_uckk,assemblyamendment,en,theme/uckk/lang/en/theme_uckk.php,170
theme_uckk,assemblyarchive,en,theme/uckk/lang/en/theme_uckk.php,176
theme_uckk,assemblyargument,en,theme/uckk/lang/en/theme_uckk.php,168
theme_uckk,assemblybatisseurs,en,theme/uckk/lang/en/theme_uckk.php,163
theme_uckk,assemblycontest,en,theme/uckk/lang/en/theme_uckk.php,175
theme_uckk,assemblydecision,en,theme/uckk/lang/en/theme_uckk.php,173
theme_uckk,assemblydefis,en,theme/uckk/lang/en/theme_uckk.php,161
theme_uckk,assemblygrandjeu,en,theme/uckk/lang/en/theme_uckk.php,165
theme_uckk,assemblyinquisiteurs,en,theme/uckk/lang/en/theme_uckk.php,164
theme_uckk,assemblyjoueurs,en,theme/uckk/lang/en/theme_uckk.php,162
theme_uckk,assemblyminutes,en,theme/uckk/lang/en/theme_uckk.php,174
theme_uckk,assemblymotion,en,theme/uckk/lang/en/theme_uckk.php,166
theme_uckk,assemblymotions,en,theme/uckk/lang/en/theme_uckk.php,167
theme_uckk,assemblyobjection,en,theme/uckk/lang/en/theme_uckk.php,169
theme_uckk,assemblypurpose,en,theme/uckk/lang/en/theme_uckk.php,177
theme_uckk,assemblyreading,en,theme/uckk/lang/en/theme_uckk.php,172
theme_uckk,assemblysavoirs,en,theme/uckk/lang/en/theme_uckk.php,160
theme_uckk,assemblyvote,en,theme/uckk/lang/en/theme_uckk.php,171
theme_uckk,authorityquestioned,en,theme/uckk/lang/en/theme_uckk.php,213
theme_uckk,badge,fr,theme/uckk/lang/fr/theme_uckk.php,303
theme_uckk,badge_archivistedecision,fr,theme/uckk/lang/fr/theme_uckk.php,313
theme_uckk,badge_batisseurprototype,fr,theme/uckk/lang/fr/theme_uckk.php,312
theme_uckk,badge_cartographe,fr,theme/uckk/lang/fr/theme_uckk.php,309
theme_uckk,badge_defikingklown,fr,theme/uckk/lang/fr/theme_uckk.php,314
theme_uckk,badge_gardienpreuve,fr,theme/uckk/lang/fr/theme_uckk.php,310
theme_uckk,badge_inquisitionmethodologique,fr,theme/uckk/lang/fr/theme_uckk.php,315
theme_uckk,badge_joueurinitie,fr,theme/uckk/lang/fr/theme_uckk.php,307
theme_uckk,badge_joueurlucide,fr,theme/uckk/lang/fr/theme_uckk.php,308
theme_uckk,badge_participantassemblee,fr,theme/uckk/lang/fr/theme_uckk.php,311
theme_uckk,badges,fr,theme/uckk/lang/fr/theme_uckk.php,302
theme_uckk,batisseur,en,theme/uckk/lang/en/theme_uckk.php,43
theme_uckk,batisseurs,fr,theme/uckk/lang/fr/theme_uckk.php,49
theme_uckk,boundaryarchives,en,theme/uckk/lang/en/theme_uckk.php,72
theme_uckk,boundaryassemblies,en,theme/uckk/lang/en/theme_uckk.php,71
theme_uckk,boundaryecosystem,en,theme/uckk/lang/en/theme_uckk.php,68
theme_uckk,boundaryinquisiteur,en,theme/uckk/lang/en/theme_uckk.php,70
theme_uckk,boundarykingklown,en,theme/uckk/lang/en/theme_uckk.php,69
theme_uckk,boundarykoa,en,theme/uckk/lang/en/theme_uckk.php,67
theme_uckk,boundarytitle,en,theme/uckk/lang/en/theme_uckk.php,65
theme_uckk,boundaryuckk,en,theme/uckk/lang/en/theme_uckk.php,66
theme_uckk,brandsettings,en,theme/uckk/lang/en/theme_uckk.php,247
theme_uckk,brandsettings_desc,en,theme/uckk/lang/en/theme_uckk.php,248
theme_uckk,challenge,en,theme/uckk/lang/en/theme_uckk.php,139
theme_uckk,challenge,fr,theme/uckk/lang/fr/theme_uckk.php,174
theme_uckk,challenge_archive,fr,theme/uckk/lang/fr/theme_uckk.php,188
theme_uckk,challenge_closed,fr,theme/uckk/lang/fr/theme_uckk.php,177
theme_uckk,challenge_contested,fr,theme/uckk/lang/fr/theme_uckk.php,181
theme_uckk,challenge_corridors,fr,theme/uckk/lang/fr/theme_uckk.php,185
theme_uckk,challenge_evidence,fr,theme/uckk/lang/fr/theme_uckk.php,184
theme_uckk,challenge_integritycheck,fr,theme/uckk/lang/fr/theme_uckk.php,189
theme_uckk,challenge_invalidated,fr,theme/uckk/lang/fr/theme_uckk.php,182
theme_uckk,challenge_kingklown,fr,theme/uckk/lang/fr/theme_uckk.php,175
theme_uckk,challenge_open,fr,theme/uckk/lang/fr/theme_uckk.php,176
theme_uckk,challenge_publicwarning,fr,theme/uckk/lang/fr/theme_uckk.php,190
theme_uckk,challenge_rules,fr,theme/uckk/lang/fr/theme_uckk.php,183
theme_uckk,challenge_submitproof,fr,theme/uckk/lang/fr/theme_uckk.php,186
theme_uckk,challenge_submitted,fr,theme/uckk/lang/fr/theme_uckk.php,178
theme_uckk,challenge_underreview,fr,theme/uckk/lang/fr/theme_uckk.php,179
theme_uckk,challenge_validated,fr,theme/uckk/lang/fr/theme_uckk.php,180
theme_uckk,challenge_viewproofs,fr,theme/uckk/lang/fr/theme_uckk.php,187
theme_uckk,challengearchive,en,theme/uckk/lang/en/theme_uckk.php,155
theme_uckk,challengeclosed,en,theme/uckk/lang/en/theme_uckk.php,143
theme_uckk,challengecontested,en,theme/uckk/lang/en/theme_uckk.php,145
theme_uckk,challengecorridors,en,theme/uckk/lang/en/theme_uckk.php,150
theme_uckk,challengecriteria,en,theme/uckk/lang/en/theme_uckk.php,149
theme_uckk,challengeevaluation,en,theme/uckk/lang/en/theme_uckk.php,153
theme_uckk,challengeevidence,en,theme/uckk/lang/en/theme_uckk.php,151
theme_uckk,challengeintegrity,en,theme/uckk/lang/en/theme_uckk.php,154
theme_uckk,challengeinvalidated,en,theme/uckk/lang/en/theme_uckk.php,146
theme_uckk,challengekingklown,en,theme/uckk/lang/en/theme_uckk.php,141
theme_uckk,challengeopen,en,theme/uckk/lang/en/theme_uckk.php,142
theme_uckk,challengeresponsibility,en,theme/uckk/lang/en/theme_uckk.php,156
theme_uckk,challengerules,en,theme/uckk/lang/en/theme_uckk.php,148
theme_uckk,challenges,en,theme/uckk/lang/en/theme_uckk.php,140
theme_uckk,challenges,fr,theme/uckk/lang/fr/theme_uckk.php,173
theme_uckk,challengestatement,en,theme/uckk/lang/en/theme_uckk.php,147
theme_uckk,challengesubmission,en,theme/uckk/lang/en/theme_uckk.php,152
theme_uckk,challengevalidated,en,theme/uckk/lang/en/theme_uckk.php,144
theme_uckk,choosereadme,en,theme/uckk/lang/en/theme_uckk.php,26
theme_uckk,choosereadme,fr,theme/uckk/lang/fr/theme_uckk.php,25
theme_uckk,competencies,fr,theme/uckk/lang/fr/theme_uckk.php,304
theme_uckk,competency,fr,theme/uckk/lang/fr/theme_uckk.php,305
theme_uckk,competency_framework,fr,theme/uckk/lang/fr/theme_uckk.php,306
theme_uckk,configtitle,en,theme/uckk/lang/en/theme_uckk.php,25
theme_uckk,configtitle,fr,theme/uckk/lang/fr/theme_uckk.php,24
theme_uckk,course_archive,fr,theme/uckk/lang/fr/theme_uckk.php,134
theme_uckk,course_canon,fr,theme/uckk/lang/fr/theme_uckk.php,128
theme_uckk,course_canonicalmaterial,fr,theme/uckk/lang/fr/theme_uckk.php,140
theme_uckk,course_completion,fr,theme/uckk/lang/fr/theme_uckk.php,136
theme_uckk,course_concepts,fr,theme/uckk/lang/fr/theme_uckk.php,127
theme_uckk,course_continue,fr,theme/uckk/lang/fr/theme_uckk.php,137
theme_uckk,course_deliberation,fr,theme/uckk/lang/fr/theme_uckk.php,131
theme_uckk,course_deliverable,fr,theme/uckk/lang/fr/theme_uckk.php,132
theme_uckk,course_evaluation,fr,theme/uckk/lang/fr/theme_uckk.php,133
theme_uckk,course_finalartifact,fr,theme/uckk/lang/fr/theme_uckk.php,141
theme_uckk,course_orientation,fr,theme/uckk/lang/fr/theme_uckk.php,126
theme_uckk,course_progress,fr,theme/uckk/lang/fr/theme_uckk.php,135
theme_uckk,course_proofs,fr,theme/uckk/lang/fr/theme_uckk.php,130
theme_uckk,course_return,fr,theme/uckk/lang/fr/theme_uckk.php,139
theme_uckk,course_start,fr,theme/uckk/lang/fr/theme_uckk.php,138
theme_uckk,course_workshop,fr,theme/uckk/lang/fr/theme_uckk.php,129
theme_uckk,coursearchive,en,theme/uckk/lang/en/theme_uckk.php,131
theme_uckk,courseatelier,en,theme/uckk/lang/en/theme_uckk.php,126
theme_uckk,coursecanon,en,theme/uckk/lang/en/theme_uckk.php,125
theme_uckk,coursecompletion,en,theme/uckk/lang/en/theme_uckk.php,132
theme_uckk,courseconcepts,en,theme/uckk/lang/en/theme_uckk.php,124
theme_uckk,coursedeliberation,en,theme/uckk/lang/en/theme_uckk.php,128
theme_uckk,courseevaluation,en,theme/uckk/lang/en/theme_uckk.php,130
theme_uckk,courseevidencebased,en,theme/uckk/lang/en/theme_uckk.php,133
theme_uckk,coursehumanauthority,en,theme/uckk/lang/en/theme_uckk.php,136
theme_uckk,courseinternalrecognition,en,theme/uckk/lang/en/theme_uckk.php,135
theme_uckk,courselivrable,en,theme/uckk/lang/en/theme_uckk.php,129
theme_uckk,courseorientation,en,theme/uckk/lang/en/theme_uckk.php,123
theme_uckk,coursepreuves,en,theme/uckk/lang/en/theme_uckk.php,127
theme_uckk,coursepubliclearning,en,theme/uckk/lang/en/theme_uckk.php,134
theme_uckk,dashboard,en,theme/uckk/lang/en/theme_uckk.php,101
theme_uckk,dashboard_archives,fr,theme/uckk/lang/fr/theme_uckk.php,117
theme_uckk,dashboard_assemblies,fr,theme/uckk/lang/fr/theme_uckk.php,113
theme_uckk,dashboard_badges,fr,theme/uckk/lang/fr/theme_uckk.php,118
theme_uckk,dashboard_challenges,fr,theme/uckk/lang/fr/theme_uckk.php,112
theme_uckk,dashboard_competencies,fr,theme/uckk/lang/fr/theme_uckk.php,119
theme_uckk,dashboard_courses,fr,theme/uckk/lang/fr/theme_uckk.php,111
theme_uckk,dashboard_deadlines,fr,theme/uckk/lang/fr/theme_uckk.php,121
theme_uckk,dashboard_feedback,fr,theme/uckk/lang/fr/theme_uckk.php,115
theme_uckk,dashboard_integrity,fr,theme/uckk/lang/fr/theme_uckk.php,116
theme_uckk,dashboard_mypath,fr,theme/uckk/lang/fr/theme_uckk.php,109
theme_uckk,dashboard_noitems,fr,theme/uckk/lang/fr/theme_uckk.php,122
theme_uckk,dashboard_portfolio,fr,theme/uckk/lang/fr/theme_uckk.php,120
theme_uckk,dashboard_progress,fr,theme/uckk/lang/fr/theme_uckk.php,110
theme_uckk,dashboard_proofs,fr,theme/uckk/lang/fr/theme_uckk.php,114
theme_uckk,dashboard_title,fr,theme/uckk/lang/fr/theme_uckk.php,107
theme_uckk,dashboard_viewall,fr,theme/uckk/lang/fr/theme_uckk.php,123
theme_uckk,dashboard_welcome,fr,theme/uckk/lang/fr/theme_uckk.php,108
theme_uckk,dashboardactivecourses,en,theme/uckk/lang/en/theme_uckk.php,111
theme_uckk,dashboardarchive,en,theme/uckk/lang/en/theme_uckk.php,117
theme_uckk,dashboardarchivist,en,theme/uckk/lang/en/theme_uckk.php,106
theme_uckk,dashboardassemblies,en,theme/uckk/lang/en/theme_uckk.php,113
theme_uckk,dashboardbadges,en,theme/uckk/lang/en/theme_uckk.php,118
theme_uckk,dashboardcompetencies,en,theme/uckk/lang/en/theme_uckk.php,119
theme_uckk,dashboardevidence,en,theme/uckk/lang/en/theme_uckk.php,114
theme_uckk,dashboardfeedback,en,theme/uckk/lang/en/theme_uckk.php,115
theme_uckk,dashboardinquisiteur,en,theme/uckk/lang/en/theme_uckk.php,107
theme_uckk,dashboardintegrity,en,theme/uckk/lang/en/theme_uckk.php,116
theme_uckk,dashboardintro,en,theme/uckk/lang/en/theme_uckk.php,103
theme_uckk,dashboardmanager,en,theme/uckk/lang/en/theme_uckk.php,108
theme_uckk,dashboardmentor,en,theme/uckk/lang/en/theme_uckk.php,105
theme_uckk,dashboardopenchallenges,en,theme/uckk/lang/en/theme_uckk.php,112
theme_uckk,dashboardpathway,en,theme/uckk/lang/en/theme_uckk.php,110
theme_uckk,dashboardplayer,en,theme/uckk/lang/en/theme_uckk.php,104
theme_uckk,dashboardportfolio,en,theme/uckk/lang/en/theme_uckk.php,120
theme_uckk,dashboardprogress,en,theme/uckk/lang/en/theme_uckk.php,109
theme_uckk,dashboardsettings,en,theme/uckk/lang/en/theme_uckk.php,253
theme_uckk,dashboardsettings_desc,en,theme/uckk/lang/en/theme_uckk.php,254
theme_uckk,dashboardtitle,en,theme/uckk/lang/en/theme_uckk.php,102
theme_uckk,defis,en,theme/uckk/lang/en/theme_uckk.php,49
theme_uckk,error:missingconfig,en,theme/uckk/lang/en/theme_uckk.php,361
theme_uckk,error:missinglocaluckk,en,theme/uckk/lang/en/theme_uckk.php,362
theme_uckk,ethicallimit,en,theme/uckk/lang/en/theme_uckk.php,77
theme_uckk,fictionfactboundary,en,theme/uckk/lang/en/theme_uckk.php,76
theme_uckk,finalformula1,en,theme/uckk/lang/en/theme_uckk.php,59
theme_uckk,finalformula2,en,theme/uckk/lang/en/theme_uckk.php,60
theme_uckk,finalformula3,en,theme/uckk/lang/en/theme_uckk.php,61
theme_uckk,finalformula4,en,theme/uckk/lang/en/theme_uckk.php,62
theme_uckk,footer_about,fr,theme/uckk/lang/fr/theme_uckk.php,378
theme_uckk,footer_accessibility,fr,theme/uckk/lang/fr/theme_uckk.php,382
theme_uckk,footer_canon,fr,theme/uckk/lang/fr/theme_uckk.php,379
theme_uckk,footer_canonicalwarning,fr,theme/uckk/lang/fr/theme_uckk.php,384
theme_uckk,footer_integrity,fr,theme/uckk/lang/fr/theme_uckk.php,380
theme_uckk,footer_poweredby,fr,theme/uckk/lang/fr/theme_uckk.php,383
theme_uckk,footer_privacy,fr,theme/uckk/lang/fr/theme_uckk.php,381
theme_uckk,formula_ai,fr,theme/uckk/lang/fr/theme_uckk.php,66
theme_uckk,formula_governance,fr,theme/uckk/lang/fr/theme_uckk.php,62
theme_uckk,formula_koa_cycle,fr,theme/uckk/lang/fr/theme_uckk.php,64
theme_uckk,formula_short,fr,theme/uckk/lang/fr/theme_uckk.php,63
theme_uckk,formula_warning,fr,theme/uckk/lang/fr/theme_uckk.php,65
theme_uckk,frontpage:archives,en,theme/uckk/lang/en/theme_uckk.php,304
theme_uckk,frontpage:assemblies,en,theme/uckk/lang/en/theme_uckk.php,303
theme_uckk,frontpage:challenges,en,theme/uckk/lang/en/theme_uckk.php,302
theme_uckk,frontpage:commoncore,en,theme/uckk/lang/en/theme_uckk.php,301
theme_uckk,frontpage:cta,en,theme/uckk/lang/en/theme_uckk.php,297
theme_uckk,frontpage:integrity,en,theme/uckk/lang/en/theme_uckk.php,305
theme_uckk,frontpage:learn,en,theme/uckk/lang/en/theme_uckk.php,298
theme_uckk,frontpage:play,en,theme/uckk/lang/en/theme_uckk.php,299
theme_uckk,frontpage:subtitle,en,theme/uckk/lang/en/theme_uckk.php,296
theme_uckk,frontpage:title,en,theme/uckk/lang/en/theme_uckk.php,295
theme_uckk,frontpage:transform,en,theme/uckk/lang/en/theme_uckk.php,300
theme_uckk,frontpage_cta_archives,fr,theme/uckk/lang/fr/theme_uckk.php,99
theme_uckk,frontpage_cta_assemblies,fr,theme/uckk/lang/fr/theme_uckk.php,98
theme_uckk,frontpage_cta_challenges,fr,theme/uckk/lang/fr/theme_uckk.php,97
theme_uckk,frontpage_cta_enter,fr,theme/uckk/lang/fr/theme_uckk.php,94
theme_uckk,frontpage_cta_mypath,fr,theme/uckk/lang/fr/theme_uckk.php,95
theme_uckk,frontpage_cta_tronccommun,fr,theme/uckk/lang/fr/theme_uckk.php,96
theme_uckk,frontpage_intro,fr,theme/uckk/lang/fr/theme_uckk.php,93
theme_uckk,frontpage_section_act,fr,theme/uckk/lang/fr/theme_uckk.php,101
theme_uckk,frontpage_section_deliberate,fr,theme/uckk/lang/fr/theme_uckk.php,102
theme_uckk,frontpage_section_integrity,fr,theme/uckk/lang/fr/theme_uckk.php,104
theme_uckk,frontpage_section_learn,fr,theme/uckk/lang/fr/theme_uckk.php,100
theme_uckk,frontpage_section_remember,fr,theme/uckk/lang/fr/theme_uckk.php,103
theme_uckk,frontpage_subtitle,fr,theme/uckk/lang/fr/theme_uckk.php,92
theme_uckk,frontpage_title,fr,theme/uckk/lang/fr/theme_uckk.php,91
theme_uckk,frontpagesettings,en,theme/uckk/lang/en/theme_uckk.php,251
theme_uckk,frontpagesettings_desc,en,theme/uckk/lang/en/theme_uckk.php,252
theme_uckk,generalsettings,en,theme/uckk/lang/en/theme_uckk.php,245
theme_uckk,generalsettings_desc,en,theme/uckk/lang/en/theme_uckk.php,246
theme_uckk,grandjeu,en,theme/uckk/lang/en/theme_uckk.php,39
theme_uckk,grandjeu,fr,theme/uckk/lang/fr/theme_uckk.php,54
theme_uckk,grandjeusocial,en,theme/uckk/lang/en/theme_uckk.php,40
theme_uckk,grandjeusocial,fr,theme/uckk/lang/fr/theme_uckk.php,55
theme_uckk,inquisiteur,en,theme/uckk/lang/en/theme_uckk.php,46
theme_uckk,inquisiteur,fr,theme/uckk/lang/fr/theme_uckk.php,45
theme_uckk,inquisiteurpurpose,en,theme/uckk/lang/en/theme_uckk.php,210
theme_uckk,inquisiteurrole,en,theme/uckk/lang/en/theme_uckk.php,209
theme_uckk,inquisiteurwarning,en,theme/uckk/lang/en/theme_uckk.php,211
theme_uckk,integrity,en,theme/uckk/lang/en/theme_uckk.php,200
theme_uckk,integrity,fr,theme/uckk/lang/fr/theme_uckk.php,234
theme_uckk,integrity_case,fr,theme/uckk/lang/fr/theme_uckk.php,236
theme_uckk,integrity_cases,fr,theme/uckk/lang/fr/theme_uckk.php,237
theme_uckk,integrity_contestable,fr,theme/uckk/lang/fr/theme_uckk.php,243
theme_uckk,integrity_correction,fr,theme/uckk/lang/fr/theme_uckk.php,240
theme_uckk,integrity_guardrail,fr,theme/uckk/lang/fr/theme_uckk.php,244
theme_uckk,integrity_motto,fr,theme/uckk/lang/fr/theme_uckk.php,245
theme_uckk,integrity_noabuse,fr,theme/uckk/lang/fr/theme_uckk.php,247
theme_uckk,integrity_notice,fr,theme/uckk/lang/fr/theme_uckk.php,246
theme_uckk,integrity_open,fr,theme/uckk/lang/fr/theme_uckk.php,238
theme_uckk,integrity_resolved,fr,theme/uckk/lang/fr/theme_uckk.php,241
theme_uckk,integrity_restricted,fr,theme/uckk/lang/fr/theme_uckk.php,242
theme_uckk,integrity_review,fr,theme/uckk/lang/fr/theme_uckk.php,239
theme_uckk,integrity_title,fr,theme/uckk/lang/fr/theme_uckk.php,235
theme_uckk,integritycase,en,theme/uckk/lang/en/theme_uckk.php,201
theme_uckk,integritycases,en,theme/uckk/lang/en/theme_uckk.php,202
theme_uckk,integrityclosed,en,theme/uckk/lang/en/theme_uckk.php,208
theme_uckk,integritycontested,en,theme/uckk/lang/en/theme_uckk.php,206
theme_uckk,integritycorrection,en,theme/uckk/lang/en/theme_uckk.php,207
theme_uckk,integrityformula,en,theme/uckk/lang/en/theme_uckk.php,58
theme_uckk,integrityprotected,en,theme/uckk/lang/en/theme_uckk.php,205
theme_uckk,integrityreview,en,theme/uckk/lang/en/theme_uckk.php,203
theme_uckk,integritysettings,en,theme/uckk/lang/en/theme_uckk.php,255
theme_uckk,integritysettings_desc,en,theme/uckk/lang/en/theme_uckk.php,256
theme_uckk,integritywarning,en,theme/uckk/lang/en/theme_uckk.php,204
theme_uckk,joueur,en,theme/uckk/lang/en/theme_uckk.php,41
theme_uckk,joueur,fr,theme/uckk/lang/fr/theme_uckk.php,51
theme_uckk,joueurlucide,en,theme/uckk/lang/en/theme_uckk.php,42
theme_uckk,joueurlucide,fr,theme/uckk/lang/fr/theme_uckk.php,52
theme_uckk,joueurs,fr,theme/uckk/lang/fr/theme_uckk.php,50
theme_uckk,kingklown,en,theme/uckk/lang/en/theme_uckk.php,36
theme_uckk,kingklown,fr,theme/uckk/lang/fr/theme_uckk.php,44
theme_uckk,koa,en,theme/uckk/lang/en/theme_uckk.php,37
theme_uckk,koa,fr,theme/uckk/lang/fr/theme_uckk.php,41
theme_uckk,koadigitalecosystem,en,theme/uckk/lang/en/theme_uckk.php,38
theme_uckk,koadigitalecosystem,fr,theme/uckk/lang/fr/theme_uckk.php,43
theme_uckk,koamovement,fr,theme/uckk/lang/fr/theme_uckk.php,42
theme_uckk,kristals,en,theme/uckk/lang/en/theme_uckk.php,50
theme_uckk,kristals,fr,theme/uckk/lang/fr/theme_uckk.php,57
theme_uckk,mentor,en,theme/uckk/lang/en/theme_uckk.php,44
theme_uckk,mentor,fr,theme/uckk/lang/fr/theme_uckk.php,53
theme_uckk,nav_adminuckk,fr,theme/uckk/lang/fr/theme_uckk.php,83
theme_uckk,nav_archives,fr,theme/uckk/lang/fr/theme_uckk.php,76
theme_uckk,nav_assemblies,fr,theme/uckk/lang/fr/theme_uckk.php,75
theme_uckk,nav_badges,fr,theme/uckk/lang/fr/theme_uckk.php,78
theme_uckk,nav_challenges,fr,theme/uckk/lang/fr/theme_uckk.php,74
theme_uckk,nav_competencies,fr,theme/uckk/lang/fr/theme_uckk.php,79
theme_uckk,nav_courses,fr,theme/uckk/lang/fr/theme_uckk.php,71
theme_uckk,nav_dashboard,fr,theme/uckk/lang/fr/theme_uckk.php,84
theme_uckk,nav_glossary,fr,theme/uckk/lang/fr/theme_uckk.php,81
theme_uckk,nav_help,fr,theme/uckk/lang/fr/theme_uckk.php,86
theme_uckk,nav_home,fr,theme/uckk/lang/fr/theme_uckk.php,69
theme_uckk,nav_integrity,fr,theme/uckk/lang/fr/theme_uckk.php,80
theme_uckk,nav_koa,fr,theme/uckk/lang/fr/theme_uckk.php,82
theme_uckk,nav_mypath,fr,theme/uckk/lang/fr/theme_uckk.php,70
theme_uckk,nav_portfolio,fr,theme/uckk/lang/fr/theme_uckk.php,77
theme_uckk,nav_profile,fr,theme/uckk/lang/fr/theme_uckk.php,88
theme_uckk,nav_programs,fr,theme/uckk/lang/fr/theme_uckk.php,73
theme_uckk,nav_reports,fr,theme/uckk/lang/fr/theme_uckk.php,85
theme_uckk,nav_search,fr,theme/uckk/lang/fr/theme_uckk.php,87
theme_uckk,nav_tronccommun,fr,theme/uckk/lang/fr/theme_uckk.php,72
theme_uckk,navadmin,en,theme/uckk/lang/en/theme_uckk.php,96
theme_uckk,navarchives,en,theme/uckk/lang/en/theme_uckk.php,88
theme_uckk,navassemblies,en,theme/uckk/lang/en/theme_uckk.php,87
theme_uckk,navbadges,en,theme/uckk/lang/en/theme_uckk.php,90
theme_uckk,navchallenges,en,theme/uckk/lang/en/theme_uckk.php,86
theme_uckk,navcompetencies,en,theme/uckk/lang/en/theme_uckk.php,91
theme_uckk,navcourses,en,theme/uckk/lang/en/theme_uckk.php,83
theme_uckk,navglossary,en,theme/uckk/lang/en/theme_uckk.php,97
theme_uckk,navhome,en,theme/uckk/lang/en/theme_uckk.php,80
theme_uckk,navigationsettings,en,theme/uckk/lang/en/theme_uckk.php,249
theme_uckk,navigationsettings_desc,en,theme/uckk/lang/en/theme_uckk.php,250
theme_uckk,navinquisiteur,en,theme/uckk/lang/en/theme_uckk.php,93
theme_uckk,navintegrity,en,theme/uckk/lang/en/theme_uckk.php,92
theme_uckk,navkoaecosystem,en,theme/uckk/lang/en/theme_uckk.php,98
theme_uckk,navmycampus,en,theme/uckk/lang/en/theme_uckk.php,81
theme_uckk,navmypathway,en,theme/uckk/lang/en/theme_uckk.php,82
theme_uckk,navportfolio,en,theme/uckk/lang/en/theme_uckk.php,89
theme_uckk,navprogrammes,en,theme/uckk/lang/en/theme_uckk.php,85
theme_uckk,navreports,en,theme/uckk/lang/en/theme_uckk.php,94
theme_uckk,navsettings,en,theme/uckk/lang/en/theme_uckk.php,95
theme_uckk,navtronccommun,en,theme/uckk/lang/en/theme_uckk.php,84
theme_uckk,notaccredited,en,theme/uckk/lang/en/theme_uckk.php,74
theme_uckk,notaccreditedtitle,en,theme/uckk/lang/en/theme_uckk.php,73
theme_uckk,notice:archiverequired,en,theme/uckk/lang/en/theme_uckk.php,366
theme_uckk,notice:contestable,en,theme/uckk/lang/en/theme_uckk.php,367
theme_uckk,notice:coreunchanged,en,theme/uckk/lang/en/theme_uckk.php,363
theme_uckk,notice:evidencerequired,en,theme/uckk/lang/en/theme_uckk.php,365
theme_uckk,notice:internalrecognition,en,theme/uckk/lang/en/theme_uckk.php,364
theme_uckk,notlegalcourt,en,theme/uckk/lang/en/theme_uckk.php,75
theme_uckk,pluginname,en,theme/uckk/lang/en/theme_uckk.php,24
theme_uckk,pluginname,fr,theme/uckk/lang/fr/theme_uckk.php,23
theme_uckk,portfolio,fr,theme/uckk/lang/fr/theme_uckk.php,58
theme_uckk,portfolios,fr,theme/uckk/lang/fr/theme_uckk.php,59
theme_uckk,preuves,fr,theme/uckk/lang/fr/theme_uckk.php,56
theme_uckk,privacy:metadata,en,theme/uckk/lang/en/theme_uckk.php,27
theme_uckk,program_ai,fr,theme/uckk/lang/fr/theme_uckk.php,166
theme_uckk,program_ecology,fr,theme/uckk/lang/fr/theme_uckk.php,164
theme_uckk,program_economy,fr,theme/uckk/lang/fr/theme_uckk.php,163
theme_uckk,program_gjs,fr,theme/uckk/lang/fr/theme_uckk.php,159
theme_uckk,program_koa_digital,fr,theme/uckk/lang/fr/theme_uckk.php,160
theme_uckk,program_labs,fr,theme/uckk/lang/fr/theme_uckk.php,170
theme_uckk,program_linguistics,fr,theme/uckk/lang/fr/theme_uckk.php,167
theme_uckk,program_livingmedia,fr,theme/uckk/lang/fr/theme_uckk.php,169
theme_uckk,program_metaphysics,fr,theme/uckk/lang/fr/theme_uckk.php,165
theme_uckk,program_politics,fr,theme/uckk/lang/fr/theme_uckk.php,162
theme_uckk,program_socialintervention,fr,theme/uckk/lang/fr/theme_uckk.php,168
theme_uckk,program_sociotech,fr,theme/uckk/lang/fr/theme_uckk.php,161
theme_uckk,program_tronccommun,fr,theme/uckk/lang/fr/theme_uckk.php,158
theme_uckk,programs,fr,theme/uckk/lang/fr/theme_uckk.php,157
theme_uckk,proof,en,theme/uckk/lang/en/theme_uckk.php,216
theme_uckk,proof,fr,theme/uckk/lang/fr/theme_uckk.php,250
theme_uckk,proof_add,fr,theme/uckk/lang/fr/theme_uckk.php,252
theme_uckk,proof_contest,fr,theme/uckk/lang/fr/theme_uckk.php,256
theme_uckk,proof_invalid,fr,theme/uckk/lang/fr/theme_uckk.php,257
theme_uckk,proof_pending,fr,theme/uckk/lang/fr/theme_uckk.php,258
theme_uckk,proof_submit,fr,theme/uckk/lang/fr/theme_uckk.php,253
theme_uckk,proof_validate,fr,theme/uckk/lang/fr/theme_uckk.php,255
theme_uckk,proof_verified,fr,theme/uckk/lang/fr/theme_uckk.php,259
theme_uckk,proof_view,fr,theme/uckk/lang/fr/theme_uckk.php,254
theme_uckk,proofcontested,en,theme/uckk/lang/en/theme_uckk.php,221
theme_uckk,proofinvalidated,en,theme/uckk/lang/en/theme_uckk.php,222
theme_uckk,proofrequired,en,theme/uckk/lang/en/theme_uckk.php,218
theme_uckk,proofs,en,theme/uckk/lang/en/theme_uckk.php,217
theme_uckk,proofs,fr,theme/uckk/lang/fr/theme_uckk.php,251
theme_uckk,proofsubmitted,en,theme/uckk/lang/en/theme_uckk.php,219
theme_uckk,proofvalidated,en,theme/uckk/lang/en/theme_uckk.php,220
theme_uckk,provenance,en,theme/uckk/lang/en/theme_uckk.php,223
theme_uckk,provenance,fr,theme/uckk/lang/fr/theme_uckk.php,260
theme_uckk,provenance_ai,fr,theme/uckk/lang/fr/theme_uckk.php,262
theme_uckk,provenance_human,fr,theme/uckk/lang/fr/theme_uckk.php,261
theme_uckk,provenance_imported,fr,theme/uckk/lang/fr/theme_uckk.php,263
theme_uckk,provenance_system,fr,theme/uckk/lang/fr/theme_uckk.php,264
theme_uckk,provenanceaiassisted,en,theme/uckk/lang/en/theme_uckk.php,225
theme_uckk,provenancearchive,en,theme/uckk/lang/en/theme_uckk.php,228
theme_uckk,provenanceassembly,en,theme/uckk/lang/en/theme_uckk.php,230
theme_uckk,provenancechallenge,en,theme/uckk/lang/en/theme_uckk.php,229
theme_uckk,provenancehuman,en,theme/uckk/lang/en/theme_uckk.php,224
theme_uckk,provenanceimported,en,theme/uckk/lang/en/theme_uckk.php,226
theme_uckk,provenanceintegrity,en,theme/uckk/lang/en/theme_uckk.php,231
theme_uckk,provenancesystem,en,theme/uckk/lang/en/theme_uckk.php,227
theme_uckk,publicmessage,en,theme/uckk/lang/en/theme_uckk.php,56
theme_uckk,publicmessageshort,en,theme/uckk/lang/en/theme_uckk.php,57
theme_uckk,report_archives,fr,theme/uckk/lang/fr/theme_uckk.php,324
theme_uckk,report_assemblies,fr,theme/uckk/lang/fr/theme_uckk.php,323
theme_uckk,report_badges,fr,theme/uckk/lang/fr/theme_uckk.php,326
theme_uckk,report_challenges,fr,theme/uckk/lang/fr/theme_uckk.php,322
theme_uckk,report_cohortprogress,fr,theme/uckk/lang/fr/theme_uckk.php,320
theme_uckk,report_competencies,fr,theme/uckk/lang/fr/theme_uckk.php,327
theme_uckk,report_integrity,fr,theme/uckk/lang/fr/theme_uckk.php,325
theme_uckk,report_playerprogress,fr,theme/uckk/lang/fr/theme_uckk.php,319
theme_uckk,report_programprogress,fr,theme/uckk/lang/fr/theme_uckk.php,321
theme_uckk,reports,fr,theme/uckk/lang/fr/theme_uckk.php,318
theme_uckk,samekingquestioned,en,theme/uckk/lang/en/theme_uckk.php,212
theme_uckk,sealtext,en,theme/uckk/lang/en/theme_uckk.php,55
theme_uckk,setting:accentcolor,en,theme/uckk/lang/en/theme_uckk.php,287
theme_uckk,setting:accentcolor_desc,en,theme/uckk/lang/en/theme_uckk.php,288
theme_uckk,setting:brandcolor,en,theme/uckk/lang/en/theme_uckk.php,285
theme_uckk,setting:brandcolor_desc,en,theme/uckk/lang/en/theme_uckk.php,286
theme_uckk,setting:brandname,en,theme/uckk/lang/en/theme_uckk.php,263
theme_uckk,setting:brandname_desc,en,theme/uckk/lang/en/theme_uckk.php,264
theme_uckk,setting:brandtagline,en,theme/uckk/lang/en/theme_uckk.php,265
theme_uckk,setting:brandtagline_desc,en,theme/uckk/lang/en/theme_uckk.php,266
theme_uckk,setting:dashboardenabled,en,theme/uckk/lang/en/theme_uckk.php,281
theme_uckk,setting:dashboardenabled_desc,en,theme/uckk/lang/en/theme_uckk.php,282
theme_uckk,setting:frontpagecta,en,theme/uckk/lang/en/theme_uckk.php,279
theme_uckk,setting:frontpagecta_desc,en,theme/uckk/lang/en/theme_uckk.php,280
theme_uckk,setting:frontpagehero,en,theme/uckk/lang/en/theme_uckk.php,277
theme_uckk,setting:frontpagehero_desc,en,theme/uckk/lang/en/theme_uckk.php,278
theme_uckk,setting:highcontrast,en,theme/uckk/lang/en/theme_uckk.php,283
theme_uckk,setting:highcontrast_desc,en,theme/uckk/lang/en/theme_uckk.php,284
theme_uckk,setting:institutionalmode,en,theme/uckk/lang/en/theme_uckk.php,291
theme_uckk,setting:institutionalmode_desc,en,theme/uckk/lang/en/theme_uckk.php,292
theme_uckk,setting:publicmessage,en,theme/uckk/lang/en/theme_uckk.php,267
theme_uckk,setting:publicmessage_desc,en,theme/uckk/lang/en/theme_uckk.php,268
theme_uckk,setting:showaiwarning,en,theme/uckk/lang/en/theme_uckk.php,275
theme_uckk,setting:showaiwarning_desc,en,theme/uckk/lang/en/theme_uckk.php,276
theme_uckk,setting:showboundaries,en,theme/uckk/lang/en/theme_uckk.php,271
theme_uckk,setting:showboundaries_desc,en,theme/uckk/lang/en/theme_uckk.php,272
theme_uckk,setting:showintegritynotice,en,theme/uckk/lang/en/theme_uckk.php,273
theme_uckk,setting:showintegritynotice_desc,en,theme/uckk/lang/en/theme_uckk.php,274
theme_uckk,setting:showseal,en,theme/uckk/lang/en/theme_uckk.php,269
theme_uckk,setting:showseal_desc,en,theme/uckk/lang/en/theme_uckk.php,270
theme_uckk,setting:theatermode,en,theme/uckk/lang/en/theme_uckk.php,289
theme_uckk,setting:theatermode_desc,en,theme/uckk/lang/en/theme_uckk.php,290
theme_uckk,setting_dashboardcards,fr,theme/uckk/lang/fr/theme_uckk.php,347
theme_uckk,setting_dashboardcards_desc,fr,theme/uckk/lang/fr/theme_uckk.php,348
theme_uckk,setting_frontpagehero,fr,theme/uckk/lang/fr/theme_uckk.php,345
theme_uckk,setting_frontpagehero_desc,fr,theme/uckk/lang/fr/theme_uckk.php,346
theme_uckk,setting_integritynotice,fr,theme/uckk/lang/fr/theme_uckk.php,351
theme_uckk,setting_integritynotice_desc,fr,theme/uckk/lang/fr/theme_uckk.php,352
theme_uckk,setting_publicarchives,fr,theme/uckk/lang/fr/theme_uckk.php,349
theme_uckk,setting_publicarchives_desc,fr,theme/uckk/lang/fr/theme_uckk.php,350
theme_uckk,setting_showaccreditationnotice,fr,theme/uckk/lang/fr/theme_uckk.php,343
theme_uckk,setting_showaccreditationnotice_desc,fr,theme/uckk/lang/fr/theme_uckk.php,344
theme_uckk,setting_showcanonicalformula,fr,theme/uckk/lang/fr/theme_uckk.php,341
theme_uckk,setting_showcanonicalformula_desc,fr,theme/uckk/lang/fr/theme_uckk.php,342
theme_uckk,setting_showtagline,fr,theme/uckk/lang/fr/theme_uckk.php,339
theme_uckk,setting_showtagline_desc,fr,theme/uckk/lang/fr/theme_uckk.php,340
theme_uckk,settings_advanced,fr,theme/uckk/lang/fr/theme_uckk.php,337
theme_uckk,settings_archives,fr,theme/uckk/lang/fr/theme_uckk.php,336
theme_uckk,settings_brand,fr,theme/uckk/lang/fr/theme_uckk.php,331
theme_uckk,settings_dashboard,fr,theme/uckk/lang/fr/theme_uckk.php,334
theme_uckk,settings_frontpage,fr,theme/uckk/lang/fr/theme_uckk.php,332
theme_uckk,settings_general,fr,theme/uckk/lang/fr/theme_uckk.php,330
theme_uckk,settings_integrity,fr,theme/uckk/lang/fr/theme_uckk.php,335
theme_uckk,settings_navigation,fr,theme/uckk/lang/fr/theme_uckk.php,333
theme_uckk,shortslogan,en,theme/uckk/lang/en/theme_uckk.php,54
theme_uckk,slogan,en,theme/uckk/lang/en/theme_uckk.php,53
theme_uckk,status,fr,theme/uckk/lang/fr/theme_uckk.php,277
theme_uckk,status_active,fr,theme/uckk/lang/fr/theme_uckk.php,279
theme_uckk,status_archived,fr,theme/uckk/lang/fr/theme_uckk.php,288
theme_uckk,status_cancelled,fr,theme/uckk/lang/fr/theme_uckk.php,289
theme_uckk,status_closed,fr,theme/uckk/lang/fr/theme_uckk.php,287
theme_uckk,status_contested,fr,theme/uckk/lang/fr/theme_uckk.php,285
theme_uckk,status_correctionrequired,fr,theme/uckk/lang/fr/theme_uckk.php,284
theme_uckk,status_draft,fr,theme/uckk/lang/fr/theme_uckk.php,278
theme_uckk,status_invalidated,fr,theme/uckk/lang/fr/theme_uckk.php,286
theme_uckk,status_pending,fr,theme/uckk/lang/fr/theme_uckk.php,280
theme_uckk,status_pendingreview,fr,theme/uckk/lang/fr/theme_uckk.php,281
theme_uckk,status_rejected,fr,theme/uckk/lang/fr/theme_uckk.php,283
theme_uckk,status_validated,fr,theme/uckk/lang/fr/theme_uckk.php,282
theme_uckk,statusactive,en,theme/uckk/lang/en/theme_uckk.php,309
theme_uckk,statusarchived,en,theme/uckk/lang/en/theme_uckk.php,318
theme_uckk,statuscancelled,en,theme/uckk/lang/en/theme_uckk.php,319
theme_uckk,statusclosed,en,theme/uckk/lang/en/theme_uckk.php,317
theme_uckk,statuscontested,en,theme/uckk/lang/en/theme_uckk.php,315
theme_uckk,statuscorrectionrequired,en,theme/uckk/lang/en/theme_uckk.php,314
theme_uckk,statusdraft,en,theme/uckk/lang/en/theme_uckk.php,308
theme_uckk,statusinvalidated,en,theme/uckk/lang/en/theme_uckk.php,316
theme_uckk,statuspending,en,theme/uckk/lang/en/theme_uckk.php,310
theme_uckk,statuspendingreview,en,theme/uckk/lang/en/theme_uckk.php,311
theme_uckk,statusrejected,en,theme/uckk/lang/en/theme_uckk.php,313
theme_uckk,statusvalidated,en,theme/uckk/lang/en/theme_uckk.php,312
theme_uckk,tc101,fr,theme/uckk/lang/fr/theme_uckk.php,147
theme_uckk,tc102,fr,theme/uckk/lang/fr/theme_uckk.php,148
theme_uckk,tc103,fr,theme/uckk/lang/fr/theme_uckk.php,149
theme_uckk,tc104,fr,theme/uckk/lang/fr/theme_uckk.php,150
theme_uckk,tc105,fr,theme/uckk/lang/fr/theme_uckk.php,151
theme_uckk,tc106,fr,theme/uckk/lang/fr/theme_uckk.php,152
theme_uckk,tc107,fr,theme/uckk/lang/fr/theme_uckk.php,153
theme_uckk,tc108,fr,theme/uckk/lang/fr/theme_uckk.php,154
theme_uckk,template_back,fr,theme/uckk/lang/fr/theme_uckk.php,361
theme_uckk,template_closemenu,fr,theme/uckk/lang/fr/theme_uckk.php,357
theme_uckk,template_continue,fr,theme/uckk/lang/fr/theme_uckk.php,360
theme_uckk,template_empty,fr,theme/uckk/lang/fr/theme_uckk.php,364
theme_uckk,template_error,fr,theme/uckk/lang/fr/theme_uckk.php,366
theme_uckk,template_loading,fr,theme/uckk/lang/fr/theme_uckk.php,365
theme_uckk,template_next,fr,theme/uckk/lang/fr/theme_uckk.php,362
theme_uckk,template_openmenu,fr,theme/uckk/lang/fr/theme_uckk.php,356
theme_uckk,template_previous,fr,theme/uckk/lang/fr/theme_uckk.php,363
theme_uckk,template_readmore,fr,theme/uckk/lang/fr/theme_uckk.php,359
theme_uckk,template_skipmaincontent,fr,theme/uckk/lang/fr/theme_uckk.php,355
theme_uckk,template_success,fr,theme/uckk/lang/fr/theme_uckk.php,367
theme_uckk,template_viewdetails,fr,theme/uckk/lang/fr/theme_uckk.php,358
theme_uckk,tronccommun,fr,theme/uckk/lang/fr/theme_uckk.php,144
theme_uckk,tronccommun_description,fr,theme/uckk/lang/fr/theme_uckk.php,146
theme_uckk,tronccommun_title,fr,theme/uckk/lang/fr/theme_uckk.php,145
theme_uckk,uckk,en,theme/uckk/lang/en/theme_uckk.php,30
theme_uckk,uckk,fr,theme/uckk/lang/fr/theme_uckk.php,28
theme_uckk,uckkcampus,en,theme/uckk/lang/en/theme_uckk.php,34
theme_uckk,uckkcampus,fr,theme/uckk/lang/fr/theme_uckk.php,30
theme_uckk,uckkdescription,fr,theme/uckk/lang/fr/theme_uckk.php,35
theme_uckk,uckkdistribution,fr,theme/uckk/lang/fr/theme_uckk.php,32
theme_uckk,uckkexperimentalcampus,fr,theme/uckk/lang/fr/theme_uckk.php,38
theme_uckk,uckkfull,en,theme/uckk/lang/en/theme_uckk.php,31
theme_uckk,uckkfullname,fr,theme/uckk/lang/fr/theme_uckk.php,29
theme_uckk,uckkinternalrecognition,fr,theme/uckk/lang/fr/theme_uckk.php,37
theme_uckk,uckkinternational,en,theme/uckk/lang/en/theme_uckk.php,32
theme_uckk,uckkmoodle,en,theme/uckk/lang/en/theme_uckk.php,33
theme_uckk,uckkmoodle,fr,theme/uckk/lang/fr/theme_uckk.php,31
theme_uckk,uckknotaccredited,fr,theme/uckk/lang/fr/theme_uckk.php,36
theme_uckk,uckkshorttagline,fr,theme/uckk/lang/fr/theme_uckk.php,34
theme_uckk,uckktagline,fr,theme/uckk/lang/fr/theme_uckk.php,33
theme_uckk,uckktheme,en,theme/uckk/lang/en/theme_uckk.php,35
theme_uckk,visibility,fr,theme/uckk/lang/fr/theme_uckk.php,292
theme_uckk,visibility_cohort,fr,theme/uckk/lang/fr/theme_uckk.php,297
theme_uckk,visibility_course,fr,theme/uckk/lang/fr/theme_uckk.php,296
theme_uckk,visibility_group,fr,theme/uckk/lang/fr/theme_uckk.php,295
theme_uckk,visibility_institution,fr,theme/uckk/lang/fr/theme_uckk.php,298
theme_uckk,visibility_private,fr,theme/uckk/lang/fr/theme_uckk.php,293
theme_uckk,visibility_public,fr,theme/uckk/lang/fr/theme_uckk.php,299
theme_uckk,visibility_user,fr,theme/uckk/lang/fr/theme_uckk.php,294
theme_uckk,visibilitycohort,en,theme/uckk/lang/en/theme_uckk.php,326
theme_uckk,visibilitycourse,en,theme/uckk/lang/en/theme_uckk.php,325
theme_uckk,visibilitygroup,en,theme/uckk/lang/en/theme_uckk.php,324
theme_uckk,visibilityinstitution,en,theme/uckk/lang/en/theme_uckk.php,327
theme_uckk,visibilityprivate,en,theme/uckk/lang/en/theme_uckk.php,322
theme_uckk,visibilitypublic,en,theme/uckk/lang/en/theme_uckk.php,328
theme_uckk,visibilityuser,en,theme/uckk/lang/en/theme_uckk.php,323
tool_uckkintegrity,actions,en,admin/tool/uckkintegrity/lang/en/tool_uckkintegrity.php,68
tool_uckkintegrity,actions,fr,admin/tool/uckkintegrity/lang/fr/tool_uckkintegrity.php,70
tool_uckkintegrity,appeal,en,admin/tool/uckkintegrity/lang/en/tool_uckkintegrity.php,20
tool_uckkintegrity,appeal,fr,admin/tool/uckkintegrity/lang/fr/tool_uckkintegrity.php,45
tool_uckkintegrity,appealpath,en,admin/tool/uckkintegrity/lang/en/tool_uckkintegrity.php,59
tool_uckkintegrity,appealpath,fr,admin/tool/uckkintegrity/lang/fr/tool_uckkintegrity.php,57
tool_uckkintegrity,appealrecorded,en,admin/tool/uckkintegrity/lang/en/tool_uckkintegrity.php,88
tool_uckkintegrity,appealrecorded,fr,admin/tool/uckkintegrity/lang/fr/tool_uckkintegrity.php,46
tool_uckkintegrity,archiveitemid,en,admin/tool/uckkintegrity/lang/en/tool_uckkintegrity.php,61
tool_uckkintegrity,archiveitemid,fr,admin/tool/uckkintegrity/lang/fr/tool_uckkintegrity.php,59
tool_uckkintegrity,archivesummary,en,admin/tool/uckkintegrity/lang/en/tool_uckkintegrity.php,60
tool_uckkintegrity,archivesummary,fr,admin/tool/uckkintegrity/lang/fr/tool_uckkintegrity.php,58
tool_uckkintegrity,assignedto,en,admin/tool/uckkintegrity/lang/en/tool_uckkintegrity.php,53
tool_uckkintegrity,assignedto,fr,admin/tool/uckkintegrity/lang/fr/tool_uckkintegrity.php,60
tool_uckkintegrity,body,en,admin/tool/uckkintegrity/lang/en/tool_uckkintegrity.php,71
tool_uckkintegrity,body,fr,admin/tool/uckkintegrity/lang/fr/tool_uckkintegrity.php,64
tool_uckkintegrity,case,en,admin/tool/uckkintegrity/lang/en/tool_uckkintegrity.php,15
tool_uckkintegrity,case,fr,admin/tool/uckkintegrity/lang/fr/tool_uckkintegrity.php,37
tool_uckkintegrity,case:view,en,admin/tool/uckkintegrity/lang/en/tool_uckkintegrity.php,16
tool_uckkintegrity,case:view,fr,admin/tool/uckkintegrity/lang/fr/tool_uckkintegrity.php,38
tool_uckkintegrity,caseclosed,en,admin/tool/uckkintegrity/lang/en/tool_uckkintegrity.php,90
tool_uckkintegrity,casefiles,en,admin/tool/uckkintegrity/lang/en/tool_uckkintegrity.php,64
tool_uckkintegrity,casefiles,fr,admin/tool/uckkintegrity/lang/fr/tool_uckkintegrity.php,65
tool_uckkintegrity,caseopened,en,admin/tool/uckkintegrity/lang/en/tool_uckkintegrity.php,85
tool_uckkintegrity,caseopened,fr,admin/tool/uckkintegrity/lang/fr/tool_uckkintegrity.php,40
tool_uckkintegrity,cases,en,admin/tool/uckkintegrity/lang/en/tool_uckkintegrity.php,14
tool_uckkintegrity,cases,fr,admin/tool/uckkintegrity/lang/fr/tool_uckkintegrity.php,36
tool_uckkintegrity,casetype,en,admin/tool/uckkintegrity/lang/en/tool_uckkintegrity.php,48
tool_uckkintegrity,casetype,fr,admin/tool/uckkintegrity/lang/fr/tool_uckkintegrity.php,49
tool_uckkintegrity,contextid,en,admin/tool/uckkintegrity/lang/en/tool_uckkintegrity.php,51
tool_uckkintegrity,correction,en,admin/tool/uckkintegrity/lang/en/tool_uckkintegrity.php,58
tool_uckkintegrity,correction,fr,admin/tool/uckkintegrity/lang/fr/tool_uckkintegrity.php,56
tool_uckkintegrity,correctionrequested,en,admin/tool/uckkintegrity/lang/en/tool_uckkintegrity.php,89
tool_uckkintegrity,created,en,admin/tool/uckkintegrity/lang/en/tool_uckkintegrity.php,65
tool_uckkintegrity,created,fr,admin/tool/uckkintegrity/lang/fr/tool_uckkintegrity.php,67
tool_uckkintegrity,decision,en,admin/tool/uckkintegrity/lang/en/tool_uckkintegrity.php,19
tool_uckkintegrity,decision,fr,admin/tool/uckkintegrity/lang/fr/tool_uckkintegrity.php,43
tool_uckkintegrity,decisionrecorded,en,admin/tool/uckkintegrity/lang/en/tool_uckkintegrity.php,87
tool_uckkintegrity,decisionrecorded,fr,admin/tool/uckkintegrity/lang/fr/tool_uckkintegrity.php,44
tool_uckkintegrity,decisiontext,en,admin/tool/uckkintegrity/lang/en/tool_uckkintegrity.php,57
tool_uckkintegrity,decisiontext,fr,admin/tool/uckkintegrity/lang/fr/tool_uckkintegrity.php,55
tool_uckkintegrity,eventcaseclosed,en,admin/tool/uckkintegrity/lang/en/tool_uckkintegrity.php,108
tool_uckkintegrity,eventcaseclosed,fr,admin/tool/uckkintegrity/lang/fr/tool_uckkintegrity.php,93
tool_uckkintegrity,eventcaseopened,en,admin/tool/uckkintegrity/lang/en/tool_uckkintegrity.php,103
tool_uckkintegrity,eventcaseopened,fr,admin/tool/uckkintegrity/lang/fr/tool_uckkintegrity.php,89
tool_uckkintegrity,eventcasereviewed,en,admin/tool/uckkintegrity/lang/en/tool_uckkintegrity.php,104
tool_uckkintegrity,eventcasereviewed,fr,admin/tool/uckkintegrity/lang/fr/tool_uckkintegrity.php,90
tool_uckkintegrity,eventcorrectionissued,en,admin/tool/uckkintegrity/lang/en/tool_uckkintegrity.php,106
tool_uckkintegrity,eventcorrectionrequested,en,admin/tool/uckkintegrity/lang/en/tool_uckkintegrity.php,105
tool_uckkintegrity,eventcorrectionrequested,fr,admin/tool/uckkintegrity/lang/fr/tool_uckkintegrity.php,91
tool_uckkintegrity,eventiteminvalidated,en,admin/tool/uckkintegrity/lang/en/tool_uckkintegrity.php,107
tool_uckkintegrity,eventiteminvalidated,fr,admin/tool/uckkintegrity/lang/fr/tool_uckkintegrity.php,92
tool_uckkintegrity,invalidcaseid,en,admin/tool/uckkintegrity/lang/en/tool_uckkintegrity.php,94
tool_uckkintegrity,invalidcaseid,fr,admin/tool/uckkintegrity/lang/fr/tool_uckkintegrity.php,83
tool_uckkintegrity,invalidseverity,en,admin/tool/uckkintegrity/lang/en/tool_uckkintegrity.php,99
tool_uckkintegrity,invalidtransition,en,admin/tool/uckkintegrity/lang/en/tool_uckkintegrity.php,96
tool_uckkintegrity,invalidtransition,fr,admin/tool/uckkintegrity/lang/fr/tool_uckkintegrity.php,85
tool_uckkintegrity,invalidvisibility,en,admin/tool/uckkintegrity/lang/en/tool_uckkintegrity.php,100
tool_uckkintegrity,iteminvalidated,en,admin/tool/uckkintegrity/lang/en/tool_uckkintegrity.php,91
tool_uckkintegrity,metadata,en,admin/tool/uckkintegrity/lang/en/tool_uckkintegrity.php,63
tool_uckkintegrity,metadata,fr,admin/tool/uckkintegrity/lang/fr/tool_uckkintegrity.php,62
tool_uckkintegrity,modified,en,admin/tool/uckkintegrity/lang/en/tool_uckkintegrity.php,66
tool_uckkintegrity,modified,fr,admin/tool/uckkintegrity/lang/fr/tool_uckkintegrity.php,68
tool_uckkintegrity,noresults,en,admin/tool/uckkintegrity/lang/en/tool_uckkintegrity.php,82
tool_uckkintegrity,noresults,fr,admin/tool/uckkintegrity/lang/fr/tool_uckkintegrity.php,72
tool_uckkintegrity,note:appeal,en,admin/tool/uckkintegrity/lang/en/tool_uckkintegrity.php,150
tool_uckkintegrity,note:appeal,fr,admin/tool/uckkintegrity/lang/fr/tool_uckkintegrity.php,140
tool_uckkintegrity,note:correction,en,admin/tool/uckkintegrity/lang/en/tool_uckkintegrity.php,149
tool_uckkintegrity,note:correction,fr,admin/tool/uckkintegrity/lang/fr/tool_uckkintegrity.php,139
tool_uckkintegrity,note:decision,en,admin/tool/uckkintegrity/lang/en/tool_uckkintegrity.php,148
tool_uckkintegrity,note:decision,fr,admin/tool/uckkintegrity/lang/fr/tool_uckkintegrity.php,138
tool_uckkintegrity,note:evidence,en,admin/tool/uckkintegrity/lang/en/tool_uckkintegrity.php,146
tool_uckkintegrity,note:evidence,fr,admin/tool/uckkintegrity/lang/fr/tool_uckkintegrity.php,136
tool_uckkintegrity,note:observation,en,admin/tool/uckkintegrity/lang/en/tool_uckkintegrity.php,145
tool_uckkintegrity,note:observation,fr,admin/tool/uckkintegrity/lang/fr/tool_uckkintegrity.php,135
tool_uckkintegrity,note:response,en,admin/tool/uckkintegrity/lang/en/tool_uckkintegrity.php,147
tool_uckkintegrity,note:response,fr,admin/tool/uckkintegrity/lang/fr/tool_uckkintegrity.php,137
tool_uckkintegrity,notes,en,admin/tool/uckkintegrity/lang/en/tool_uckkintegrity.php,69
tool_uckkintegrity,notes,fr,admin/tool/uckkintegrity/lang/fr/tool_uckkintegrity.php,71
tool_uckkintegrity,notetype,en,admin/tool/uckkintegrity/lang/en/tool_uckkintegrity.php,70
tool_uckkintegrity,notetype,fr,admin/tool/uckkintegrity/lang/fr/tool_uckkintegrity.php,63
tool_uckkintegrity,notpermitted,en,admin/tool/uckkintegrity/lang/en/tool_uckkintegrity.php,95
tool_uckkintegrity,notpermitted,fr,admin/tool/uckkintegrity/lang/fr/tool_uckkintegrity.php,84
tool_uckkintegrity,opencase,en,admin/tool/uckkintegrity/lang/en/tool_uckkintegrity.php,17
tool_uckkintegrity,opencase,fr,admin/tool/uckkintegrity/lang/fr/tool_uckkintegrity.php,39
tool_uckkintegrity,openedby,en,admin/tool/uckkintegrity/lang/en/tool_uckkintegrity.php,52
tool_uckkintegrity,openedby,fr,admin/tool/uckkintegrity/lang/fr/tool_uckkintegrity.php,69
tool_uckkintegrity,parties,en,admin/tool/uckkintegrity/lang/en/tool_uckkintegrity.php,72
tool_uckkintegrity,parties,fr,admin/tool/uckkintegrity/lang/fr/tool_uckkintegrity.php,77
tool_uckkintegrity,pluginname,en,admin/tool/uckkintegrity/lang/en/tool_uckkintegrity.php,11
tool_uckkintegrity,pluginname,fr,admin/tool/uckkintegrity/lang/fr/tool_uckkintegrity.php,6
tool_uckkintegrity,privacy:metadata:appeal,en,admin/tool/uckkintegrity/lang/en/tool_uckkintegrity.php,163
tool_uckkintegrity,privacy:metadata:appeal,fr,admin/tool/uckkintegrity/lang/fr/tool_uckkintegrity.php,17
tool_uckkintegrity,privacy:metadata:appeal:body,en,admin/tool/uckkintegrity/lang/en/tool_uckkintegrity.php,165
tool_uckkintegrity,privacy:metadata:appeal:userid,en,admin/tool/uckkintegrity/lang/en/tool_uckkintegrity.php,164
tool_uckkintegrity,privacy:metadata:appeal:userid,fr,admin/tool/uckkintegrity/lang/fr/tool_uckkintegrity.php,18
tool_uckkintegrity,privacy:metadata:case,en,admin/tool/uckkintegrity/lang/en/tool_uckkintegrity.php,153
tool_uckkintegrity,privacy:metadata:case,fr,admin/tool/uckkintegrity/lang/fr/tool_uckkintegrity.php,8
tool_uckkintegrity,privacy:metadata:case:assignedto,en,admin/tool/uckkintegrity/lang/en/tool_uckkintegrity.php,155
tool_uckkintegrity,privacy:metadata:case:assignedto,fr,admin/tool/uckkintegrity/lang/fr/tool_uckkintegrity.php,10
tool_uckkintegrity,privacy:metadata:case:correction,en,admin/tool/uckkintegrity/lang/en/tool_uckkintegrity.php,158
tool_uckkintegrity,privacy:metadata:case:correction,fr,admin/tool/uckkintegrity/lang/fr/tool_uckkintegrity.php,13
tool_uckkintegrity,privacy:metadata:case:decision,en,admin/tool/uckkintegrity/lang/en/tool_uckkintegrity.php,157
tool_uckkintegrity,privacy:metadata:case:decision,fr,admin/tool/uckkintegrity/lang/fr/tool_uckkintegrity.php,12
tool_uckkintegrity,privacy:metadata:case:metadata,en,admin/tool/uckkintegrity/lang/en/tool_uckkintegrity.php,159
tool_uckkintegrity,privacy:metadata:case:openedby,en,admin/tool/uckkintegrity/lang/en/tool_uckkintegrity.php,154
tool_uckkintegrity,privacy:metadata:case:openedby,fr,admin/tool/uckkintegrity/lang/fr/tool_uckkintegrity.php,9
tool_uckkintegrity,privacy:metadata:case:summary,en,admin/tool/uckkintegrity/lang/en/tool_uckkintegrity.php,156
tool_uckkintegrity,privacy:metadata:case:summary,fr,admin/tool/uckkintegrity/lang/fr/tool_uckkintegrity.php,11
tool_uckkintegrity,privacy:metadata:note,en,admin/tool/uckkintegrity/lang/en/tool_uckkintegrity.php,160
tool_uckkintegrity,privacy:metadata:note,fr,admin/tool/uckkintegrity/lang/fr/tool_uckkintegrity.php,14
tool_uckkintegrity,privacy:metadata:note:body,en,admin/tool/uckkintegrity/lang/en/tool_uckkintegrity.php,162
tool_uckkintegrity,privacy:metadata:note:body,fr,admin/tool/uckkintegrity/lang/fr/tool_uckkintegrity.php,16
tool_uckkintegrity,privacy:metadata:note:userid,en,admin/tool/uckkintegrity/lang/en/tool_uckkintegrity.php,161
tool_uckkintegrity,privacy:metadata:note:userid,fr,admin/tool/uckkintegrity/lang/fr/tool_uckkintegrity.php,15
tool_uckkintegrity,privacy:pathappeals,en,admin/tool/uckkintegrity/lang/en/tool_uckkintegrity.php,168
tool_uckkintegrity,privacy:pathappeals,fr,admin/tool/uckkintegrity/lang/fr/tool_uckkintegrity.php,21
tool_uckkintegrity,privacy:pathcases,en,admin/tool/uckkintegrity/lang/en/tool_uckkintegrity.php,166
tool_uckkintegrity,privacy:pathcases,fr,admin/tool/uckkintegrity/lang/fr/tool_uckkintegrity.php,19
tool_uckkintegrity,privacy:pathnotes,en,admin/tool/uckkintegrity/lang/en/tool_uckkintegrity.php,167
tool_uckkintegrity,privacy:pathnotes,fr,admin/tool/uckkintegrity/lang/fr/tool_uckkintegrity.php,20
tool_uckkintegrity,public_summary,en,admin/tool/uckkintegrity/lang/en/tool_uckkintegrity.php,73
tool_uckkintegrity,public_summary,fr,admin/tool/uckkintegrity/lang/fr/tool_uckkintegrity.php,78
tool_uckkintegrity,recentcases,en,admin/tool/uckkintegrity/lang/en/tool_uckkintegrity.php,79
tool_uckkintegrity,recentcases,fr,admin/tool/uckkintegrity/lang/fr/tool_uckkintegrity.php,75
tool_uckkintegrity,recorddecision,en,admin/tool/uckkintegrity/lang/en/tool_uckkintegrity.php,77
tool_uckkintegrity,recorddecision,fr,admin/tool/uckkintegrity/lang/fr/tool_uckkintegrity.php,80
tool_uckkintegrity,report,en,admin/tool/uckkintegrity/lang/en/tool_uckkintegrity.php,21
tool_uckkintegrity,report,fr,admin/tool/uckkintegrity/lang/fr/tool_uckkintegrity.php,47
tool_uckkintegrity,restricted,en,admin/tool/uckkintegrity/lang/en/tool_uckkintegrity.php,74
tool_uckkintegrity,restricted,fr,admin/tool/uckkintegrity/lang/fr/tool_uckkintegrity.php,76
tool_uckkintegrity,reviewcase,en,admin/tool/uckkintegrity/lang/en/tool_uckkintegrity.php,18
tool_uckkintegrity,reviewcase,fr,admin/tool/uckkintegrity/lang/fr/tool_uckkintegrity.php,41
tool_uckkintegrity,reviewrecorded,en,admin/tool/uckkintegrity/lang/en/tool_uckkintegrity.php,86
tool_uckkintegrity,reviewrecorded,fr,admin/tool/uckkintegrity/lang/fr/tool_uckkintegrity.php,42
tool_uckkintegrity,save,en,admin/tool/uckkintegrity/lang/en/tool_uckkintegrity.php,75
tool_uckkintegrity,save,fr,admin/tool/uckkintegrity/lang/fr/tool_uckkintegrity.php,66
tool_uckkintegrity,settings:appealwindow,en,admin/tool/uckkintegrity/lang/en/tool_uckkintegrity.php,30
tool_uckkintegrity,settings:appealwindow,fr,admin/tool/uckkintegrity/lang/fr/tool_uckkintegrity.php,29
tool_uckkintegrity,settings:appealwindow_desc,en,admin/tool/uckkintegrity/lang/en/tool_uckkintegrity.php,31
tool_uckkintegrity,settings:appealwindow_desc,fr,admin/tool/uckkintegrity/lang/fr/tool_uckkintegrity.php,30
tool_uckkintegrity,settings:defaultseverity,en,admin/tool/uckkintegrity/lang/en/tool_uckkintegrity.php,28
tool_uckkintegrity,settings:defaultseverity,fr,admin/tool/uckkintegrity/lang/fr/tool_uckkintegrity.php,27
tool_uckkintegrity,settings:defaultseverity_desc,en,admin/tool/uckkintegrity/lang/en/tool_uckkintegrity.php,29
tool_uckkintegrity,settings:defaultseverity_desc,fr,admin/tool/uckkintegrity/lang/fr/tool_uckkintegrity.php,28
tool_uckkintegrity,settings:enabled,en,admin/tool/uckkintegrity/lang/en/tool_uckkintegrity.php,26
tool_uckkintegrity,settings:enabled,fr,admin/tool/uckkintegrity/lang/fr/tool_uckkintegrity.php,25
tool_uckkintegrity,settings:enabled_desc,en,admin/tool/uckkintegrity/lang/en/tool_uckkintegrity.php,27
tool_uckkintegrity,settings:enabled_desc,fr,admin/tool/uckkintegrity/lang/fr/tool_uckkintegrity.php,26
tool_uckkintegrity,settings:general,en,admin/tool/uckkintegrity/lang/en/tool_uckkintegrity.php,24
tool_uckkintegrity,settings:general,fr,admin/tool/uckkintegrity/lang/fr/tool_uckkintegrity.php,23
tool_uckkintegrity,settings:general_desc,en,admin/tool/uckkintegrity/lang/en/tool_uckkintegrity.php,25
tool_uckkintegrity,settings:general_desc,fr,admin/tool/uckkintegrity/lang/fr/tool_uckkintegrity.php,24
tool_uckkintegrity,settings:restrictpublicsummaries,en,admin/tool/uckkintegrity/lang/en/tool_uckkintegrity.php,32
tool_uckkintegrity,settings:restrictpublicsummaries,fr,admin/tool/uckkintegrity/lang/fr/tool_uckkintegrity.php,31
tool_uckkintegrity,settings:restrictpublicsummaries_desc,en,admin/tool/uckkintegrity/lang/en/tool_uckkintegrity.php,33
tool_uckkintegrity,settings:restrictpublicsummaries_desc,fr,admin/tool/uckkintegrity/lang/fr/tool_uckkintegrity.php,32
tool_uckkintegrity,settings:retentiondays,en,admin/tool/uckkintegrity/lang/en/tool_uckkintegrity.php,34
tool_uckkintegrity,settings:retentiondays,fr,admin/tool/uckkintegrity/lang/fr/tool_uckkintegrity.php,33
tool_uckkintegrity,settings:retentiondays_desc,en,admin/tool/uckkintegrity/lang/en/tool_uckkintegrity.php,35
tool_uckkintegrity,settings:retentiondays_desc,fr,admin/tool/uckkintegrity/lang/fr/tool_uckkintegrity.php,34
tool_uckkintegrity,severity,en,admin/tool/uckkintegrity/lang/en/tool_uckkintegrity.php,54
tool_uckkintegrity,severity,fr,admin/tool/uckkintegrity/lang/fr/tool_uckkintegrity.php,52
tool_uckkintegrity,severity:critical,en,admin/tool/uckkintegrity/lang/en/tool_uckkintegrity.php,114
tool_uckkintegrity,severity:critical,fr,admin/tool/uckkintegrity/lang/fr/tool_uckkintegrity.php,107
tool_uckkintegrity,severity:high,en,admin/tool/uckkintegrity/lang/en/tool_uckkintegrity.php,113
tool_uckkintegrity,severity:high,fr,admin/tool/uckkintegrity/lang/fr/tool_uckkintegrity.php,106
tool_uckkintegrity,severity:low,en,admin/tool/uckkintegrity/lang/en/tool_uckkintegrity.php,111
tool_uckkintegrity,severity:low,fr,admin/tool/uckkintegrity/lang/fr/tool_uckkintegrity.php,104
tool_uckkintegrity,severity:normal,en,admin/tool/uckkintegrity/lang/en/tool_uckkintegrity.php,112
tool_uckkintegrity,severity:normal,fr,admin/tool/uckkintegrity/lang/fr/tool_uckkintegrity.php,105
tool_uckkintegrity,severitycounts,en,admin/tool/uckkintegrity/lang/en/tool_uckkintegrity.php,81
tool_uckkintegrity,severitycounts,fr,admin/tool/uckkintegrity/lang/fr/tool_uckkintegrity.php,74
tool_uckkintegrity,status,en,admin/tool/uckkintegrity/lang/en/tool_uckkintegrity.php,55
tool_uckkintegrity,status,fr,admin/tool/uckkintegrity/lang/fr/tool_uckkintegrity.php,53
tool_uckkintegrity,status:archived,en,admin/tool/uckkintegrity/lang/en/tool_uckkintegrity.php,137
tool_uckkintegrity,status:archived,fr,admin/tool/uckkintegrity/lang/fr/tool_uckkintegrity.php,128
tool_uckkintegrity,status:assigned,en,admin/tool/uckkintegrity/lang/en/tool_uckkintegrity.php,132
tool_uckkintegrity,status:assigned,fr,admin/tool/uckkintegrity/lang/fr/tool_uckkintegrity.php,123
tool_uckkintegrity,status:closed,en,admin/tool/uckkintegrity/lang/en/tool_uckkintegrity.php,142
tool_uckkintegrity,status:closed,fr,admin/tool/uckkintegrity/lang/fr/tool_uckkintegrity.php,133
tool_uckkintegrity,status:correction_required,en,admin/tool/uckkintegrity/lang/en/tool_uckkintegrity.php,135
tool_uckkintegrity,status:correction_required,fr,admin/tool/uckkintegrity/lang/fr/tool_uckkintegrity.php,126
tool_uckkintegrity,status:dismissed,en,admin/tool/uckkintegrity/lang/en/tool_uckkintegrity.php,138
tool_uckkintegrity,status:dismissed,fr,admin/tool/uckkintegrity/lang/fr/tool_uckkintegrity.php,129
tool_uckkintegrity,status:escalated,en,admin/tool/uckkintegrity/lang/en/tool_uckkintegrity.php,139
tool_uckkintegrity,status:escalated,fr,admin/tool/uckkintegrity/lang/fr/tool_uckkintegrity.php,130
tool_uckkintegrity,status:opened,en,admin/tool/uckkintegrity/lang/en/tool_uckkintegrity.php,130
tool_uckkintegrity,status:opened,fr,admin/tool/uckkintegrity/lang/fr/tool_uckkintegrity.php,121
tool_uckkintegrity,status:paused,en,admin/tool/uckkintegrity/lang/en/tool_uckkintegrity.php,140
tool_uckkintegrity,status:paused,fr,admin/tool/uckkintegrity/lang/fr/tool_uckkintegrity.php,131
tool_uckkintegrity,status:reopened,en,admin/tool/uckkintegrity/lang/en/tool_uckkintegrity.php,141
tool_uckkintegrity,status:reopened,fr,admin/tool/uckkintegrity/lang/fr/tool_uckkintegrity.php,132
tool_uckkintegrity,status:resolved,en,admin/tool/uckkintegrity/lang/en/tool_uckkintegrity.php,136
tool_uckkintegrity,status:resolved,fr,admin/tool/uckkintegrity/lang/fr/tool_uckkintegrity.php,127
tool_uckkintegrity,status:triaged,en,admin/tool/uckkintegrity/lang/en/tool_uckkintegrity.php,131
tool_uckkintegrity,status:triaged,fr,admin/tool/uckkintegrity/lang/fr/tool_uckkintegrity.php,122
tool_uckkintegrity,status:under_review,en,admin/tool/uckkintegrity/lang/en/tool_uckkintegrity.php,133
tool_uckkintegrity,status:under_review,fr,admin/tool/uckkintegrity/lang/fr/tool_uckkintegrity.php,124
tool_uckkintegrity,status:waiting_for_response,en,admin/tool/uckkintegrity/lang/en/tool_uckkintegrity.php,134
tool_uckkintegrity,status:waiting_for_response,fr,admin/tool/uckkintegrity/lang/fr/tool_uckkintegrity.php,125
tool_uckkintegrity,statuscounts,en,admin/tool/uckkintegrity/lang/en/tool_uckkintegrity.php,80
tool_uckkintegrity,statuscounts,fr,admin/tool/uckkintegrity/lang/fr/tool_uckkintegrity.php,73
tool_uckkintegrity,subjectcomponent,en,admin/tool/uckkintegrity/lang/en/tool_uckkintegrity.php,49
tool_uckkintegrity,subjectcomponent,fr,admin/tool/uckkintegrity/lang/fr/tool_uckkintegrity.php,50
tool_uckkintegrity,subjectid,en,admin/tool/uckkintegrity/lang/en/tool_uckkintegrity.php,50
tool_uckkintegrity,subjectid,fr,admin/tool/uckkintegrity/lang/fr/tool_uckkintegrity.php,51
tool_uckkintegrity,submitappeal,en,admin/tool/uckkintegrity/lang/en/tool_uckkintegrity.php,78
tool_uckkintegrity,submitappeal,fr,admin/tool/uckkintegrity/lang/fr/tool_uckkintegrity.php,81
tool_uckkintegrity,summary,en,admin/tool/uckkintegrity/lang/en/tool_uckkintegrity.php,56
tool_uckkintegrity,summary,fr,admin/tool/uckkintegrity/lang/fr/tool_uckkintegrity.php,54
tool_uckkintegrity,timeclosed,en,admin/tool/uckkintegrity/lang/en/tool_uckkintegrity.php,67
tool_uckkintegrity,type:ai_misuse,en,admin/tool/uckkintegrity/lang/en/tool_uckkintegrity.php,119
tool_uckkintegrity,type:ai_misuse,fr,admin/tool/uckkintegrity/lang/fr/tool_uckkintegrity.php,111
tool_uckkintegrity,type:archive_correction,en,admin/tool/uckkintegrity/lang/en/tool_uckkintegrity.php,126
tool_uckkintegrity,type:archive_correction,fr,admin/tool/uckkintegrity/lang/fr/tool_uckkintegrity.php,118
tool_uckkintegrity,type:assembly_dispute,en,admin/tool/uckkintegrity/lang/en/tool_uckkintegrity.php,125
tool_uckkintegrity,type:assembly_dispute,fr,admin/tool/uckkintegrity/lang/fr/tool_uckkintegrity.php,117
tool_uckkintegrity,type:assessment_dispute,en,admin/tool/uckkintegrity/lang/en/tool_uckkintegrity.php,123
tool_uckkintegrity,type:assessment_dispute,fr,admin/tool/uckkintegrity/lang/fr/tool_uckkintegrity.php,115
tool_uckkintegrity,type:authority_capture,en,admin/tool/uckkintegrity/lang/en/tool_uckkintegrity.php,122
tool_uckkintegrity,type:authority_capture,fr,admin/tool/uckkintegrity/lang/fr/tool_uckkintegrity.php,114
tool_uckkintegrity,type:challenge_dispute,en,admin/tool/uckkintegrity/lang/en/tool_uckkintegrity.php,124
tool_uckkintegrity,type:challenge_dispute,fr,admin/tool/uckkintegrity/lang/fr/tool_uckkintegrity.php,116
tool_uckkintegrity,type:dignity_violation,en,admin/tool/uckkintegrity/lang/en/tool_uckkintegrity.php,121
tool_uckkintegrity,type:dignity_violation,fr,admin/tool/uckkintegrity/lang/fr/tool_uckkintegrity.php,113
tool_uckkintegrity,type:fiction_fact_confusion,en,admin/tool/uckkintegrity/lang/en/tool_uckkintegrity.php,118
tool_uckkintegrity,type:fiction_fact_confusion,fr,admin/tool/uckkintegrity/lang/fr/tool_uckkintegrity.php,110
tool_uckkintegrity,type:harassment_or_humiliation,en,admin/tool/uckkintegrity/lang/en/tool_uckkintegrity.php,120
tool_uckkintegrity,type:harassment_or_humiliation,fr,admin/tool/uckkintegrity/lang/fr/tool_uckkintegrity.php,112
tool_uckkintegrity,type:privacy_concern,en,admin/tool/uckkintegrity/lang/en/tool_uckkintegrity.php,127
tool_uckkintegrity,type:privacy_concern,fr,admin/tool/uckkintegrity/lang/fr/tool_uckkintegrity.php,119
tool_uckkintegrity,type:proof_quality,en,admin/tool/uckkintegrity/lang/en/tool_uckkintegrity.php,117
tool_uckkintegrity,type:proof_quality,fr,admin/tool/uckkintegrity/lang/fr/tool_uckkintegrity.php,109
tool_uckkintegrity,uckkintegrity:assigncase,en,admin/tool/uckkintegrity/lang/en/tool_uckkintegrity.php,41
tool_uckkintegrity,uckkintegrity:assigncase,fr,admin/tool/uckkintegrity/lang/fr/tool_uckkintegrity.php,98
tool_uckkintegrity,uckkintegrity:closecase,en,admin/tool/uckkintegrity/lang/en/tool_uckkintegrity.php,44
tool_uckkintegrity,uckkintegrity:closecase,fr,admin/tool/uckkintegrity/lang/fr/tool_uckkintegrity.php,101
tool_uckkintegrity,uckkintegrity:invalidate,en,admin/tool/uckkintegrity/lang/en/tool_uckkintegrity.php,43
tool_uckkintegrity,uckkintegrity:invalidate,fr,admin/tool/uckkintegrity/lang/fr/tool_uckkintegrity.php,100
tool_uckkintegrity,uckkintegrity:issuecorrection,en,admin/tool/uckkintegrity/lang/en/tool_uckkintegrity.php,42
tool_uckkintegrity,uckkintegrity:issuecorrection,fr,admin/tool/uckkintegrity/lang/fr/tool_uckkintegrity.php,99
tool_uckkintegrity,uckkintegrity:opencase,en,admin/tool/uckkintegrity/lang/en/tool_uckkintegrity.php,39
tool_uckkintegrity,uckkintegrity:opencase,fr,admin/tool/uckkintegrity/lang/fr/tool_uckkintegrity.php,96
tool_uckkintegrity,uckkintegrity:reviewcase,en,admin/tool/uckkintegrity/lang/en/tool_uckkintegrity.php,40
tool_uckkintegrity,uckkintegrity:reviewcase,fr,admin/tool/uckkintegrity/lang/fr/tool_uckkintegrity.php,97
tool_uckkintegrity,uckkintegrity:view,en,admin/tool/uckkintegrity/lang/en/tool_uckkintegrity.php,38
tool_uckkintegrity,uckkintegrity:view,fr,admin/tool/uckkintegrity/lang/fr/tool_uckkintegrity.php,95
tool_uckkintegrity,uckkintegrity:viewrestricted,en,admin/tool/uckkintegrity/lang/en/tool_uckkintegrity.php,45
tool_uckkintegrity,uckkintegrity:viewrestricted,fr,admin/tool/uckkintegrity/lang/fr/tool_uckkintegrity.php,102
tool_uckkintegrity,unknownstatus,en,admin/tool/uckkintegrity/lang/en/tool_uckkintegrity.php,97
tool_uckkintegrity,unknownstatus,fr,admin/tool/uckkintegrity/lang/fr/tool_uckkintegrity.php,86
tool_uckkintegrity,unknowntype,en,admin/tool/uckkintegrity/lang/en/tool_uckkintegrity.php,98
tool_uckkintegrity,unknowntype,fr,admin/tool/uckkintegrity/lang/fr/tool_uckkintegrity.php,87
tool_uckkintegrity,viewcase,en,admin/tool/uckkintegrity/lang/en/tool_uckkintegrity.php,76
tool_uckkintegrity,viewcase,fr,admin/tool/uckkintegrity/lang/fr/tool_uckkintegrity.php,79
tool_uckkintegrity,visibility,en,admin/tool/uckkintegrity/lang/en/tool_uckkintegrity.php,62
tool_uckkintegrity,visibility,fr,admin/tool/uckkintegrity/lang/fr/tool_uckkintegrity.php,61
tool_uckkseed,action,en,admin/tool/uckkseed/lang/en/tool_uckkseed.php,71
tool_uckkseed,action,fr,admin/tool/uckkseed/lang/fr/tool_uckkseed.php,65
tool_uckkseed,action:export_preset,en,admin/tool/uckkseed/lang/en/tool_uckkseed.php,80
tool_uckkseed,action:reset,en,admin/tool/uckkseed/lang/en/tool_uckkseed.php,78
tool_uckkseed,action:seed,en,admin/tool/uckkseed/lang/en/tool_uckkseed.php,77
tool_uckkseed,action:validate,en,admin/tool/uckkseed/lang/en/tool_uckkseed.php,79
tool_uckkseed,action_export_preset,en,admin/tool/uckkseed/lang/en/tool_uckkseed.php,76
tool_uckkseed,action_export_preset,fr,admin/tool/uckkseed/lang/fr/tool_uckkseed.php,69
tool_uckkseed,action_reset,en,admin/tool/uckkseed/lang/en/tool_uckkseed.php,74
tool_uckkseed,action_reset,fr,admin/tool/uckkseed/lang/fr/tool_uckkseed.php,67
tool_uckkseed,action_seed,en,admin/tool/uckkseed/lang/en/tool_uckkseed.php,73
tool_uckkseed,action_seed,fr,admin/tool/uckkseed/lang/fr/tool_uckkseed.php,66
tool_uckkseed,action_validate,en,admin/tool/uckkseed/lang/en/tool_uckkseed.php,75
tool_uckkseed,action_validate,fr,admin/tool/uckkseed/lang/fr/tool_uckkseed.php,68
tool_uckkseed,actions,en,admin/tool/uckkseed/lang/en/tool_uckkseed.php,72
tool_uckkseed,allowcli,en,admin/tool/uckkseed/lang/en/tool_uckkseed.php,51
tool_uckkseed,allowcli,fr,admin/tool/uckkseed/lang/fr/tool_uckkseed.php,47
tool_uckkseed,allowcli_desc,en,admin/tool/uckkseed/lang/en/tool_uckkseed.php,52
tool_uckkseed,allowcli_desc,fr,admin/tool/uckkseed/lang/fr/tool_uckkseed.php,48
tool_uckkseed,allowdryrun,en,admin/tool/uckkseed/lang/en/tool_uckkseed.php,55
tool_uckkseed,allowdryrun,fr,admin/tool/uckkseed/lang/fr/tool_uckkseed.php,51
tool_uckkseed,allowdryrun_desc,en,admin/tool/uckkseed/lang/en/tool_uckkseed.php,56
tool_uckkseed,allowdryrun_desc,fr,admin/tool/uckkseed/lang/fr/tool_uckkseed.php,52
tool_uckkseed,allowreset,en,admin/tool/uckkseed/lang/en/tool_uckkseed.php,53
tool_uckkseed,allowreset,fr,admin/tool/uckkseed/lang/fr/tool_uckkseed.php,49
tool_uckkseed,allowreset_desc,en,admin/tool/uckkseed/lang/en/tool_uckkseed.php,54
tool_uckkseed,allowreset_desc,fr,admin/tool/uckkseed/lang/fr/tool_uckkseed.php,50
tool_uckkseed,applymode,en,admin/tool/uckkseed/lang/en/tool_uckkseed.php,97
tool_uckkseed,archive_template,fr,admin/tool/uckkseed/lang/fr/tool_uckkseed.php,264
tool_uckkseed,assembly_template,fr,admin/tool/uckkseed/lang/fr/tool_uckkseed.php,263
tool_uckkseed,autoseedoninstall,en,admin/tool/uckkseed/lang/en/tool_uckkseed.php,63
tool_uckkseed,autoseedoninstall,fr,admin/tool/uckkseed/lang/fr/tool_uckkseed.php,59
tool_uckkseed,autoseedoninstall_desc,en,admin/tool/uckkseed/lang/en/tool_uckkseed.php,64
tool_uckkseed,autoseedoninstall_desc,fr,admin/tool/uckkseed/lang/fr/tool_uckkseed.php,60
tool_uckkseed,backtoseedtool,en,admin/tool/uckkseed/lang/en/tool_uckkseed.php,397
tool_uckkseed,backtoseedtool,fr,admin/tool/uckkseed/lang/fr/tool_uckkseed.php,42
tool_uckkseed,backtosettings,en,admin/tool/uckkseed/lang/en/tool_uckkseed.php,396
tool_uckkseed,badge,fr,admin/tool/uckkseed/lang/fr/tool_uckkseed.php,258
tool_uckkseed,blockers,en,admin/tool/uckkseed/lang/en/tool_uckkseed.php,227
tool_uckkseed,cannotexportpresets,en,admin/tool/uckkseed/lang/en/tool_uckkseed.php,194
tool_uckkseed,cannotreset,en,admin/tool/uckkseed/lang/en/tool_uckkseed.php,190
tool_uckkseed,cannotruncli,en,admin/tool/uckkseed/lang/en/tool_uckkseed.php,191
tool_uckkseed,cannotseed,en,admin/tool/uckkseed/lang/en/tool_uckkseed.php,192
tool_uckkseed,cannotvalidate,en,admin/tool/uckkseed/lang/en/tool_uckkseed.php,193
tool_uckkseed,capability,fr,admin/tool/uckkseed/lang/fr/tool_uckkseed.php,256
tool_uckkseed,capability:exportpresets,en,admin/tool/uckkseed/lang/en/tool_uckkseed.php,46
tool_uckkseed,capability:reset,en,admin/tool/uckkseed/lang/en/tool_uckkseed.php,44
tool_uckkseed,capability:seed,en,admin/tool/uckkseed/lang/en/tool_uckkseed.php,43
tool_uckkseed,capability:validate,en,admin/tool/uckkseed/lang/en/tool_uckkseed.php,45
tool_uckkseed,category,fr,admin/tool/uckkseed/lang/fr/tool_uckkseed.php,252
tool_uckkseed,challenge_template,fr,admin/tool/uckkseed/lang/fr/tool_uckkseed.php,262
tool_uckkseed,cli:completed,en,admin/tool/uckkseed/lang/en/tool_uckkseed.php,322
tool_uckkseed,cli:disabled,en,admin/tool/uckkseed/lang/en/tool_uckkseed.php,324
tool_uckkseed,cli:export_preset:description,en,admin/tool/uckkseed/lang/en/tool_uckkseed.php,313
tool_uckkseed,cli:failed,en,admin/tool/uckkseed/lang/en/tool_uckkseed.php,323
tool_uckkseed,cli:option:component,en,admin/tool/uckkseed/lang/en/tool_uckkseed.php,318
tool_uckkseed,cli:option:dry-run,en,admin/tool/uckkseed/lang/en/tool_uckkseed.php,314
tool_uckkseed,cli:option:force,en,admin/tool/uckkseed/lang/en/tool_uckkseed.php,320
tool_uckkseed,cli:option:json,en,admin/tool/uckkseed/lang/en/tool_uckkseed.php,321
tool_uckkseed,cli:option:preset,en,admin/tool/uckkseed/lang/en/tool_uckkseed.php,317
tool_uckkseed,cli:option:report,en,admin/tool/uckkseed/lang/en/tool_uckkseed.php,315
tool_uckkseed,cli:option:rollback-plan,en,admin/tool/uckkseed/lang/en/tool_uckkseed.php,316
tool_uckkseed,cli:option:target,en,admin/tool/uckkseed/lang/en/tool_uckkseed.php,319
tool_uckkseed,cli:requiresconfirm,en,admin/tool/uckkseed/lang/en/tool_uckkseed.php,325
tool_uckkseed,cli:reset:description,en,admin/tool/uckkseed/lang/en/tool_uckkseed.php,311
tool_uckkseed,cli:seed:description,en,admin/tool/uckkseed/lang/en/tool_uckkseed.php,310
tool_uckkseed,cli:validate:description,en,admin/tool/uckkseed/lang/en/tool_uckkseed.php,312
tool_uckkseed,cli_disabled,fr,admin/tool/uckkseed/lang/fr/tool_uckkseed.php,289
tool_uckkseed,cli_export_preset_help,fr,admin/tool/uckkseed/lang/fr/tool_uckkseed.php,279
tool_uckkseed,cli_invalid_action,fr,admin/tool/uckkseed/lang/fr/tool_uckkseed.php,291
tool_uckkseed,cli_invalid_mode,fr,admin/tool/uckkseed/lang/fr/tool_uckkseed.php,292
tool_uckkseed,cli_option_component,fr,admin/tool/uckkseed/lang/fr/tool_uckkseed.php,284
tool_uckkseed,cli_option_dryrun,fr,admin/tool/uckkseed/lang/fr/tool_uckkseed.php,280
tool_uckkseed,cli_option_force,fr,admin/tool/uckkseed/lang/fr/tool_uckkseed.php,286
tool_uckkseed,cli_option_json,fr,admin/tool/uckkseed/lang/fr/tool_uckkseed.php,287
tool_uckkseed,cli_option_preset,fr,admin/tool/uckkseed/lang/fr/tool_uckkseed.php,283
tool_uckkseed,cli_option_report,fr,admin/tool/uckkseed/lang/fr/tool_uckkseed.php,281
tool_uckkseed,cli_option_rollbackplan,fr,admin/tool/uckkseed/lang/fr/tool_uckkseed.php,282
tool_uckkseed,cli_option_target,fr,admin/tool/uckkseed/lang/fr/tool_uckkseed.php,285
tool_uckkseed,cli_reset_disabled,fr,admin/tool/uckkseed/lang/fr/tool_uckkseed.php,290
tool_uckkseed,cli_reset_help,fr,admin/tool/uckkseed/lang/fr/tool_uckkseed.php,277
tool_uckkseed,cli_seed_help,fr,admin/tool/uckkseed/lang/fr/tool_uckkseed.php,276
tool_uckkseed,cli_tool_disabled,fr,admin/tool/uckkseed/lang/fr/tool_uckkseed.php,288
tool_uckkseed,cli_validate_help,fr,admin/tool/uckkseed/lang/fr/tool_uckkseed.php,278
tool_uckkseed,cohort,fr,admin/tool/uckkseed/lang/fr/tool_uckkseed.php,254
tool_uckkseed,competency,fr,admin/tool/uckkseed/lang/fr/tool_uckkseed.php,257
tool_uckkseed,component,en,admin/tool/uckkseed/lang/en/tool_uckkseed.php,264
tool_uckkseed,component:block_uckk_dashboard,en,admin/tool/uckkseed/lang/en/tool_uckkseed.php,301
tool_uckkseed,component:format_uckk,en,admin/tool/uckkseed/lang/en/tool_uckkseed.php,300
tool_uckkseed,component:local_uckk,en,admin/tool/uckkseed/lang/en/tool_uckkseed.php,298
tool_uckkseed,component:mod_uckkarchive,en,admin/tool/uckkseed/lang/en/tool_uckkseed.php,304
tool_uckkseed,component:mod_uckkassembly,en,admin/tool/uckkseed/lang/en/tool_uckkseed.php,303
tool_uckkseed,component:mod_uckkchallenge,en,admin/tool/uckkseed/lang/en/tool_uckkseed.php,302
tool_uckkseed,component:report_uckk,en,admin/tool/uckkseed/lang/en/tool_uckkseed.php,306
tool_uckkseed,component:theme_uckk,en,admin/tool/uckkseed/lang/en/tool_uckkseed.php,299
tool_uckkseed,component:tool_uckkintegrity,en,admin/tool/uckkseed/lang/en/tool_uckkseed.php,305
tool_uckkseed,component:tool_uckkseed,en,admin/tool/uckkseed/lang/en/tool_uckkseed.php,307
tool_uckkseed,component_block_uckk_dashboard,fr,admin/tool/uckkseed/lang/fr/tool_uckkseed.php,226
tool_uckkseed,component_format_uckk,fr,admin/tool/uckkseed/lang/fr/tool_uckkseed.php,225
tool_uckkseed,component_local_uckk,fr,admin/tool/uckkseed/lang/fr/tool_uckkseed.php,223
tool_uckkseed,component_mod_uckkarchive,fr,admin/tool/uckkseed/lang/fr/tool_uckkseed.php,229
tool_uckkseed,component_mod_uckkassembly,fr,admin/tool/uckkseed/lang/fr/tool_uckkseed.php,228
tool_uckkseed,component_mod_uckkchallenge,fr,admin/tool/uckkseed/lang/fr/tool_uckkseed.php,227
tool_uckkseed,component_report_uckk,fr,admin/tool/uckkseed/lang/fr/tool_uckkseed.php,231
tool_uckkseed,component_theme_uckk,fr,admin/tool/uckkseed/lang/fr/tool_uckkseed.php,224
tool_uckkseed,component_tool_uckkintegrity,fr,admin/tool/uckkseed/lang/fr/tool_uckkseed.php,230
tool_uckkseed,components,en,admin/tool/uckkseed/lang/en/tool_uckkseed.php,173
tool_uckkseed,components,fr,admin/tool/uckkseed/lang/fr/tool_uckkseed.php,135
tool_uckkseed,configmissing,en,admin/tool/uckkseed/lang/en/tool_uckkseed.php,67
tool_uckkseed,confirm,en,admin/tool/uckkseed/lang/en/tool_uckkseed.php,177
tool_uckkseed,confirm,fr,admin/tool/uckkseed/lang/fr/tool_uckkseed.php,144
tool_uckkseed,confirmationrequired,en,admin/tool/uckkseed/lang/en/tool_uckkseed.php,180
tool_uckkseed,confirmationrequired,fr,admin/tool/uckkseed/lang/fr/tool_uckkseed.php,145
tool_uckkseed,confirmexportpreset,en,admin/tool/uckkseed/lang/en/tool_uckkseed.php,184
tool_uckkseed,confirmreset,en,admin/tool/uckkseed/lang/en/tool_uckkseed.php,182
tool_uckkseed,confirmseed,en,admin/tool/uckkseed/lang/en/tool_uckkseed.php,181
tool_uckkseed,confirmvalidate,en,admin/tool/uckkseed/lang/en/tool_uckkseed.php,183
tool_uckkseed,coremodificationnotice,en,admin/tool/uckkseed/lang/en/tool_uckkseed.php,403
tool_uckkseed,counts,en,admin/tool/uckkseed/lang/en/tool_uckkseed.php,220
tool_uckkseed,course,fr,admin/tool/uckkseed/lang/fr/tool_uckkseed.php,253
tool_uckkseed,course_template,fr,admin/tool/uckkseed/lang/fr/tool_uckkseed.php,261
tool_uckkseed,created,en,admin/tool/uckkseed/lang/en/tool_uckkseed.php,221
tool_uckkseed,created,fr,admin/tool/uckkseed/lang/fr/tool_uckkseed.php,165
tool_uckkseed,createdby,en,admin/tool/uckkseed/lang/en/tool_uckkseed.php,272
tool_uckkseed,createdcount,en,admin/tool/uckkseed/lang/en/tool_uckkseed.php,228
tool_uckkseed,createdcount,fr,admin/tool/uckkseed/lang/fr/tool_uckkseed.php,171
tool_uckkseed,defaultmode,en,admin/tool/uckkseed/lang/en/tool_uckkseed.php,57
tool_uckkseed,defaultmode,fr,admin/tool/uckkseed/lang/fr/tool_uckkseed.php,53
tool_uckkseed,defaultmode_desc,en,admin/tool/uckkseed/lang/en/tool_uckkseed.php,58
tool_uckkseed,defaultmode_desc,fr,admin/tool/uckkseed/lang/fr/tool_uckkseed.php,54
tool_uckkseed,details,en,admin/tool/uckkseed/lang/en/tool_uckkseed.php,217
tool_uckkseed,details,fr,admin/tool/uckkseed/lang/fr/tool_uckkseed.php,178
tool_uckkseed,downloadpreset,en,admin/tool/uckkseed/lang/en/tool_uckkseed.php,393
tool_uckkseed,downloadpreset,fr,admin/tool/uckkseed/lang/fr/tool_uckkseed.php,304
tool_uckkseed,downloadreport,en,admin/tool/uckkseed/lang/en/tool_uckkseed.php,395
tool_uckkseed,dryrun,en,admin/tool/uckkseed/lang/en/tool_uckkseed.php,92
tool_uckkseed,dryrun,fr,admin/tool/uckkseed/lang/fr/tool_uckkseed.php,81
tool_uckkseed,dryrunfield,fr,admin/tool/uckkseed/lang/fr/tool_uckkseed.php,140
tool_uckkseed,dryrunnotice,en,admin/tool/uckkseed/lang/en/tool_uckkseed.php,93
tool_uckkseed,dryrunnotice,fr,admin/tool/uckkseed/lang/fr/tool_uckkseed.php,82
tool_uckkseed,dryrunwouldcreate,fr,admin/tool/uckkseed/lang/fr/tool_uckkseed.php,246
tool_uckkseed,dryrunwouldreset,fr,admin/tool/uckkseed/lang/fr/tool_uckkseed.php,249
tool_uckkseed,dryrunwouldskip,fr,admin/tool/uckkseed/lang/fr/tool_uckkseed.php,248
tool_uckkseed,dryrunwouldupdate,fr,admin/tool/uckkseed/lang/fr/tool_uckkseed.php,247
tool_uckkseed,duration,en,admin/tool/uckkseed/lang/en/tool_uckkseed.php,269
tool_uckkseed,durationlabel,en,admin/tool/uckkseed/lang/en/tool_uckkseed.php,270
tool_uckkseed,enabled,fr,admin/tool/uckkseed/lang/fr/tool_uckkseed.php,218
tool_uckkseed,enabletool,en,admin/tool/uckkseed/lang/en/tool_uckkseed.php,49
tool_uckkseed,enabletool,fr,admin/tool/uckkseed/lang/fr/tool_uckkseed.php,45
tool_uckkseed,enabletool_desc,en,admin/tool/uckkseed/lang/en/tool_uckkseed.php,50
tool_uckkseed,enabletool_desc,fr,admin/tool/uckkseed/lang/fr/tool_uckkseed.php,46
tool_uckkseed,error_dryrunnotallowed,fr,admin/tool/uckkseed/lang/fr/tool_uckkseed.php,325
tool_uckkseed,error_invalidaction,fr,admin/tool/uckkseed/lang/fr/tool_uckkseed.php,327
tool_uckkseed,error_invalidcomponent,fr,admin/tool/uckkseed/lang/fr/tool_uckkseed.php,329
tool_uckkseed,error_invalidmode,fr,admin/tool/uckkseed/lang/fr/tool_uckkseed.php,326
tool_uckkseed,error_invalidpreset,fr,admin/tool/uckkseed/lang/fr/tool_uckkseed.php,321
tool_uckkseed,error_invalidscope,fr,admin/tool/uckkseed/lang/fr/tool_uckkseed.php,328
tool_uckkseed,error_invalidtarget,fr,admin/tool/uckkseed/lang/fr/tool_uckkseed.php,330
tool_uckkseed,error_jsondecodefailed,fr,admin/tool/uckkseed/lang/fr/tool_uckkseed.php,332
tool_uckkseed,error_jsonencodefailed,fr,admin/tool/uckkseed/lang/fr/tool_uckkseed.php,331
tool_uckkseed,error_missingcapability,fr,admin/tool/uckkseed/lang/fr/tool_uckkseed.php,320
tool_uckkseed,error_missingconfirmation,fr,admin/tool/uckkseed/lang/fr/tool_uckkseed.php,323
tool_uckkseed,error_missingpreset,fr,admin/tool/uckkseed/lang/fr/tool_uckkseed.php,322
tool_uckkseed,error_readfailed,fr,admin/tool/uckkseed/lang/fr/tool_uckkseed.php,334
tool_uckkseed,error_resetnotallowed,fr,admin/tool/uckkseed/lang/fr/tool_uckkseed.php,324
tool_uckkseed,error_tooldisabled,fr,admin/tool/uckkseed/lang/fr/tool_uckkseed.php,319
tool_uckkseed,error_transactionfailed,fr,admin/tool/uckkseed/lang/fr/tool_uckkseed.php,335
tool_uckkseed,error_writefailed,fr,admin/tool/uckkseed/lang/fr/tool_uckkseed.php,333
tool_uckkseed,errors,en,admin/tool/uckkseed/lang/en/tool_uckkseed.php,226
tool_uckkseed,errors,fr,admin/tool/uckkseed/lang/fr/tool_uckkseed.php,170
tool_uckkseed,errorscount,en,admin/tool/uckkseed/lang/en/tool_uckkseed.php,233
tool_uckkseed,errorscount,fr,admin/tool/uckkseed/lang/fr/tool_uckkseed.php,176
tool_uckkseed,executionlog,en,admin/tool/uckkseed/lang/en/tool_uckkseed.php,258
tool_uckkseed,export,en,admin/tool/uckkseed/lang/en/tool_uckkseed.php,390
tool_uckkseed,export_preset,fr,admin/tool/uckkseed/lang/fr/tool_uckkseed.php,73
tool_uckkseed,exportcompleted,fr,admin/tool/uckkseed/lang/fr/tool_uckkseed.php,197
tool_uckkseed,exportfailed,fr,admin/tool/uckkseed/lang/fr/tool_uckkseed.php,198
tool_uckkseed,exportformat,en,admin/tool/uckkseed/lang/en/tool_uckkseed.php,391
tool_uckkseed,exportjson,en,admin/tool/uckkseed/lang/en/tool_uckkseed.php,392
tool_uckkseed,exportjson,fr,admin/tool/uckkseed/lang/fr/tool_uckkseed.php,305
tool_uckkseed,exportpreset,en,admin/tool/uckkseed/lang/en/tool_uckkseed.php,27
tool_uckkseed,exportpreset,fr,admin/tool/uckkseed/lang/fr/tool_uckkseed.php,33
tool_uckkseed,failed,en,admin/tool/uckkseed/lang/en/tool_uckkseed.php,224
tool_uckkseed,failed,fr,admin/tool/uckkseed/lang/fr/tool_uckkseed.php,168
tool_uckkseed,failedcount,en,admin/tool/uckkseed/lang/en/tool_uckkseed.php,231
tool_uckkseed,failedcount,fr,admin/tool/uckkseed/lang/fr/tool_uckkseed.php,174
tool_uckkseed,filename,fr,admin/tool/uckkseed/lang/fr/tool_uckkseed.php,216
tool_uckkseed,force,en,admin/tool/uckkseed/lang/en/tool_uckkseed.php,178
tool_uckkseed,force,fr,admin/tool/uckkseed/lang/fr/tool_uckkseed.php,143
tool_uckkseed,governancenotice,en,admin/tool/uckkseed/lang/en/tool_uckkseed.php,400
tool_uckkseed,governancenotice,fr,admin/tool/uckkseed/lang/fr/tool_uckkseed.php,312
tool_uckkseed,haserrors,en,admin/tool/uckkseed/lang/en/tool_uckkseed.php,239
tool_uckkseed,haswarnings,en,admin/tool/uckkseed/lang/en/tool_uckkseed.php,240
tool_uckkseed,humanvalidationnotice,en,admin/tool/uckkseed/lang/en/tool_uckkseed.php,402
tool_uckkseed,humanvalidationnotice,fr,admin/tool/uckkseed/lang/fr/tool_uckkseed.php,314
tool_uckkseed,idempotencenotice,fr,admin/tool/uckkseed/lang/fr/tool_uckkseed.php,315
tool_uckkseed,idempotentmatch,fr,admin/tool/uckkseed/lang/fr/tool_uckkseed.php,244
tool_uckkseed,idempotentupdate,fr,admin/tool/uckkseed/lang/fr/tool_uckkseed.php,245
tool_uckkseed,invalidaction,en,admin/tool/uckkseed/lang/en/tool_uckkseed.php,187
tool_uckkseed,invalidcomponent,en,admin/tool/uckkseed/lang/en/tool_uckkseed.php,189
tool_uckkseed,invalidjson,fr,admin/tool/uckkseed/lang/fr/tool_uckkseed.php,210
tool_uckkseed,invalidmode,en,admin/tool/uckkseed/lang/en/tool_uckkseed.php,186
tool_uckkseed,invalidpreset,en,admin/tool/uckkseed/lang/en/tool_uckkseed.php,188
tool_uckkseed,invalidpresetcomponent,fr,admin/tool/uckkseed/lang/fr/tool_uckkseed.php,212
tool_uckkseed,invalidpresetitems,fr,admin/tool/uckkseed/lang/fr/tool_uckkseed.php,211
tool_uckkseed,itemcount,fr,admin/tool/uckkseed/lang/fr/tool_uckkseed.php,217
tool_uckkseed,logentry,en,admin/tool/uckkseed/lang/en/tool_uckkseed.php,260
tool_uckkseed,logretentiondays,en,admin/tool/uckkseed/lang/en/tool_uckkseed.php,61
tool_uckkseed,logretentiondays,fr,admin/tool/uckkseed/lang/fr/tool_uckkseed.php,57
tool_uckkseed,logretentiondays_desc,en,admin/tool/uckkseed/lang/en/tool_uckkseed.php,62
tool_uckkseed,logretentiondays_desc,fr,admin/tool/uckkseed/lang/fr/tool_uckkseed.php,58
tool_uckkseed,logs,fr,admin/tool/uckkseed/lang/fr/tool_uckkseed.php,41
tool_uckkseed,message,en,admin/tool/uckkseed/lang/en/tool_uckkseed.php,218
tool_uckkseed,message,fr,admin/tool/uckkseed/lang/fr/tool_uckkseed.php,180
tool_uckkseed,messages,en,admin/tool/uckkseed/lang/en/tool_uckkseed.php,219
tool_uckkseed,messages,fr,admin/tool/uckkseed/lang/fr/tool_uckkseed.php,181
tool_uckkseed,metadata,en,admin/tool/uckkseed/lang/en/tool_uckkseed.php,266
tool_uckkseed,metadata,fr,admin/tool/uckkseed/lang/fr/tool_uckkseed.php,179
tool_uckkseed,mode,en,admin/tool/uckkseed/lang/en/tool_uckkseed.php,83
tool_uckkseed,mode,fr,admin/tool/uckkseed/lang/fr/tool_uckkseed.php,76
tool_uckkseed,mode:apply,en,admin/tool/uckkseed/lang/en/tool_uckkseed.php,88
tool_uckkseed,mode:dry_run,en,admin/tool/uckkseed/lang/en/tool_uckkseed.php,89
tool_uckkseed,mode:report,en,admin/tool/uckkseed/lang/en/tool_uckkseed.php,90
tool_uckkseed,mode:rollback_plan,en,admin/tool/uckkseed/lang/en/tool_uckkseed.php,91
tool_uckkseed,mode_apply,en,admin/tool/uckkseed/lang/en/tool_uckkseed.php,84
tool_uckkseed,mode_apply,fr,admin/tool/uckkseed/lang/fr/tool_uckkseed.php,77
tool_uckkseed,mode_dry_run,en,admin/tool/uckkseed/lang/en/tool_uckkseed.php,85
tool_uckkseed,mode_dry_run,fr,admin/tool/uckkseed/lang/fr/tool_uckkseed.php,78
tool_uckkseed,mode_report,en,admin/tool/uckkseed/lang/en/tool_uckkseed.php,86
tool_uckkseed,mode_report,fr,admin/tool/uckkseed/lang/fr/tool_uckkseed.php,79
tool_uckkseed,mode_rollback_plan,en,admin/tool/uckkseed/lang/en/tool_uckkseed.php,87
tool_uckkseed,mode_rollback_plan,fr,admin/tool/uckkseed/lang/fr/tool_uckkseed.php,80
tool_uckkseed,modifiedby,en,admin/tool/uckkseed/lang/en/tool_uckkseed.php,273
tool_uckkseed,noissues,en,admin/tool/uckkseed/lang/en/tool_uckkseed.php,234
tool_uckkseed,nologs,fr,admin/tool/uckkseed/lang/fr/tool_uckkseed.php,185
tool_uckkseed,nomessages,en,admin/tool/uckkseed/lang/en/tool_uckkseed.php,235
tool_uckkseed,nomessages,fr,admin/tool/uckkseed/lang/fr/tool_uckkseed.php,182
tool_uckkseed,nopresets,fr,admin/tool/uckkseed/lang/fr/tool_uckkseed.php,183
tool_uckkseed,norecords,en,admin/tool/uckkseed/lang/en/tool_uckkseed.php,236
tool_uckkseed,noruns,fr,admin/tool/uckkseed/lang/fr/tool_uckkseed.php,184
tool_uckkseed,nothingselected,en,admin/tool/uckkseed/lang/en/tool_uckkseed.php,185
tool_uckkseed,operationcompleted,en,admin/tool/uckkseed/lang/en/tool_uckkseed.php,249
tool_uckkseed,operationfailed,en,admin/tool/uckkseed/lang/en/tool_uckkseed.php,250
tool_uckkseed,optional,fr,admin/tool/uckkseed/lang/fr/tool_uckkseed.php,220
tool_uckkseed,pluginname,en,admin/tool/uckkseed/lang/en/tool_uckkseed.php,19
tool_uckkseed,pluginname,fr,admin/tool/uckkseed/lang/fr/tool_uckkseed.php,19
tool_uckkseed,preset,en,admin/tool/uckkseed/lang/en/tool_uckkseed.php,31
tool_uckkseed,preset,fr,admin/tool/uckkseed/lang/fr/tool_uckkseed.php,37
tool_uckkseed,preset:archive_templates,en,admin/tool/uckkseed/lang/en/tool_uckkseed.php,154
tool_uckkseed,preset:assembly_templates,en,admin/tool/uckkseed/lang/en/tool_uckkseed.php,153
tool_uckkseed,preset:badges,en,admin/tool/uckkseed/lang/en/tool_uckkseed.php,149
tool_uckkseed,preset:capabilities,en,admin/tool/uckkseed/lang/en/tool_uckkseed.php,147
tool_uckkseed,preset:categories,en,admin/tool/uckkseed/lang/en/tool_uckkseed.php,143
tool_uckkseed,preset:challenge_templates,en,admin/tool/uckkseed/lang/en/tool_uckkseed.php,152
tool_uckkseed,preset:cohorts,en,admin/tool/uckkseed/lang/en/tool_uckkseed.php,145
tool_uckkseed,preset:competencies,en,admin/tool/uckkseed/lang/en/tool_uckkseed.php,148
tool_uckkseed,preset:course_templates,en,admin/tool/uckkseed/lang/en/tool_uckkseed.php,151
tool_uckkseed,preset:courses,en,admin/tool/uckkseed/lang/en/tool_uckkseed.php,144
tool_uckkseed,preset:reports,en,admin/tool/uckkseed/lang/en/tool_uckkseed.php,150
tool_uckkseed,preset:roles,en,admin/tool/uckkseed/lang/en/tool_uckkseed.php,146
tool_uckkseed,preset_archive_templates,en,admin/tool/uckkseed/lang/en/tool_uckkseed.php,141
tool_uckkseed,preset_archive_templates,fr,admin/tool/uckkseed/lang/fr/tool_uckkseed.php,116
tool_uckkseed,preset_assembly_templates,en,admin/tool/uckkseed/lang/en/tool_uckkseed.php,140
tool_uckkseed,preset_assembly_templates,fr,admin/tool/uckkseed/lang/fr/tool_uckkseed.php,115
tool_uckkseed,preset_badges,en,admin/tool/uckkseed/lang/en/tool_uckkseed.php,136
tool_uckkseed,preset_badges,fr,admin/tool/uckkseed/lang/fr/tool_uckkseed.php,111
tool_uckkseed,preset_capabilities,en,admin/tool/uckkseed/lang/en/tool_uckkseed.php,134
tool_uckkseed,preset_capabilities,fr,admin/tool/uckkseed/lang/fr/tool_uckkseed.php,109
tool_uckkseed,preset_categories,en,admin/tool/uckkseed/lang/en/tool_uckkseed.php,130
tool_uckkseed,preset_categories,fr,admin/tool/uckkseed/lang/fr/tool_uckkseed.php,105
tool_uckkseed,preset_challenge_templates,en,admin/tool/uckkseed/lang/en/tool_uckkseed.php,139
tool_uckkseed,preset_challenge_templates,fr,admin/tool/uckkseed/lang/fr/tool_uckkseed.php,114
tool_uckkseed,preset_cohorts,en,admin/tool/uckkseed/lang/en/tool_uckkseed.php,132
tool_uckkseed,preset_cohorts,fr,admin/tool/uckkseed/lang/fr/tool_uckkseed.php,107
tool_uckkseed,preset_competencies,en,admin/tool/uckkseed/lang/en/tool_uckkseed.php,135
tool_uckkseed,preset_competencies,fr,admin/tool/uckkseed/lang/fr/tool_uckkseed.php,110
tool_uckkseed,preset_course_templates,en,admin/tool/uckkseed/lang/en/tool_uckkseed.php,138
tool_uckkseed,preset_course_templates,fr,admin/tool/uckkseed/lang/fr/tool_uckkseed.php,113
tool_uckkseed,preset_courses,en,admin/tool/uckkseed/lang/en/tool_uckkseed.php,131
tool_uckkseed,preset_courses,fr,admin/tool/uckkseed/lang/fr/tool_uckkseed.php,106
tool_uckkseed,preset_reports,en,admin/tool/uckkseed/lang/en/tool_uckkseed.php,137
tool_uckkseed,preset_reports,fr,admin/tool/uckkseed/lang/fr/tool_uckkseed.php,112
tool_uckkseed,preset_roles,en,admin/tool/uckkseed/lang/en/tool_uckkseed.php,133
tool_uckkseed,preset_roles,fr,admin/tool/uckkseed/lang/fr/tool_uckkseed.php,108
tool_uckkseed,presetcard,en,admin/tool/uckkseed/lang/en/tool_uckkseed.php,33
tool_uckkseed,presetcard,fr,admin/tool/uckkseed/lang/fr/tool_uckkseed.php,39
tool_uckkseed,presetdisabled,en,admin/tool/uckkseed/lang/en/tool_uckkseed.php,166
tool_uckkseed,presetempty,fr,admin/tool/uckkseed/lang/fr/tool_uckkseed.php,207
tool_uckkseed,presetenabled,en,admin/tool/uckkseed/lang/en/tool_uckkseed.php,165
tool_uckkseed,presetexported,en,admin/tool/uckkseed/lang/en/tool_uckkseed.php,167
tool_uckkseed,presetexported,fr,admin/tool/uckkseed/lang/fr/tool_uckkseed.php,205
tool_uckkseed,presetexportfailed,en,admin/tool/uckkseed/lang/en/tool_uckkseed.php,168
tool_uckkseed,presetfile,en,admin/tool/uckkseed/lang/en/tool_uckkseed.php,156
tool_uckkseed,presetfile_archive_templates,fr,admin/tool/uckkseed/lang/fr/tool_uckkseed.php,130
tool_uckkseed,presetfile_assembly_templates,fr,admin/tool/uckkseed/lang/fr/tool_uckkseed.php,129
tool_uckkseed,presetfile_badges,fr,admin/tool/uckkseed/lang/fr/tool_uckkseed.php,125
tool_uckkseed,presetfile_capabilities,fr,admin/tool/uckkseed/lang/fr/tool_uckkseed.php,123
tool_uckkseed,presetfile_categories,fr,admin/tool/uckkseed/lang/fr/tool_uckkseed.php,119
tool_uckkseed,presetfile_challenge_templates,fr,admin/tool/uckkseed/lang/fr/tool_uckkseed.php,128
tool_uckkseed,presetfile_cohorts,fr,admin/tool/uckkseed/lang/fr/tool_uckkseed.php,121
tool_uckkseed,presetfile_competencies,fr,admin/tool/uckkseed/lang/fr/tool_uckkseed.php,124
tool_uckkseed,presetfile_course_templates,fr,admin/tool/uckkseed/lang/fr/tool_uckkseed.php,127
tool_uckkseed,presetfile_courses,fr,admin/tool/uckkseed/lang/fr/tool_uckkseed.php,120
tool_uckkseed,presetfile_reports,fr,admin/tool/uckkseed/lang/fr/tool_uckkseed.php,126
tool_uckkseed,presetfile_roles,fr,admin/tool/uckkseed/lang/fr/tool_uckkseed.php,122
tool_uckkseed,presetfilename,en,admin/tool/uckkseed/lang/en/tool_uckkseed.php,157
tool_uckkseed,presetinvalid,en,admin/tool/uckkseed/lang/en/tool_uckkseed.php,160
tool_uckkseed,presetinvalid,fr,admin/tool/uckkseed/lang/fr/tool_uckkseed.php,202
tool_uckkseed,presetitemcount,en,admin/tool/uckkseed/lang/en/tool_uckkseed.php,163
tool_uckkseed,presetlabel,fr,admin/tool/uckkseed/lang/fr/tool_uckkseed.php,215
tool_uckkseed,presetloaded,fr,admin/tool/uckkseed/lang/fr/tool_uckkseed.php,204
tool_uckkseed,presetmissing,fr,admin/tool/uckkseed/lang/fr/tool_uckkseed.php,201
tool_uckkseed,presetnotfound,en,admin/tool/uckkseed/lang/en/tool_uckkseed.php,159
tool_uckkseed,presetnotfound,fr,admin/tool/uckkseed/lang/fr/tool_uckkseed.php,206
tool_uckkseed,presetpath,en,admin/tool/uckkseed/lang/en/tool_uckkseed.php,59
tool_uckkseed,presetpath,fr,admin/tool/uckkseed/lang/fr/tool_uckkseed.php,55
tool_uckkseed,presetpath_desc,en,admin/tool/uckkseed/lang/en/tool_uckkseed.php,60
tool_uckkseed,presetpath_desc,fr,admin/tool/uckkseed/lang/fr/tool_uckkseed.php,56
tool_uckkseed,presetpathmissing,en,admin/tool/uckkseed/lang/en/tool_uckkseed.php,158
tool_uckkseed,presetrequired,en,admin/tool/uckkseed/lang/en/tool_uckkseed.php,164
tool_uckkseed,presets,en,admin/tool/uckkseed/lang/en/tool_uckkseed.php,32
tool_uckkseed,presets,fr,admin/tool/uckkseed/lang/fr/tool_uckkseed.php,38
tool_uckkseed,presetschema,en,admin/tool/uckkseed/lang/en/tool_uckkseed.php,161
tool_uckkseed,presetschema,fr,admin/tool/uckkseed/lang/fr/tool_uckkseed.php,208
tool_uckkseed,presetschemaexpected,en,admin/tool/uckkseed/lang/en/tool_uckkseed.php,162
tool_uckkseed,presetschemaexpected,fr,admin/tool/uckkseed/lang/fr/tool_uckkseed.php,209
tool_uckkseed,presetvalid,fr,admin/tool/uckkseed/lang/fr/tool_uckkseed.php,203
tool_uckkseed,privacy:metadata,en,admin/tool/uckkseed/lang/en/tool_uckkseed.php,20
tool_uckkseed,privacy:metadata,fr,admin/tool/uckkseed/lang/fr/tool_uckkseed.php,20
tool_uckkseed,privacy:metadata:tool_uckkseed_log,en,admin/tool/uckkseed/lang/en/tool_uckkseed.php,347
tool_uckkseed,privacy:metadata:tool_uckkseed_log,fr,admin/tool/uckkseed/lang/fr/tool_uckkseed.php,349
tool_uckkseed,privacy:metadata:tool_uckkseed_log:level,en,admin/tool/uckkseed/lang/en/tool_uckkseed.php,350
tool_uckkseed,privacy:metadata:tool_uckkseed_log:level,fr,admin/tool/uckkseed/lang/fr/tool_uckkseed.php,352
tool_uckkseed,privacy:metadata:tool_uckkseed_log:message,en,admin/tool/uckkseed/lang/en/tool_uckkseed.php,351
tool_uckkseed,privacy:metadata:tool_uckkseed_log:message,fr,admin/tool/uckkseed/lang/fr/tool_uckkseed.php,353
tool_uckkseed,privacy:metadata:tool_uckkseed_log:metadata,en,admin/tool/uckkseed/lang/en/tool_uckkseed.php,352
tool_uckkseed,privacy:metadata:tool_uckkseed_log:metadata,fr,admin/tool/uckkseed/lang/fr/tool_uckkseed.php,354
tool_uckkseed,privacy:metadata:tool_uckkseed_log:runid,en,admin/tool/uckkseed/lang/en/tool_uckkseed.php,348
tool_uckkseed,privacy:metadata:tool_uckkseed_log:runid,fr,admin/tool/uckkseed/lang/fr/tool_uckkseed.php,350
tool_uckkseed,privacy:metadata:tool_uckkseed_log:timecreated,en,admin/tool/uckkseed/lang/en/tool_uckkseed.php,353
tool_uckkseed,privacy:metadata:tool_uckkseed_log:timecreated,fr,admin/tool/uckkseed/lang/fr/tool_uckkseed.php,355
tool_uckkseed,privacy:metadata:tool_uckkseed_log:userid,en,admin/tool/uckkseed/lang/en/tool_uckkseed.php,349
tool_uckkseed,privacy:metadata:tool_uckkseed_log:userid,fr,admin/tool/uckkseed/lang/fr/tool_uckkseed.php,351
tool_uckkseed,privacy:metadata:tool_uckkseed_run,en,admin/tool/uckkseed/lang/en/tool_uckkseed.php,336
tool_uckkseed,privacy:metadata:tool_uckkseed_run,fr,admin/tool/uckkseed/lang/fr/tool_uckkseed.php,338
tool_uckkseed,privacy:metadata:tool_uckkseed_run:action,en,admin/tool/uckkseed/lang/en/tool_uckkseed.php,338
tool_uckkseed,privacy:metadata:tool_uckkseed_run:action,fr,admin/tool/uckkseed/lang/fr/tool_uckkseed.php,340
tool_uckkseed,privacy:metadata:tool_uckkseed_run:metadata,en,admin/tool/uckkseed/lang/en/tool_uckkseed.php,342
tool_uckkseed,privacy:metadata:tool_uckkseed_run:metadata,fr,admin/tool/uckkseed/lang/fr/tool_uckkseed.php,344
tool_uckkseed,privacy:metadata:tool_uckkseed_run:mode,en,admin/tool/uckkseed/lang/en/tool_uckkseed.php,339
tool_uckkseed,privacy:metadata:tool_uckkseed_run:mode,fr,admin/tool/uckkseed/lang/fr/tool_uckkseed.php,341
tool_uckkseed,privacy:metadata:tool_uckkseed_run:status,en,admin/tool/uckkseed/lang/en/tool_uckkseed.php,340
tool_uckkseed,privacy:metadata:tool_uckkseed_run:status,fr,admin/tool/uckkseed/lang/fr/tool_uckkseed.php,342
tool_uckkseed,privacy:metadata:tool_uckkseed_run:summary,en,admin/tool/uckkseed/lang/en/tool_uckkseed.php,341
tool_uckkseed,privacy:metadata:tool_uckkseed_run:summary,fr,admin/tool/uckkseed/lang/fr/tool_uckkseed.php,343
tool_uckkseed,privacy:metadata:tool_uckkseed_run:timecreated,en,admin/tool/uckkseed/lang/en/tool_uckkseed.php,343
tool_uckkseed,privacy:metadata:tool_uckkseed_run:timecreated,fr,admin/tool/uckkseed/lang/fr/tool_uckkseed.php,345
tool_uckkseed,privacy:metadata:tool_uckkseed_run:timemodified,en,admin/tool/uckkseed/lang/en/tool_uckkseed.php,344
tool_uckkseed,privacy:metadata:tool_uckkseed_run:timemodified,fr,admin/tool/uckkseed/lang/fr/tool_uckkseed.php,346
tool_uckkseed,privacy:metadata:tool_uckkseed_run:userid,en,admin/tool/uckkseed/lang/en/tool_uckkseed.php,337
tool_uckkseed,privacy:metadata:tool_uckkseed_run:userid,fr,admin/tool/uckkseed/lang/fr/tool_uckkseed.php,339
tool_uckkseed,report,fr,admin/tool/uckkseed/lang/fr/tool_uckkseed.php,259
tool_uckkseed,reportfield,fr,admin/tool/uckkseed/lang/fr/tool_uckkseed.php,141
tool_uckkseed,reportmode,en,admin/tool/uckkseed/lang/en/tool_uckkseed.php,96
tool_uckkseed,reportmode,fr,admin/tool/uckkseed/lang/fr/tool_uckkseed.php,85
tool_uckkseed,requireconfirmation,en,admin/tool/uckkseed/lang/en/tool_uckkseed.php,65
tool_uckkseed,requireconfirmation,fr,admin/tool/uckkseed/lang/fr/tool_uckkseed.php,61
tool_uckkseed,requireconfirmation_desc,en,admin/tool/uckkseed/lang/en/tool_uckkseed.php,66
tool_uckkseed,requireconfirmation_desc,fr,admin/tool/uckkseed/lang/fr/tool_uckkseed.php,62
tool_uckkseed,required,fr,admin/tool/uckkseed/lang/fr/tool_uckkseed.php,219
tool_uckkseed,reset,fr,admin/tool/uckkseed/lang/fr/tool_uckkseed.php,71
tool_uckkseed,reset_all_uckk_seeded_content,en,admin/tool/uckkseed/lang/en/tool_uckkseed.php,210
tool_uckkseed,reset_all_uckk_seeded_content,fr,admin/tool/uckkseed/lang/fr/tool_uckkseed.php,160
tool_uckkseed,reset_scope,fr,admin/tool/uckkseed/lang/fr/tool_uckkseed.php,154
tool_uckkseed,reset_seed_logs,en,admin/tool/uckkseed/lang/en/tool_uckkseed.php,205
tool_uckkseed,reset_seed_logs,fr,admin/tool/uckkseed/lang/fr/tool_uckkseed.php,155
tool_uckkseed,reset_seeded_badges,en,admin/tool/uckkseed/lang/en/tool_uckkseed.php,209
tool_uckkseed,reset_seeded_badges,fr,admin/tool/uckkseed/lang/fr/tool_uckkseed.php,159
tool_uckkseed,reset_seeded_content,en,admin/tool/uckkseed/lang/en/tool_uckkseed.php,206
tool_uckkseed,reset_seeded_content,fr,admin/tool/uckkseed/lang/fr/tool_uckkseed.php,156
tool_uckkseed,reset_seeded_courses,en,admin/tool/uckkseed/lang/en/tool_uckkseed.php,207
tool_uckkseed,reset_seeded_courses,fr,admin/tool/uckkseed/lang/fr/tool_uckkseed.php,157
tool_uckkseed,reset_seeded_roles,en,admin/tool/uckkseed/lang/en/tool_uckkseed.php,208
tool_uckkseed,reset_seeded_roles,fr,admin/tool/uckkseed/lang/fr/tool_uckkseed.php,158
tool_uckkseed,resetcompleted,en,admin/tool/uckkseed/lang/en/tool_uckkseed.php,212
tool_uckkseed,resetcompleted,fr,admin/tool/uckkseed/lang/fr/tool_uckkseed.php,195
tool_uckkseed,resetdistribution,en,admin/tool/uckkseed/lang/en/tool_uckkseed.php,25
tool_uckkseed,resetdistribution,fr,admin/tool/uckkseed/lang/fr/tool_uckkseed.php,31
tool_uckkseed,resetfailed,en,admin/tool/uckkseed/lang/en/tool_uckkseed.php,213
tool_uckkseed,resetfailed,fr,admin/tool/uckkseed/lang/fr/tool_uckkseed.php,196
tool_uckkseed,resetform,en,admin/tool/uckkseed/lang/en/tool_uckkseed.php,172
tool_uckkseed,resetform,fr,admin/tool/uckkseed/lang/fr/tool_uckkseed.php,134
tool_uckkseed,resetrequiresconfirmation,fr,admin/tool/uckkseed/lang/fr/tool_uckkseed.php,162
tool_uckkseed,resetscope,en,admin/tool/uckkseed/lang/en/tool_uckkseed.php,198
tool_uckkseed,resetwarning,en,admin/tool/uckkseed/lang/en/tool_uckkseed.php,211
tool_uckkseed,resetwarning,fr,admin/tool/uckkseed/lang/fr/tool_uckkseed.php,161
tool_uckkseed,result_haserrors,fr,admin/tool/uckkseed/lang/fr/tool_uckkseed.php,189
tool_uckkseed,result_haswarnings,fr,admin/tool/uckkseed/lang/fr/tool_uckkseed.php,190
tool_uckkseed,result_ok,fr,admin/tool/uckkseed/lang/fr/tool_uckkseed.php,188
tool_uckkseed,resultfailed,en,admin/tool/uckkseed/lang/en/tool_uckkseed.php,238
tool_uckkseed,resultok,en,admin/tool/uckkseed/lang/en/tool_uckkseed.php,237
tool_uckkseed,returnurl,en,admin/tool/uckkseed/lang/en/tool_uckkseed.php,179
tool_uckkseed,returnurl,fr,admin/tool/uckkseed/lang/fr/tool_uckkseed.php,146
tool_uckkseed,role,fr,admin/tool/uckkseed/lang/fr/tool_uckkseed.php,255
tool_uckkseed,role_uckkarchivist,fr,admin/tool/uckkseed/lang/fr/tool_uckkseed.php,270
tool_uckkseed,role_uckkinquisitor,fr,admin/tool/uckkseed/lang/fr/tool_uckkseed.php,271
tool_uckkseed,role_uckkmanager,fr,admin/tool/uckkseed/lang/fr/tool_uckkseed.php,267
tool_uckkseed,role_uckkmentor,fr,admin/tool/uckkseed/lang/fr/tool_uckkseed.php,268
tool_uckkseed,role_uckkobserver,fr,admin/tool/uckkseed/lang/fr/tool_uckkseed.php,272
tool_uckkseed,role_uckkplayer,fr,admin/tool/uckkseed/lang/fr/tool_uckkseed.php,269
tool_uckkseed,role_uckkpublicguest,fr,admin/tool/uckkseed/lang/fr/tool_uckkseed.php,273
tool_uckkseed,rollbackplan,en,admin/tool/uckkseed/lang/en/tool_uckkseed.php,94
tool_uckkseed,rollbackplan,fr,admin/tool/uckkseed/lang/fr/tool_uckkseed.php,83
tool_uckkseed,rollbackplanfield,fr,admin/tool/uckkseed/lang/fr/tool_uckkseed.php,142
tool_uckkseed,rollbackplannotice,en,admin/tool/uckkseed/lang/en/tool_uckkseed.php,95
tool_uckkseed,rollbackplannotice,fr,admin/tool/uckkseed/lang/fr/tool_uckkseed.php,84
tool_uckkseed,run,en,admin/tool/uckkseed/lang/en/tool_uckkseed.php,253
tool_uckkseed,runcreated,en,admin/tool/uckkseed/lang/en/tool_uckkseed.php,256
tool_uckkseed,runcreated,fr,admin/tool/uckkseed/lang/fr/tool_uckkseed.php,237
tool_uckkseed,rundryrun,fr,admin/tool/uckkseed/lang/fr/tool_uckkseed.php,306
tool_uckkseed,runfailed,fr,admin/tool/uckkseed/lang/fr/tool_uckkseed.php,239
tool_uckkseed,runfinished,en,admin/tool/uckkseed/lang/en/tool_uckkseed.php,257
tool_uckkseed,runfinished,fr,admin/tool/uckkseed/lang/fr/tool_uckkseed.php,238
tool_uckkseed,runid,en,admin/tool/uckkseed/lang/en/tool_uckkseed.php,254
tool_uckkseed,runreset,fr,admin/tool/uckkseed/lang/fr/tool_uckkseed.php,309
tool_uckkseed,runs,fr,admin/tool/uckkseed/lang/fr/tool_uckkseed.php,40
tool_uckkseed,runseed,fr,admin/tool/uckkseed/lang/fr/tool_uckkseed.php,307
tool_uckkseed,runstatus,en,admin/tool/uckkseed/lang/en/tool_uckkseed.php,255
tool_uckkseed,runvalidation,fr,admin/tool/uckkseed/lang/fr/tool_uckkseed.php,308
tool_uckkseed,scope,en,admin/tool/uckkseed/lang/en/tool_uckkseed.php,197
tool_uckkseed,scope,fr,admin/tool/uckkseed/lang/fr/tool_uckkseed.php,147
tool_uckkseed,scope_reset_all_uckk_seeded_content,en,admin/tool/uckkseed/lang/en/tool_uckkseed.php,204
tool_uckkseed,scope_reset_seed_logs,en,admin/tool/uckkseed/lang/en/tool_uckkseed.php,199
tool_uckkseed,scope_reset_seeded_badges,en,admin/tool/uckkseed/lang/en/tool_uckkseed.php,203
tool_uckkseed,scope_reset_seeded_content,en,admin/tool/uckkseed/lang/en/tool_uckkseed.php,200
tool_uckkseed,scope_reset_seeded_courses,en,admin/tool/uckkseed/lang/en/tool_uckkseed.php,201
tool_uckkseed,scope_reset_seeded_roles,en,admin/tool/uckkseed/lang/en/tool_uckkseed.php,202
tool_uckkseed,seed,fr,admin/tool/uckkseed/lang/fr/tool_uckkseed.php,70
tool_uckkseed,seed:badge,en,admin/tool/uckkseed/lang/en/tool_uckkseed.php,294
tool_uckkseed,seed:badgecreated,en,admin/tool/uckkseed/lang/en/tool_uckkseed.php,381
tool_uckkseed,seed:badgeupdated,en,admin/tool/uckkseed/lang/en/tool_uckkseed.php,382
tool_uckkseed,seed:capabilityassigned,en,admin/tool/uckkseed/lang/en/tool_uckkseed.php,378
tool_uckkseed,seed:category,en,admin/tool/uckkseed/lang/en/tool_uckkseed.php,289
tool_uckkseed,seed:categorycreated,en,admin/tool/uckkseed/lang/en/tool_uckkseed.php,370
tool_uckkseed,seed:categoryupdated,en,admin/tool/uckkseed/lang/en/tool_uckkseed.php,371
tool_uckkseed,seed:cohort,en,admin/tool/uckkseed/lang/en/tool_uckkseed.php,291
tool_uckkseed,seed:cohortcreated,en,admin/tool/uckkseed/lang/en/tool_uckkseed.php,374
tool_uckkseed,seed:cohortupdated,en,admin/tool/uckkseed/lang/en/tool_uckkseed.php,375
tool_uckkseed,seed:competency,en,admin/tool/uckkseed/lang/en/tool_uckkseed.php,293
tool_uckkseed,seed:competencycreated,en,admin/tool/uckkseed/lang/en/tool_uckkseed.php,379
tool_uckkseed,seed:competencyupdated,en,admin/tool/uckkseed/lang/en/tool_uckkseed.php,380
tool_uckkseed,seed:course,en,admin/tool/uckkseed/lang/en/tool_uckkseed.php,290
tool_uckkseed,seed:coursecreated,en,admin/tool/uckkseed/lang/en/tool_uckkseed.php,372
tool_uckkseed,seed:courseupdated,en,admin/tool/uckkseed/lang/en/tool_uckkseed.php,373
tool_uckkseed,seed:itemfailed,en,admin/tool/uckkseed/lang/en/tool_uckkseed.php,387
tool_uckkseed,seed:itemskipped,en,admin/tool/uckkseed/lang/en/tool_uckkseed.php,386
tool_uckkseed,seed:report,en,admin/tool/uckkseed/lang/en/tool_uckkseed.php,295
tool_uckkseed,seed:reportcreated,en,admin/tool/uckkseed/lang/en/tool_uckkseed.php,383
tool_uckkseed,seed:reportupdated,en,admin/tool/uckkseed/lang/en/tool_uckkseed.php,384
tool_uckkseed,seed:role,en,admin/tool/uckkseed/lang/en/tool_uckkseed.php,292
tool_uckkseed,seed:rolecreated,en,admin/tool/uckkseed/lang/en/tool_uckkseed.php,376
tool_uckkseed,seed:roleupdated,en,admin/tool/uckkseed/lang/en/tool_uckkseed.php,377
tool_uckkseed,seed:templateskipped,en,admin/tool/uckkseed/lang/en/tool_uckkseed.php,385
tool_uckkseed,seedcompleted,en,admin/tool/uckkseed/lang/en/tool_uckkseed.php,244
tool_uckkseed,seedcompleted,fr,admin/tool/uckkseed/lang/fr/tool_uckkseed.php,193
tool_uckkseed,seeddistribution,en,admin/tool/uckkseed/lang/en/tool_uckkseed.php,24
tool_uckkseed,seeddistribution,fr,admin/tool/uckkseed/lang/fr/tool_uckkseed.php,30
tool_uckkseed,seederfailed,fr,admin/tool/uckkseed/lang/fr/tool_uckkseed.php,236
tool_uckkseed,seederfinished,fr,admin/tool/uckkseed/lang/fr/tool_uckkseed.php,235
tool_uckkseed,seederstarted,fr,admin/tool/uckkseed/lang/fr/tool_uckkseed.php,234
tool_uckkseed,seedfailed,en,admin/tool/uckkseed/lang/en/tool_uckkseed.php,245
tool_uckkseed,seedfailed,fr,admin/tool/uckkseed/lang/fr/tool_uckkseed.php,194
tool_uckkseed,seedform,en,admin/tool/uckkseed/lang/en/tool_uckkseed.php,171
tool_uckkseed,seedform,fr,admin/tool/uckkseed/lang/fr/tool_uckkseed.php,133
tool_uckkseed,seedlog,en,admin/tool/uckkseed/lang/en/tool_uckkseed.php,259
tool_uckkseed,seedownershipnotice,fr,admin/tool/uckkseed/lang/fr/tool_uckkseed.php,316
tool_uckkseed,seedrunning,en,admin/tool/uckkseed/lang/en/tool_uckkseed.php,248
tool_uckkseed,seedskipped,en,admin/tool/uckkseed/lang/en/tool_uckkseed.php,246
tool_uckkseed,seedstarted,en,admin/tool/uckkseed/lang/en/tool_uckkseed.php,247
tool_uckkseed,seedsummary,en,admin/tool/uckkseed/lang/en/tool_uckkseed.php,29
tool_uckkseed,seedsummary,fr,admin/tool/uckkseed/lang/fr/tool_uckkseed.php,35
tool_uckkseed,seeduckk,en,admin/tool/uckkseed/lang/en/tool_uckkseed.php,23
tool_uckkseed,seeduckk,fr,admin/tool/uckkseed/lang/fr/tool_uckkseed.php,29
tool_uckkseed,selectaction,fr,admin/tool/uckkseed/lang/fr/tool_uckkseed.php,151
tool_uckkseed,selectcomponents,en,admin/tool/uckkseed/lang/en/tool_uckkseed.php,176
tool_uckkseed,selectcomponents,fr,admin/tool/uckkseed/lang/fr/tool_uckkseed.php,149
tool_uckkseed,selectedcomponents,en,admin/tool/uckkseed/lang/en/tool_uckkseed.php,174
tool_uckkseed,selectmode,fr,admin/tool/uckkseed/lang/fr/tool_uckkseed.php,150
tool_uckkseed,selectpresets,en,admin/tool/uckkseed/lang/en/tool_uckkseed.php,175
tool_uckkseed,selectpresets,fr,admin/tool/uckkseed/lang/fr/tool_uckkseed.php,148
tool_uckkseed,settings,en,admin/tool/uckkseed/lang/en/tool_uckkseed.php,28
tool_uckkseed,settings,fr,admin/tool/uckkseed/lang/fr/tool_uckkseed.php,34
tool_uckkseed,severity,en,admin/tool/uckkseed/lang/en/tool_uckkseed.php,117
tool_uckkseed,severity:blocker,en,admin/tool/uckkseed/lang/en/tool_uckkseed.php,127
tool_uckkseed,severity:error,en,admin/tool/uckkseed/lang/en/tool_uckkseed.php,126
tool_uckkseed,severity:info,en,admin/tool/uckkseed/lang/en/tool_uckkseed.php,123
tool_uckkseed,severity:success,en,admin/tool/uckkseed/lang/en/tool_uckkseed.php,124
tool_uckkseed,severity:warning,en,admin/tool/uckkseed/lang/en/tool_uckkseed.php,125
tool_uckkseed,severity_blocker,en,admin/tool/uckkseed/lang/en/tool_uckkseed.php,122
tool_uckkseed,severity_blocker,fr,admin/tool/uckkseed/lang/fr/tool_uckkseed.php,102
tool_uckkseed,severity_error,en,admin/tool/uckkseed/lang/en/tool_uckkseed.php,121
tool_uckkseed,severity_error,fr,admin/tool/uckkseed/lang/fr/tool_uckkseed.php,101
tool_uckkseed,severity_info,en,admin/tool/uckkseed/lang/en/tool_uckkseed.php,118
tool_uckkseed,severity_info,fr,admin/tool/uckkseed/lang/fr/tool_uckkseed.php,98
tool_uckkseed,severity_success,en,admin/tool/uckkseed/lang/en/tool_uckkseed.php,119
tool_uckkseed,severity_success,fr,admin/tool/uckkseed/lang/fr/tool_uckkseed.php,99
tool_uckkseed,severity_warning,en,admin/tool/uckkseed/lang/en/tool_uckkseed.php,120
tool_uckkseed,severity_warning,fr,admin/tool/uckkseed/lang/fr/tool_uckkseed.php,100
tool_uckkseed,skipped,en,admin/tool/uckkseed/lang/en/tool_uckkseed.php,223
tool_uckkseed,skipped,fr,admin/tool/uckkseed/lang/fr/tool_uckkseed.php,167
tool_uckkseed,skippedcount,en,admin/tool/uckkseed/lang/en/tool_uckkseed.php,230
tool_uckkseed,skippedcount,fr,admin/tool/uckkseed/lang/fr/tool_uckkseed.php,173
tool_uckkseed,source,en,admin/tool/uckkseed/lang/en/tool_uckkseed.php,265
tool_uckkseed,status,en,admin/tool/uckkseed/lang/en/tool_uckkseed.php,100
tool_uckkseed,status,fr,admin/tool/uckkseed/lang/fr/tool_uckkseed.php,88
tool_uckkseed,status:cancelled,en,admin/tool/uckkseed/lang/en/tool_uckkseed.php,112
tool_uckkseed,status:completed,en,admin/tool/uckkseed/lang/en/tool_uckkseed.php,110
tool_uckkseed,status:failed,en,admin/tool/uckkseed/lang/en/tool_uckkseed.php,111
tool_uckkseed,status:pending,en,admin/tool/uckkseed/lang/en/tool_uckkseed.php,108
tool_uckkseed,status:running,en,admin/tool/uckkseed/lang/en/tool_uckkseed.php,109
tool_uckkseed,status:skipped,en,admin/tool/uckkseed/lang/en/tool_uckkseed.php,113
tool_uckkseed,status:warning,en,admin/tool/uckkseed/lang/en/tool_uckkseed.php,114
tool_uckkseed,status_cancelled,en,admin/tool/uckkseed/lang/en/tool_uckkseed.php,105
tool_uckkseed,status_cancelled,fr,admin/tool/uckkseed/lang/fr/tool_uckkseed.php,93
tool_uckkseed,status_completed,en,admin/tool/uckkseed/lang/en/tool_uckkseed.php,103
tool_uckkseed,status_completed,fr,admin/tool/uckkseed/lang/fr/tool_uckkseed.php,91
tool_uckkseed,status_failed,en,admin/tool/uckkseed/lang/en/tool_uckkseed.php,104
tool_uckkseed,status_failed,fr,admin/tool/uckkseed/lang/fr/tool_uckkseed.php,92
tool_uckkseed,status_pending,en,admin/tool/uckkseed/lang/en/tool_uckkseed.php,101
tool_uckkseed,status_pending,fr,admin/tool/uckkseed/lang/fr/tool_uckkseed.php,89
tool_uckkseed,status_running,en,admin/tool/uckkseed/lang/en/tool_uckkseed.php,102
tool_uckkseed,status_running,fr,admin/tool/uckkseed/lang/fr/tool_uckkseed.php,90
tool_uckkseed,status_skipped,en,admin/tool/uckkseed/lang/en/tool_uckkseed.php,106
tool_uckkseed,status_skipped,fr,admin/tool/uckkseed/lang/fr/tool_uckkseed.php,94
tool_uckkseed,status_warning,en,admin/tool/uckkseed/lang/en/tool_uckkseed.php,107
tool_uckkseed,status_warning,fr,admin/tool/uckkseed/lang/fr/tool_uckkseed.php,95
tool_uckkseed,stepcreated,fr,admin/tool/uckkseed/lang/fr/tool_uckkseed.php,240
tool_uckkseed,stepfailed,fr,admin/tool/uckkseed/lang/fr/tool_uckkseed.php,243
tool_uckkseed,stepskipped,fr,admin/tool/uckkseed/lang/fr/tool_uckkseed.php,242
tool_uckkseed,stepupdated,fr,admin/tool/uckkseed/lang/fr/tool_uckkseed.php,241
tool_uckkseed,summary,en,admin/tool/uckkseed/lang/en/tool_uckkseed.php,216
tool_uckkseed,summary,fr,admin/tool/uckkseed/lang/fr/tool_uckkseed.php,177
tool_uckkseed,symbolicrolesnotice,en,admin/tool/uckkseed/lang/en/tool_uckkseed.php,401
tool_uckkseed,symbolicrolesnotice,fr,admin/tool/uckkseed/lang/fr/tool_uckkseed.php,313
tool_uckkseed,target,fr,admin/tool/uckkseed/lang/fr/tool_uckkseed.php,137
tool_uckkseed,targetid,en,admin/tool/uckkseed/lang/en/tool_uckkseed.php,263
tool_uckkseed,targetkey,en,admin/tool/uckkseed/lang/en/tool_uckkseed.php,262
tool_uckkseed,targetkey,fr,admin/tool/uckkseed/lang/fr/tool_uckkseed.php,139
tool_uckkseed,targets,fr,admin/tool/uckkseed/lang/fr/tool_uckkseed.php,136
tool_uckkseed,targettype,en,admin/tool/uckkseed/lang/en/tool_uckkseed.php,261
tool_uckkseed,targettype,fr,admin/tool/uckkseed/lang/fr/tool_uckkseed.php,138
tool_uckkseed,targettype:archive_template,en,admin/tool/uckkseed/lang/en/tool_uckkseed.php,287
tool_uckkseed,targettype:assembly_template,en,admin/tool/uckkseed/lang/en/tool_uckkseed.php,286
tool_uckkseed,targettype:badge,en,admin/tool/uckkseed/lang/en/tool_uckkseed.php,282
tool_uckkseed,targettype:capability,en,admin/tool/uckkseed/lang/en/tool_uckkseed.php,280
tool_uckkseed,targettype:category,en,admin/tool/uckkseed/lang/en/tool_uckkseed.php,276
tool_uckkseed,targettype:challenge_template,en,admin/tool/uckkseed/lang/en/tool_uckkseed.php,285
tool_uckkseed,targettype:cohort,en,admin/tool/uckkseed/lang/en/tool_uckkseed.php,278
tool_uckkseed,targettype:competency,en,admin/tool/uckkseed/lang/en/tool_uckkseed.php,281
tool_uckkseed,targettype:course,en,admin/tool/uckkseed/lang/en/tool_uckkseed.php,277
tool_uckkseed,targettype:course_template,en,admin/tool/uckkseed/lang/en/tool_uckkseed.php,284
tool_uckkseed,targettype:report,en,admin/tool/uckkseed/lang/en/tool_uckkseed.php,283
tool_uckkseed,targettype:role,en,admin/tool/uckkseed/lang/en/tool_uckkseed.php,279
tool_uckkseed,task:completed,en,admin/tool/uckkseed/lang/en/tool_uckkseed.php,332
tool_uckkseed,task:disabled,en,admin/tool/uckkseed/lang/en/tool_uckkseed.php,330
tool_uckkseed,task:dryrun,en,admin/tool/uckkseed/lang/en/tool_uckkseed.php,331
tool_uckkseed,task:failed,en,admin/tool/uckkseed/lang/en/tool_uckkseed.php,333
tool_uckkseed,task_seed_distribution,en,admin/tool/uckkseed/lang/en/tool_uckkseed.php,328
tool_uckkseed,task_seed_distribution,fr,admin/tool/uckkseed/lang/fr/tool_uckkseed.php,295
tool_uckkseed,task_seed_distribution_completed,fr,admin/tool/uckkseed/lang/fr/tool_uckkseed.php,297
tool_uckkseed,task_seed_distribution_desc,en,admin/tool/uckkseed/lang/en/tool_uckkseed.php,329
tool_uckkseed,task_seed_distribution_failed,fr,admin/tool/uckkseed/lang/fr/tool_uckkseed.php,299
tool_uckkseed,task_seed_distribution_skipped,fr,admin/tool/uckkseed/lang/fr/tool_uckkseed.php,298
tool_uckkseed,task_seed_distribution_started,fr,admin/tool/uckkseed/lang/fr/tool_uckkseed.php,296
tool_uckkseed,template,fr,admin/tool/uckkseed/lang/fr/tool_uckkseed.php,260
tool_uckkseed,timecreated,en,admin/tool/uckkseed/lang/en/tool_uckkseed.php,267
tool_uckkseed,timemodified,en,admin/tool/uckkseed/lang/en/tool_uckkseed.php,268
tool_uckkseed,toolisdisabled,en,admin/tool/uckkseed/lang/en/tool_uckkseed.php,68
tool_uckkseed,uckkseed,en,admin/tool/uckkseed/lang/en/tool_uckkseed.php,34
tool_uckkseed,uckkseed:exportpresets,en,admin/tool/uckkseed/lang/en/tool_uckkseed.php,41
tool_uckkseed,uckkseed:exportpresets,fr,admin/tool/uckkseed/lang/fr/tool_uckkseed.php,26
tool_uckkseed,uckkseed:reset,en,admin/tool/uckkseed/lang/en/tool_uckkseed.php,39
tool_uckkseed,uckkseed:reset,fr,admin/tool/uckkseed/lang/fr/tool_uckkseed.php,24
tool_uckkseed,uckkseed:seed,en,admin/tool/uckkseed/lang/en/tool_uckkseed.php,38
tool_uckkseed,uckkseed:seed,fr,admin/tool/uckkseed/lang/fr/tool_uckkseed.php,23
tool_uckkseed,uckkseed:validate,en,admin/tool/uckkseed/lang/en/tool_uckkseed.php,40
tool_uckkseed,uckkseed:validate,fr,admin/tool/uckkseed/lang/fr/tool_uckkseed.php,25
tool_uckkseed,uckkseed:view,en,admin/tool/uckkseed/lang/en/tool_uckkseed.php,35
tool_uckkseed,updated,en,admin/tool/uckkseed/lang/en/tool_uckkseed.php,222
tool_uckkseed,updated,fr,admin/tool/uckkseed/lang/fr/tool_uckkseed.php,166
tool_uckkseed,updatedcount,en,admin/tool/uckkseed/lang/en/tool_uckkseed.php,229
tool_uckkseed,updatedcount,fr,admin/tool/uckkseed/lang/fr/tool_uckkseed.php,172
tool_uckkseed,userid,en,admin/tool/uckkseed/lang/en/tool_uckkseed.php,271
tool_uckkseed,validate,fr,admin/tool/uckkseed/lang/fr/tool_uckkseed.php,72
tool_uckkseed,validatedistribution,en,admin/tool/uckkseed/lang/en/tool_uckkseed.php,26
tool_uckkseed,validatedistribution,fr,admin/tool/uckkseed/lang/fr/tool_uckkseed.php,32
tool_uckkseed,validation:badgewithoutvalidation,en,admin/tool/uckkseed/lang/en/tool_uckkseed.php,365
tool_uckkseed,validation:capabilitymissing,en,admin/tool/uckkseed/lang/en/tool_uckkseed.php,363
tool_uckkseed,validation:courseformat,en,admin/tool/uckkseed/lang/en/tool_uckkseed.php,366
tool_uckkseed,validation:duplicatekey,en,admin/tool/uckkseed/lang/en/tool_uckkseed.php,360
tool_uckkseed,validation:invalidschema,en,admin/tool/uckkseed/lang/en/tool_uckkseed.php,357
tool_uckkseed,validation:missingcomponent,en,admin/tool/uckkseed/lang/en/tool_uckkseed.php,361
tool_uckkseed,validation:missingdependency,en,admin/tool/uckkseed/lang/en/tool_uckkseed.php,362
tool_uckkseed,validation:missingitems,en,admin/tool/uckkseed/lang/en/tool_uckkseed.php,358
tool_uckkseed,validation:missingkey,en,admin/tool/uckkseed/lang/en/tool_uckkseed.php,359
tool_uckkseed,validation:missingpreset,en,admin/tool/uckkseed/lang/en/tool_uckkseed.php,356
tool_uckkseed,validation:ok,en,admin/tool/uckkseed/lang/en/tool_uckkseed.php,367
tool_uckkseed,validation:rolesymbolic,en,admin/tool/uckkseed/lang/en/tool_uckkseed.php,364
tool_uckkseed,validationcompleted,en,admin/tool/uckkseed/lang/en/tool_uckkseed.php,243
tool_uckkseed,validationfailed,en,admin/tool/uckkseed/lang/en/tool_uckkseed.php,242
tool_uckkseed,validationfailed,fr,admin/tool/uckkseed/lang/fr/tool_uckkseed.php,192
tool_uckkseed,validationpassed,en,admin/tool/uckkseed/lang/en/tool_uckkseed.php,241
tool_uckkseed,validationpassed,fr,admin/tool/uckkseed/lang/fr/tool_uckkseed.php,191
tool_uckkseed,validationreport,en,admin/tool/uckkseed/lang/en/tool_uckkseed.php,30
tool_uckkseed,validationreport,fr,admin/tool/uckkseed/lang/fr/tool_uckkseed.php,36
tool_uckkseed,viewreport,en,admin/tool/uckkseed/lang/en/tool_uckkseed.php,394
tool_uckkseed,viewsummary,fr,admin/tool/uckkseed/lang/fr/tool_uckkseed.php,302
tool_uckkseed,viewvalidationreport,fr,admin/tool/uckkseed/lang/fr/tool_uckkseed.php,303
tool_uckkseed,warnings,en,admin/tool/uckkseed/lang/en/tool_uckkseed.php,225
tool_uckkseed,warnings,fr,admin/tool/uckkseed/lang/fr/tool_uckkseed.php,169
tool_uckkseed,warningscount,en,admin/tool/uckkseed/lang/en/tool_uckkseed.php,232
tool_uckkseed,warningscount,fr,admin/tool/uckkseed/lang/fr/tool_uckkseed.php,175
uckkarchive,actions,en,mod/uckkarchive/lang/en/uckkarchive.php,43
uckkarchive,actions,fr,mod/uckkarchive/lang/fr/uckkarchive.php,43
uckkarchive,activity,en,mod/uckkarchive/lang/en/uckkarchive.php,42
uckkarchive,activity,fr,mod/uckkarchive/lang/fr/uckkarchive.php,42
uckkarchive,add,en,mod/uckkarchive/lang/en/uckkarchive.php,44
uckkarchive,add,fr,mod/uckkarchive/lang/fr/uckkarchive.php,44
uckkarchive,addarchiveitem,en,mod/uckkarchive/lang/en/uckkarchive.php,201
uckkarchive,addarchiveitem,fr,mod/uckkarchive/lang/fr/uckkarchive.php,201
uckkarchive,additem,en,mod/uckkarchive/lang/en/uckkarchive.php,45
uckkarchive,additem,fr,mod/uckkarchive/lang/fr/uckkarchive.php,45
uckkarchive,addkristal,en,mod/uckkarchive/lang/en/uckkarchive.php,223
uckkarchive,addkristal,fr,mod/uckkarchive/lang/fr/uckkarchive.php,223
uckkarchive,allowexports,en,mod/uckkarchive/lang/en/uckkarchive.php,125
uckkarchive,allowexports,fr,mod/uckkarchive/lang/fr/uckkarchive.php,125
uckkarchive,allowexports_help,en,mod/uckkarchive/lang/en/uckkarchive.php,126
uckkarchive,allowexports_help,fr,mod/uckkarchive/lang/fr/uckkarchive.php,126
uckkarchive,allowkristals,en,mod/uckkarchive/lang/en/uckkarchive.php,123
uckkarchive,allowkristals,fr,mod/uckkarchive/lang/fr/uckkarchive.php,123
uckkarchive,allowkristals_help,en,mod/uckkarchive/lang/en/uckkarchive.php,124
uckkarchive,allowkristals_help,fr,mod/uckkarchive/lang/fr/uckkarchive.php,124
uckkarchive,allowpublicitems,en,mod/uckkarchive/lang/en/uckkarchive.php,119
uckkarchive,allowpublicitems,fr,mod/uckkarchive/lang/fr/uckkarchive.php,119
uckkarchive,allowpublicitems_help,en,mod/uckkarchive/lang/en/uckkarchive.php,120
uckkarchive,allowpublicitems_help,fr,mod/uckkarchive/lang/fr/uckkarchive.php,120
uckkarchive,archive,en,mod/uckkarchive/lang/en/uckkarchive.php,46
uckkarchive,archive,fr,mod/uckkarchive/lang/fr/uckkarchive.php,46
uckkarchive,archive:exported,en,mod/uckkarchive/lang/en/uckkarchive.php,587
uckkarchive,archive:exported,fr,mod/uckkarchive/lang/fr/uckkarchive.php,587
uckkarchive,archive:exportfailed,en,mod/uckkarchive/lang/en/uckkarchive.php,588
uckkarchive,archive:exportfailed,fr,mod/uckkarchive/lang/fr/uckkarchive.php,588
uckkarchive,archive:exporting,en,mod/uckkarchive/lang/en/uckkarchive.php,586
uckkarchive,archive:exporting,fr,mod/uckkarchive/lang/fr/uckkarchive.php,586
uckkarchive,archive:refreshed,en,mod/uckkarchive/lang/en/uckkarchive.php,578
uckkarchive,archive:refreshed,fr,mod/uckkarchive/lang/fr/uckkarchive.php,578
uckkarchive,archive:refreshfailed,en,mod/uckkarchive/lang/en/uckkarchive.php,579
uckkarchive,archive:refreshfailed,fr,mod/uckkarchive/lang/fr/uckkarchive.php,579
uckkarchive,archive:refreshing,en,mod/uckkarchive/lang/en/uckkarchive.php,577
uckkarchive,archive:refreshing,fr,mod/uckkarchive/lang/fr/uckkarchive.php,577
uckkarchive,archive:saved,en,mod/uckkarchive/lang/en/uckkarchive.php,581
uckkarchive,archive:saved,fr,mod/uckkarchive/lang/fr/uckkarchive.php,581
uckkarchive,archive:savefailed,en,mod/uckkarchive/lang/en/uckkarchive.php,582
uckkarchive,archive:savefailed,fr,mod/uckkarchive/lang/fr/uckkarchive.php,582
uckkarchive,archive:saving,en,mod/uckkarchive/lang/en/uckkarchive.php,580
uckkarchive,archive:saving,fr,mod/uckkarchive/lang/fr/uckkarchive.php,580
uckkarchive,archive:validated,en,mod/uckkarchive/lang/en/uckkarchive.php,584
uckkarchive,archive:validated,fr,mod/uckkarchive/lang/fr/uckkarchive.php,584
uckkarchive,archive:validating,en,mod/uckkarchive/lang/en/uckkarchive.php,583
uckkarchive,archive:validating,fr,mod/uckkarchive/lang/fr/uckkarchive.php,583
uckkarchive,archive:validationfailed,en,mod/uckkarchive/lang/en/uckkarchive.php,585
uckkarchive,archive:validationfailed,fr,mod/uckkarchive/lang/fr/uckkarchive.php,585
uckkarchive,archiveactions,en,mod/uckkarchive/lang/en/uckkarchive.php,500
uckkarchive,archiveactions,fr,mod/uckkarchive/lang/fr/uckkarchive.php,500
uckkarchive,archiveactivity,en,mod/uckkarchive/lang/en/uckkarchive.php,47
uckkarchive,archiveactivity,fr,mod/uckkarchive/lang/fr/uckkarchive.php,47
uckkarchive,archivecode,en,mod/uckkarchive/lang/en/uckkarchive.php,111
uckkarchive,archivecode,fr,mod/uckkarchive/lang/fr/uckkarchive.php,111
uckkarchive,archivecode_help,en,mod/uckkarchive/lang/en/uckkarchive.php,112
uckkarchive,archivecode_help,fr,mod/uckkarchive/lang/fr/uckkarchive.php,112
uckkarchive,archivecontext,en,mod/uckkarchive/lang/en/uckkarchive.php,113
uckkarchive,archivecontext,fr,mod/uckkarchive/lang/fr/uckkarchive.php,113
uckkarchive,archivecontext_help,en,mod/uckkarchive/lang/en/uckkarchive.php,114
uckkarchive,archivecontext_help,fr,mod/uckkarchive/lang/fr/uckkarchive.php,114
uckkarchive,archivegovernancenotice,en,mod/uckkarchive/lang/en/uckkarchive.php,519
uckkarchive,archivegovernancenotice,fr,mod/uckkarchive/lang/fr/uckkarchive.php,519
uckkarchive,archiveintro,en,mod/uckkarchive/lang/en/uckkarchive.php,110
uckkarchive,archiveintro,fr,mod/uckkarchive/lang/fr/uckkarchive.php,110
uckkarchive,archiveitem,en,mod/uckkarchive/lang/en/uckkarchive.php,48
uckkarchive,archiveitem,fr,mod/uckkarchive/lang/fr/uckkarchive.php,48
uckkarchive,archiveitemcard,en,mod/uckkarchive/lang/en/uckkarchive.php,496
uckkarchive,archiveitemcard,fr,mod/uckkarchive/lang/fr/uckkarchive.php,496
uckkarchive,archiveitemcontested,en,mod/uckkarchive/lang/en/uckkarchive.php,261
uckkarchive,archiveitemcontested,fr,mod/uckkarchive/lang/fr/uckkarchive.php,261
uckkarchive,archiveitemcorrectionrequired,en,mod/uckkarchive/lang/en/uckkarchive.php,260
uckkarchive,archiveitemcorrectionrequired,fr,mod/uckkarchive/lang/fr/uckkarchive.php,260
uckkarchive,archiveitemcreated,en,mod/uckkarchive/lang/en/uckkarchive.php,204
uckkarchive,archiveitemcreated,fr,mod/uckkarchive/lang/fr/uckkarchive.php,204
uckkarchive,archiveitemdetails,en,mod/uckkarchive/lang/en/uckkarchive.php,50
uckkarchive,archiveitemdetails,fr,mod/uckkarchive/lang/fr/uckkarchive.php,50
uckkarchive,archiveitemexported,en,mod/uckkarchive/lang/en/uckkarchive.php,315
uckkarchive,archiveitemexported,fr,mod/uckkarchive/lang/fr/uckkarchive.php,315
uckkarchive,archiveitemform,en,mod/uckkarchive/lang/en/uckkarchive.php,164
uckkarchive,archiveitemform,fr,mod/uckkarchive/lang/fr/uckkarchive.php,164
uckkarchive,archiveiteminvalidated,en,mod/uckkarchive/lang/en/uckkarchive.php,259
uckkarchive,archiveiteminvalidated,fr,mod/uckkarchive/lang/fr/uckkarchive.php,259
uckkarchive,archiveitemrejected,en,mod/uckkarchive/lang/en/uckkarchive.php,258
uckkarchive,archiveitemrejected,fr,mod/uckkarchive/lang/fr/uckkarchive.php,258
uckkarchive,archiveitemrevised,en,mod/uckkarchive/lang/en/uckkarchive.php,285
uckkarchive,archiveitemrevised,fr,mod/uckkarchive/lang/fr/uckkarchive.php,285
uckkarchive,archiveitems,en,mod/uckkarchive/lang/en/uckkarchive.php,49
uckkarchive,archiveitems,fr,mod/uckkarchive/lang/fr/uckkarchive.php,49
uckkarchive,archiveitemsaved,en,mod/uckkarchive/lang/en/uckkarchive.php,203
uckkarchive,archiveitemsaved,fr,mod/uckkarchive/lang/fr/uckkarchive.php,203
uckkarchive,archiveitemupdated,en,mod/uckkarchive/lang/en/uckkarchive.php,205
uckkarchive,archiveitemupdated,fr,mod/uckkarchive/lang/fr/uckkarchive.php,205
uckkarchive,archiveitemvalidated,en,mod/uckkarchive/lang/en/uckkarchive.php,257
uckkarchive,archiveitemvalidated,fr,mod/uckkarchive/lang/fr/uckkarchive.php,257
uckkarchive,archivename,en,mod/uckkarchive/lang/en/uckkarchive.php,108
uckkarchive,archivename,fr,mod/uckkarchive/lang/fr/uckkarchive.php,108
uckkarchive,archivename_help,en,mod/uckkarchive/lang/en/uckkarchive.php,109
uckkarchive,archivename_help,fr,mod/uckkarchive/lang/fr/uckkarchive.php,109
uckkarchive,archivenonsovereignnotice,en,mod/uckkarchive/lang/en/uckkarchive.php,518
uckkarchive,archivenonsovereignnotice,fr,mod/uckkarchive/lang/fr/uckkarchive.php,518
uckkarchive,archivenotfound,en,mod/uckkarchive/lang/en/uckkarchive.php,538
uckkarchive,archivenotfound,fr,mod/uckkarchive/lang/fr/uckkarchive.php,538
uckkarchive,archiveoverview,en,mod/uckkarchive/lang/en/uckkarchive.php,51
uckkarchive,archiveoverview,fr,mod/uckkarchive/lang/fr/uckkarchive.php,51
uckkarchive,archivepolicy,en,mod/uckkarchive/lang/en/uckkarchive.php,52
uckkarchive,archivepolicy,fr,mod/uckkarchive/lang/fr/uckkarchive.php,52
uckkarchive,archivepolicy:full,en,mod/uckkarchive/lang/en/uckkarchive.php,485
uckkarchive,archivepolicy:full,fr,mod/uckkarchive/lang/fr/uckkarchive.php,485
uckkarchive,archivepolicy:institutional_memory,en,mod/uckkarchive/lang/en/uckkarchive.php,488
uckkarchive,archivepolicy:institutional_memory,fr,mod/uckkarchive/lang/fr/uckkarchive.php,488
uckkarchive,archivepolicy:none,en,mod/uckkarchive/lang/en/uckkarchive.php,483
uckkarchive,archivepolicy:none,fr,mod/uckkarchive/lang/fr/uckkarchive.php,483
uckkarchive,archivepolicy:portfolio,en,mod/uckkarchive/lang/en/uckkarchive.php,487
uckkarchive,archivepolicy:portfolio,fr,mod/uckkarchive/lang/fr/uckkarchive.php,487
uckkarchive,archivepolicy:restricted_integrity,en,mod/uckkarchive/lang/en/uckkarchive.php,486
uckkarchive,archivepolicy:restricted_integrity,fr,mod/uckkarchive/lang/fr/uckkarchive.php,486
uckkarchive,archivepolicy:summary,en,mod/uckkarchive/lang/en/uckkarchive.php,484
uckkarchive,archivepolicy:summary,fr,mod/uckkarchive/lang/fr/uckkarchive.php,484
uckkarchive,archivepurpose,en,mod/uckkarchive/lang/en/uckkarchive.php,115
uckkarchive,archivepurpose,fr,mod/uckkarchive/lang/fr/uckkarchive.php,115
uckkarchive,archivepurpose_help,en,mod/uckkarchive/lang/en/uckkarchive.php,116
uckkarchive,archivepurpose_help,fr,mod/uckkarchive/lang/fr/uckkarchive.php,116
uckkarchive,archives,en,mod/uckkarchive/lang/en/uckkarchive.php,53
uckkarchive,archives,fr,mod/uckkarchive/lang/fr/uckkarchive.php,53
uckkarchive,archiveview,en,mod/uckkarchive/lang/en/uckkarchive.php,494
uckkarchive,archiveview,fr,mod/uckkarchive/lang/fr/uckkarchive.php,494
uckkarchive,archiveviewempty,en,mod/uckkarchive/lang/en/uckkarchive.php,495
uckkarchive,archiveviewempty,fr,mod/uckkarchive/lang/fr/uckkarchive.php,495
uckkarchive,backtoarchive,en,mod/uckkarchive/lang/en/uckkarchive.php,54
uckkarchive,backtoarchive,fr,mod/uckkarchive/lang/fr/uckkarchive.php,54
uckkarchive,backtoarchives,en,mod/uckkarchive/lang/en/uckkarchive.php,55
uckkarchive,backtoarchives,fr,mod/uckkarchive/lang/fr/uckkarchive.php,55
uckkarchive,backupincludeitems,en,mod/uckkarchive/lang/en/uckkarchive.php,640
uckkarchive,backupincludeitems,fr,mod/uckkarchive/lang/fr/uckkarchive.php,640
uckkarchive,backupincludekristals,en,mod/uckkarchive/lang/en/uckkarchive.php,642
uckkarchive,backupincludekristals,fr,mod/uckkarchive/lang/fr/uckkarchive.php,642
uckkarchive,backupincludeproofs,en,mod/uckkarchive/lang/en/uckkarchive.php,641
uckkarchive,backupincludeproofs,fr,mod/uckkarchive/lang/fr/uckkarchive.php,641
uckkarchive,backupincludeprovenance,en,mod/uckkarchive/lang/en/uckkarchive.php,643
uckkarchive,backupincludeprovenance,fr,mod/uckkarchive/lang/fr/uckkarchive.php,643
uckkarchive,backupincluderevisions,en,mod/uckkarchive/lang/en/uckkarchive.php,644
uckkarchive,backupincluderevisions,fr,mod/uckkarchive/lang/fr/uckkarchive.php,644
uckkarchive,cancel,en,mod/uckkarchive/lang/en/uckkarchive.php,56
uckkarchive,cancel,fr,mod/uckkarchive/lang/fr/uckkarchive.php,56
uckkarchive,cannotadditem,en,mod/uckkarchive/lang/en/uckkarchive.php,206
uckkarchive,cannotadditem,fr,mod/uckkarchive/lang/fr/uckkarchive.php,206
uckkarchive,cannotaddkristal,en,mod/uckkarchive/lang/en/uckkarchive.php,238
uckkarchive,cannotaddkristal,fr,mod/uckkarchive/lang/fr/uckkarchive.php,238
uckkarchive,cannotdeleteitem,en,mod/uckkarchive/lang/en/uckkarchive.php,535
uckkarchive,cannotdeleteitem,fr,mod/uckkarchive/lang/fr/uckkarchive.php,535
uckkarchive,cannotedititem,en,mod/uckkarchive/lang/en/uckkarchive.php,207
uckkarchive,cannotedititem,fr,mod/uckkarchive/lang/fr/uckkarchive.php,207
uckkarchive,cannoteditkristal,en,mod/uckkarchive/lang/en/uckkarchive.php,239
uckkarchive,cannoteditkristal,fr,mod/uckkarchive/lang/fr/uckkarchive.php,239
uckkarchive,cannotexportarchive,en,mod/uckkarchive/lang/en/uckkarchive.php,316
uckkarchive,cannotexportarchive,fr,mod/uckkarchive/lang/fr/uckkarchive.php,316
uckkarchive,cannotexportitem,en,mod/uckkarchive/lang/en/uckkarchive.php,317
uckkarchive,cannotexportitem,fr,mod/uckkarchive/lang/fr/uckkarchive.php,317
uckkarchive,cannotmanagearchive,en,mod/uckkarchive/lang/en/uckkarchive.php,534
uckkarchive,cannotmanagearchive,fr,mod/uckkarchive/lang/fr/uckkarchive.php,534
uckkarchive,cannotreviseitem,en,mod/uckkarchive/lang/en/uckkarchive.php,290
uckkarchive,cannotreviseitem,fr,mod/uckkarchive/lang/fr/uckkarchive.php,290
uckkarchive,cannotvalidateitem,en,mod/uckkarchive/lang/en/uckkarchive.php,262
uckkarchive,cannotvalidateitem,fr,mod/uckkarchive/lang/fr/uckkarchive.php,262
uckkarchive,cannotversionitem,en,mod/uckkarchive/lang/en/uckkarchive.php,291
uckkarchive,cannotversionitem,fr,mod/uckkarchive/lang/fr/uckkarchive.php,291
uckkarchive,cannotviewarchive,en,mod/uckkarchive/lang/en/uckkarchive.php,532
uckkarchive,cannotviewarchive,fr,mod/uckkarchive/lang/fr/uckkarchive.php,532
uckkarchive,cannotviewitem,en,mod/uckkarchive/lang/en/uckkarchive.php,208
uckkarchive,cannotviewitem,fr,mod/uckkarchive/lang/fr/uckkarchive.php,208
uckkarchive,cannotviewkristal,en,mod/uckkarchive/lang/en/uckkarchive.php,240
uckkarchive,cannotviewkristal,fr,mod/uckkarchive/lang/fr/uckkarchive.php,240
uckkarchive,cannotviewrestricted,en,mod/uckkarchive/lang/en/uckkarchive.php,533
uckkarchive,cannotviewrestricted,fr,mod/uckkarchive/lang/fr/uckkarchive.php,533
uckkarchive,close,en,mod/uckkarchive/lang/en/uckkarchive.php,57
uckkarchive,close,fr,mod/uckkarchive/lang/fr/uckkarchive.php,57
uckkarchive,completiondetail:items,en,mod/uckkarchive/lang/en/uckkarchive.php,601
uckkarchive,completiondetail:items,fr,mod/uckkarchive/lang/fr/uckkarchive.php,601
uckkarchive,completiondetail:kristals,en,mod/uckkarchive/lang/en/uckkarchive.php,603
uckkarchive,completiondetail:kristals,fr,mod/uckkarchive/lang/fr/uckkarchive.php,603
uckkarchive,completiondetail:validateditems,en,mod/uckkarchive/lang/en/uckkarchive.php,602
uckkarchive,completiondetail:validateditems,fr,mod/uckkarchive/lang/fr/uckkarchive.php,602
uckkarchive,completionitems,en,mod/uckkarchive/lang/en/uckkarchive.php,604
uckkarchive,completionitems,fr,mod/uckkarchive/lang/fr/uckkarchive.php,604
uckkarchive,completionkristals,en,mod/uckkarchive/lang/en/uckkarchive.php,606
uckkarchive,completionkristals,fr,mod/uckkarchive/lang/fr/uckkarchive.php,606
uckkarchive,completionrequireitem,en,mod/uckkarchive/lang/en/uckkarchive.php,128
uckkarchive,completionrequireitem,fr,mod/uckkarchive/lang/fr/uckkarchive.php,128
uckkarchive,completionrequirekristal,en,mod/uckkarchive/lang/en/uckkarchive.php,129
uckkarchive,completionrequirekristal,fr,mod/uckkarchive/lang/fr/uckkarchive.php,129
uckkarchive,completionrequirevalidateditem,en,mod/uckkarchive/lang/en/uckkarchive.php,127
uckkarchive,completionrequirevalidateditem,fr,mod/uckkarchive/lang/fr/uckkarchive.php,127
uckkarchive,completionvalidateditems,en,mod/uckkarchive/lang/en/uckkarchive.php,605
uckkarchive,completionvalidateditems,fr,mod/uckkarchive/lang/fr/uckkarchive.php,605
uckkarchive,confirm,en,mod/uckkarchive/lang/en/uckkarchive.php,58
uckkarchive,confirm,fr,mod/uckkarchive/lang/fr/uckkarchive.php,58
uckkarchive,confirmexport,en,mod/uckkarchive/lang/en/uckkarchive.php,707
uckkarchive,confirmexport,fr,mod/uckkarchive/lang/fr/uckkarchive.php,707
uckkarchive,confirminvalidate,en,mod/uckkarchive/lang/en/uckkarchive.php,705
uckkarchive,confirminvalidate,fr,mod/uckkarchive/lang/fr/uckkarchive.php,705
uckkarchive,confirmpublicvisibility,en,mod/uckkarchive/lang/en/uckkarchive.php,708
uckkarchive,confirmpublicvisibility,fr,mod/uckkarchive/lang/fr/uckkarchive.php,708
uckkarchive,confirmreject,en,mod/uckkarchive/lang/en/uckkarchive.php,704
uckkarchive,confirmreject,fr,mod/uckkarchive/lang/fr/uckkarchive.php,704
uckkarchive,confirmrevision,en,mod/uckkarchive/lang/en/uckkarchive.php,706
uckkarchive,confirmrevision,fr,mod/uckkarchive/lang/fr/uckkarchive.php,706
uckkarchive,confirmvalidate,en,mod/uckkarchive/lang/en/uckkarchive.php,703
uckkarchive,confirmvalidate,fr,mod/uckkarchive/lang/fr/uckkarchive.php,703
uckkarchive,contentorsourcefilesrequired,en,mod/uckkarchive/lang/en/uckkarchive.php,214
uckkarchive,contentorsourcefilesrequired,fr,mod/uckkarchive/lang/fr/uckkarchive.php,214
uckkarchive,continue,en,mod/uckkarchive/lang/en/uckkarchive.php,59
uckkarchive,continue,fr,mod/uckkarchive/lang/fr/uckkarchive.php,59
uckkarchive,course,en,mod/uckkarchive/lang/en/uckkarchive.php,60
uckkarchive,course,fr,mod/uckkarchive/lang/fr/uckkarchive.php,60
uckkarchive,created,en,mod/uckkarchive/lang/en/uckkarchive.php,61
uckkarchive,created,fr,mod/uckkarchive/lang/fr/uckkarchive.php,61
uckkarchive,createdby,en,mod/uckkarchive/lang/en/uckkarchive.php,62
uckkarchive,createdby,fr,mod/uckkarchive/lang/fr/uckkarchive.php,62
uckkarchive,currentversion,en,mod/uckkarchive/lang/en/uckkarchive.php,287
uckkarchive,currentversion,fr,mod/uckkarchive/lang/fr/uckkarchive.php,287
uckkarchive,decisionattachments,en,mod/uckkarchive/lang/en/uckkarchive.php,196
uckkarchive,decisionattachments,fr,mod/uckkarchive/lang/fr/uckkarchive.php,196
uckkarchive,defaultvisibility,en,mod/uckkarchive/lang/en/uckkarchive.php,117
uckkarchive,defaultvisibility,fr,mod/uckkarchive/lang/fr/uckkarchive.php,117
uckkarchive,defaultvisibility_help,en,mod/uckkarchive/lang/en/uckkarchive.php,118
uckkarchive,defaultvisibility_help,fr,mod/uckkarchive/lang/fr/uckkarchive.php,118
uckkarchive,deleteitemnotallowed,en,mod/uckkarchive/lang/en/uckkarchive.php,536
uckkarchive,deleteitemnotallowed,fr,mod/uckkarchive/lang/fr/uckkarchive.php,536
uckkarchive,description,en,mod/uckkarchive/lang/en/uckkarchive.php,63
uckkarchive,description,fr,mod/uckkarchive/lang/fr/uckkarchive.php,63
uckkarchive,details,en,mod/uckkarchive/lang/en/uckkarchive.php,64
uckkarchive,details,fr,mod/uckkarchive/lang/fr/uckkarchive.php,64
uckkarchive,download,en,mod/uckkarchive/lang/en/uckkarchive.php,65
uckkarchive,download,fr,mod/uckkarchive/lang/fr/uckkarchive.php,65
uckkarchive,downloadexport,en,mod/uckkarchive/lang/en/uckkarchive.php,320
uckkarchive,downloadexport,fr,mod/uckkarchive/lang/fr/uckkarchive.php,320
uckkarchive,edit,en,mod/uckkarchive/lang/en/uckkarchive.php,66
uckkarchive,edit,fr,mod/uckkarchive/lang/fr/uckkarchive.php,66
uckkarchive,editarchiveitem,en,mod/uckkarchive/lang/en/uckkarchive.php,202
uckkarchive,editarchiveitem,fr,mod/uckkarchive/lang/fr/uckkarchive.php,202
uckkarchive,editkristal,en,mod/uckkarchive/lang/en/uckkarchive.php,224
uckkarchive,editkristal,fr,mod/uckkarchive/lang/fr/uckkarchive.php,224
uckkarchive,empty,en,mod/uckkarchive/lang/en/uckkarchive.php,67
uckkarchive,empty,fr,mod/uckkarchive/lang/fr/uckkarchive.php,67
uckkarchive,emptyarchive,en,mod/uckkarchive/lang/en/uckkarchive.php,511
uckkarchive,emptyarchive,fr,mod/uckkarchive/lang/fr/uckkarchive.php,511
uckkarchive,emptyexports,en,mod/uckkarchive/lang/en/uckkarchive.php,515
uckkarchive,emptyexports,fr,mod/uckkarchive/lang/fr/uckkarchive.php,515
uckkarchive,emptykristals,en,mod/uckkarchive/lang/en/uckkarchive.php,512
uckkarchive,emptykristals,fr,mod/uckkarchive/lang/fr/uckkarchive.php,512
uckkarchive,emptyproofs,en,mod/uckkarchive/lang/en/uckkarchive.php,513
uckkarchive,emptyproofs,fr,mod/uckkarchive/lang/fr/uckkarchive.php,513
uckkarchive,emptyrevisions,en,mod/uckkarchive/lang/en/uckkarchive.php,514
uckkarchive,emptyrevisions,fr,mod/uckkarchive/lang/fr/uckkarchive.php,514
uckkarchive,error:cannotautomatevalidation,en,mod/uckkarchive/lang/en/uckkarchive.php,663
uckkarchive,error:cannotautomatevalidation,fr,mod/uckkarchive/lang/fr/uckkarchive.php,663
uckkarchive,error:cannotdeletehistory,en,mod/uckkarchive/lang/en/uckkarchive.php,664
uckkarchive,error:cannotdeletehistory,fr,mod/uckkarchive/lang/fr/uckkarchive.php,664
uckkarchive,error:exporttoolarge,en,mod/uckkarchive/lang/en/uckkarchive.php,665
uckkarchive,error:exporttoolarge,fr,mod/uckkarchive/lang/fr/uckkarchive.php,665
uckkarchive,error:invalidfilearea,en,mod/uckkarchive/lang/en/uckkarchive.php,660
uckkarchive,error:invalidfilearea,fr,mod/uckkarchive/lang/fr/uckkarchive.php,660
uckkarchive,error:invalidjson,en,mod/uckkarchive/lang/en/uckkarchive.php,658
uckkarchive,error:invalidjson,fr,mod/uckkarchive/lang/fr/uckkarchive.php,658
uckkarchive,error:invalidsource,en,mod/uckkarchive/lang/en/uckkarchive.php,659
uckkarchive,error:invalidsource,fr,mod/uckkarchive/lang/fr/uckkarchive.php,659
uckkarchive,error:missingarchive,en,mod/uckkarchive/lang/en/uckkarchive.php,655
uckkarchive,error:missingarchive,fr,mod/uckkarchive/lang/fr/uckkarchive.php,655
uckkarchive,error:missingcm,en,mod/uckkarchive/lang/en/uckkarchive.php,653
uckkarchive,error:missingcm,fr,mod/uckkarchive/lang/fr/uckkarchive.php,653
uckkarchive,error:missingcontext,en,mod/uckkarchive/lang/en/uckkarchive.php,651
uckkarchive,error:missingcontext,fr,mod/uckkarchive/lang/fr/uckkarchive.php,651
uckkarchive,error:missingcourse,en,mod/uckkarchive/lang/en/uckkarchive.php,652
uckkarchive,error:missingcourse,fr,mod/uckkarchive/lang/fr/uckkarchive.php,652
uckkarchive,error:missingexport,en,mod/uckkarchive/lang/en/uckkarchive.php,657
uckkarchive,error:missingexport,fr,mod/uckkarchive/lang/fr/uckkarchive.php,657
uckkarchive,error:missingitem,en,mod/uckkarchive/lang/en/uckkarchive.php,654
uckkarchive,error:missingitem,fr,mod/uckkarchive/lang/fr/uckkarchive.php,654
uckkarchive,error:missingkristal,en,mod/uckkarchive/lang/en/uckkarchive.php,656
uckkarchive,error:missingkristal,fr,mod/uckkarchive/lang/fr/uckkarchive.php,656
uckkarchive,error:nothingtoexport,en,mod/uckkarchive/lang/en/uckkarchive.php,666
uckkarchive,error:nothingtoexport,fr,mod/uckkarchive/lang/fr/uckkarchive.php,666
uckkarchive,error:publicrequiresvalidation,en,mod/uckkarchive/lang/en/uckkarchive.php,662
uckkarchive,error:publicrequiresvalidation,fr,mod/uckkarchive/lang/fr/uckkarchive.php,662
uckkarchive,error:restricted,en,mod/uckkarchive/lang/en/uckkarchive.php,661
uckkarchive,error:restricted,fr,mod/uckkarchive/lang/fr/uckkarchive.php,661
uckkarchive,eventarchiveitemcreated,en,mod/uckkarchive/lang/en/uckkarchive.php,547
uckkarchive,eventarchiveitemcreated,fr,mod/uckkarchive/lang/fr/uckkarchive.php,547
uckkarchive,eventarchiveitemexported,en,mod/uckkarchive/lang/en/uckkarchive.php,550
uckkarchive,eventarchiveitemexported,fr,mod/uckkarchive/lang/fr/uckkarchive.php,550
uckkarchive,eventarchiveitemrevised,en,mod/uckkarchive/lang/en/uckkarchive.php,549
uckkarchive,eventarchiveitemrevised,fr,mod/uckkarchive/lang/fr/uckkarchive.php,549
uckkarchive,eventarchiveitemvalidated,en,mod/uckkarchive/lang/en/uckkarchive.php,548
uckkarchive,eventarchiveitemvalidated,fr,mod/uckkarchive/lang/fr/uckkarchive.php,548
uckkarchive,eventarchiveitemviewed,en,mod/uckkarchive/lang/en/uckkarchive.php,554
uckkarchive,eventarchiveitemviewed,fr,mod/uckkarchive/lang/fr/uckkarchive.php,554
uckkarchive,eventarchiveviewed,en,mod/uckkarchive/lang/en/uckkarchive.php,553
uckkarchive,eventarchiveviewed,fr,mod/uckkarchive/lang/fr/uckkarchive.php,553
uckkarchive,eventexportgenerated,en,mod/uckkarchive/lang/en/uckkarchive.php,555
uckkarchive,eventexportgenerated,fr,mod/uckkarchive/lang/fr/uckkarchive.php,555
uckkarchive,eventkristalcreated,en,mod/uckkarchive/lang/en/uckkarchive.php,551
uckkarchive,eventkristalcreated,fr,mod/uckkarchive/lang/fr/uckkarchive.php,551
uckkarchive,eventkristalupdated,en,mod/uckkarchive/lang/en/uckkarchive.php,552
uckkarchive,eventkristalupdated,fr,mod/uckkarchive/lang/fr/uckkarchive.php,552
uckkarchive,export,en,mod/uckkarchive/lang/en/uckkarchive.php,68
uckkarchive,export,fr,mod/uckkarchive/lang/fr/uckkarchive.php,68
uckkarchive,exportactions,en,mod/uckkarchive/lang/en/uckkarchive.php,504
uckkarchive,exportactions,fr,mod/uckkarchive/lang/fr/uckkarchive.php,504
uckkarchive,exportarchive,en,mod/uckkarchive/lang/en/uckkarchive.php,299
uckkarchive,exportarchive,fr,mod/uckkarchive/lang/fr/uckkarchive.php,299
uckkarchive,exportempty,en,mod/uckkarchive/lang/en/uckkarchive.php,319
uckkarchive,exportempty,fr,mod/uckkarchive/lang/fr/uckkarchive.php,319
uckkarchive,exportfailed,en,mod/uckkarchive/lang/en/uckkarchive.php,322
uckkarchive,exportfailed,fr,mod/uckkarchive/lang/fr/uckkarchive.php,322
uckkarchive,exportform,en,mod/uckkarchive/lang/en/uckkarchive.php,300
uckkarchive,exportform,fr,mod/uckkarchive/lang/fr/uckkarchive.php,300
uckkarchive,exportformat,en,mod/uckkarchive/lang/en/uckkarchive.php,303
uckkarchive,exportformat,fr,mod/uckkarchive/lang/fr/uckkarchive.php,303
uckkarchive,exportformat:csv,en,mod/uckkarchive/lang/en/uckkarchive.php,327
uckkarchive,exportformat:csv,fr,mod/uckkarchive/lang/fr/uckkarchive.php,327
uckkarchive,exportformat:json,en,mod/uckkarchive/lang/en/uckkarchive.php,325
uckkarchive,exportformat:json,fr,mod/uckkarchive/lang/fr/uckkarchive.php,325
uckkarchive,exportformat:pdf,en,mod/uckkarchive/lang/en/uckkarchive.php,328
uckkarchive,exportformat:pdf,fr,mod/uckkarchive/lang/fr/uckkarchive.php,328
uckkarchive,exportformat:zip,en,mod/uckkarchive/lang/en/uckkarchive.php,326
uckkarchive,exportformat:zip,fr,mod/uckkarchive/lang/fr/uckkarchive.php,326
uckkarchive,exportgenerated,en,mod/uckkarchive/lang/en/uckkarchive.php,314
uckkarchive,exportgenerated,fr,mod/uckkarchive/lang/fr/uckkarchive.php,314
uckkarchive,exportincludehistory,en,mod/uckkarchive/lang/en/uckkarchive.php,310
uckkarchive,exportincludehistory,fr,mod/uckkarchive/lang/fr/uckkarchive.php,310
uckkarchive,exportincludeintegrity,en,mod/uckkarchive/lang/en/uckkarchive.php,311
uckkarchive,exportincludeintegrity,fr,mod/uckkarchive/lang/fr/uckkarchive.php,311
uckkarchive,exportincludeproofs,en,mod/uckkarchive/lang/en/uckkarchive.php,308
uckkarchive,exportincludeproofs,fr,mod/uckkarchive/lang/fr/uckkarchive.php,308
uckkarchive,exportincludeprovenance,en,mod/uckkarchive/lang/en/uckkarchive.php,309
uckkarchive,exportincludeprovenance,fr,mod/uckkarchive/lang/fr/uckkarchive.php,309
uckkarchive,exportnotfound,en,mod/uckkarchive/lang/en/uckkarchive.php,540
uckkarchive,exportnotfound,fr,mod/uckkarchive/lang/fr/uckkarchive.php,540
uckkarchive,exportpackage,en,mod/uckkarchive/lang/en/uckkarchive.php,301
uckkarchive,exportpackage,fr,mod/uckkarchive/lang/fr/uckkarchive.php,301
uckkarchive,exportpackages,en,mod/uckkarchive/lang/en/uckkarchive.php,302
uckkarchive,exportpackages,fr,mod/uckkarchive/lang/fr/uckkarchive.php,302
uckkarchive,exportqueued,en,mod/uckkarchive/lang/en/uckkarchive.php,321
uckkarchive,exportqueued,fr,mod/uckkarchive/lang/fr/uckkarchive.php,321
uckkarchive,exportreason,en,mod/uckkarchive/lang/en/uckkarchive.php,306
uckkarchive,exportreason,fr,mod/uckkarchive/lang/fr/uckkarchive.php,306
uckkarchive,exportreason_help,en,mod/uckkarchive/lang/en/uckkarchive.php,307
uckkarchive,exportreason_help,fr,mod/uckkarchive/lang/fr/uckkarchive.php,307
uckkarchive,exportredactrestricted,en,mod/uckkarchive/lang/en/uckkarchive.php,312
uckkarchive,exportredactrestricted,fr,mod/uckkarchive/lang/fr/uckkarchive.php,312
uckkarchive,exportredactrestricted_help,en,mod/uckkarchive/lang/en/uckkarchive.php,313
uckkarchive,exportredactrestricted_help,fr,mod/uckkarchive/lang/fr/uckkarchive.php,313
uckkarchive,exportrequiresreason,en,mod/uckkarchive/lang/en/uckkarchive.php,318
uckkarchive,exportrequiresreason,fr,mod/uckkarchive/lang/fr/uckkarchive.php,318
uckkarchive,exportscope,en,mod/uckkarchive/lang/en/uckkarchive.php,304
uckkarchive,exportscope,fr,mod/uckkarchive/lang/fr/uckkarchive.php,304
uckkarchive,exportscope:archive,en,mod/uckkarchive/lang/en/uckkarchive.php,330
uckkarchive,exportscope:archive,fr,mod/uckkarchive/lang/fr/uckkarchive.php,330
uckkarchive,exportscope:course,en,mod/uckkarchive/lang/en/uckkarchive.php,331
uckkarchive,exportscope:course,fr,mod/uckkarchive/lang/fr/uckkarchive.php,331
uckkarchive,exportscope:integrity,en,mod/uckkarchive/lang/en/uckkarchive.php,333
uckkarchive,exportscope:integrity,fr,mod/uckkarchive/lang/fr/uckkarchive.php,333
uckkarchive,exportscope:item,en,mod/uckkarchive/lang/en/uckkarchive.php,329
uckkarchive,exportscope:item,fr,mod/uckkarchive/lang/fr/uckkarchive.php,329
uckkarchive,exportscope:user,en,mod/uckkarchive/lang/en/uckkarchive.php,332
uckkarchive,exportscope:user,fr,mod/uckkarchive/lang/fr/uckkarchive.php,332
uckkarchive,exportsucceeded,en,mod/uckkarchive/lang/en/uckkarchive.php,323
uckkarchive,exportsucceeded,fr,mod/uckkarchive/lang/fr/uckkarchive.php,323
uckkarchive,exportvisibility,en,mod/uckkarchive/lang/en/uckkarchive.php,305
uckkarchive,exportvisibility,fr,mod/uckkarchive/lang/fr/uckkarchive.php,305
uckkarchive,filearea:decision_attachments,en,mod/uckkarchive/lang/en/uckkarchive.php,673
uckkarchive,filearea:decision_attachments,fr,mod/uckkarchive/lang/fr/uckkarchive.php,673
uckkarchive,filearea:export_packages,en,mod/uckkarchive/lang/en/uckkarchive.php,679
uckkarchive,filearea:export_packages,fr,mod/uckkarchive/lang/fr/uckkarchive.php,679
uckkarchive,filearea:integrity_exports,en,mod/uckkarchive/lang/en/uckkarchive.php,677
uckkarchive,filearea:integrity_exports,fr,mod/uckkarchive/lang/fr/uckkarchive.php,677
uckkarchive,filearea:item_content,en,mod/uckkarchive/lang/en/uckkarchive.php,678
uckkarchive,filearea:item_content,fr,mod/uckkarchive/lang/fr/uckkarchive.php,678
uckkarchive,filearea:kristal_files,en,mod/uckkarchive/lang/en/uckkarchive.php,675
uckkarchive,filearea:kristal_files,fr,mod/uckkarchive/lang/fr/uckkarchive.php,675
uckkarchive,filearea:minutes_files,en,mod/uckkarchive/lang/en/uckkarchive.php,674
uckkarchive,filearea:minutes_files,fr,mod/uckkarchive/lang/fr/uckkarchive.php,674
uckkarchive,filearea:portfolio_files,en,mod/uckkarchive/lang/en/uckkarchive.php,676
uckkarchive,filearea:portfolio_files,fr,mod/uckkarchive/lang/fr/uckkarchive.php,676
uckkarchive,filearea:proof_files,en,mod/uckkarchive/lang/en/uckkarchive.php,672
uckkarchive,filearea:proof_files,fr,mod/uckkarchive/lang/fr/uckkarchive.php,672
uckkarchive,files,en,mod/uckkarchive/lang/en/uckkarchive.php,69
uckkarchive,files,fr,mod/uckkarchive/lang/fr/uckkarchive.php,69
uckkarchive,files_help,en,mod/uckkarchive/lang/en/uckkarchive.php,194
uckkarchive,files_help,fr,mod/uckkarchive/lang/fr/uckkarchive.php,194
uckkarchive,filter,en,mod/uckkarchive/lang/en/uckkarchive.php,70
uckkarchive,filter,fr,mod/uckkarchive/lang/fr/uckkarchive.php,70
uckkarchive,filter:createdby,en,mod/uckkarchive/lang/en/uckkarchive.php,690
uckkarchive,filter:createdby,fr,mod/uckkarchive/lang/fr/uckkarchive.php,690
uckkarchive,filter:datefrom,en,mod/uckkarchive/lang/en/uckkarchive.php,691
uckkarchive,filter:datefrom,fr,mod/uckkarchive/lang/fr/uckkarchive.php,691
uckkarchive,filter:dateto,en,mod/uckkarchive/lang/en/uckkarchive.php,692
uckkarchive,filter:dateto,fr,mod/uckkarchive/lang/fr/uckkarchive.php,692
uckkarchive,filter:itemtype,en,mod/uckkarchive/lang/en/uckkarchive.php,685
uckkarchive,filter:itemtype,fr,mod/uckkarchive/lang/fr/uckkarchive.php,685
uckkarchive,filter:provenance,en,mod/uckkarchive/lang/en/uckkarchive.php,689
uckkarchive,filter:provenance,fr,mod/uckkarchive/lang/fr/uckkarchive.php,689
uckkarchive,filter:status,en,mod/uckkarchive/lang/en/uckkarchive.php,686
uckkarchive,filter:status,fr,mod/uckkarchive/lang/fr/uckkarchive.php,686
uckkarchive,filter:validationstate,en,mod/uckkarchive/lang/en/uckkarchive.php,688
uckkarchive,filter:validationstate,fr,mod/uckkarchive/lang/fr/uckkarchive.php,688
uckkarchive,filter:visibility,en,mod/uckkarchive/lang/en/uckkarchive.php,687
uckkarchive,filter:visibility,fr,mod/uckkarchive/lang/fr/uckkarchive.php,687
uckkarchive,integrityexports,en,mod/uckkarchive/lang/en/uckkarchive.php,200
uckkarchive,integrityexports,fr,mod/uckkarchive/lang/fr/uckkarchive.php,200
uckkarchive,invalidarchiveaction,en,mod/uckkarchive/lang/en/uckkarchive.php,525
uckkarchive,invalidarchiveaction,fr,mod/uckkarchive/lang/fr/uckkarchive.php,525
uckkarchive,invalidexportaction,en,mod/uckkarchive/lang/en/uckkarchive.php,527
uckkarchive,invalidexportaction,fr,mod/uckkarchive/lang/fr/uckkarchive.php,527
uckkarchive,invaliditemstatus,en,mod/uckkarchive/lang/en/uckkarchive.php,211
uckkarchive,invaliditemstatus,fr,mod/uckkarchive/lang/fr/uckkarchive.php,211
uckkarchive,invaliditemtype,en,mod/uckkarchive/lang/en/uckkarchive.php,210
uckkarchive,invaliditemtype,fr,mod/uckkarchive/lang/fr/uckkarchive.php,210
uckkarchive,invaliditemvisibility,en,mod/uckkarchive/lang/en/uckkarchive.php,212
uckkarchive,invaliditemvisibility,fr,mod/uckkarchive/lang/fr/uckkarchive.php,212
uckkarchive,invalidkristaltype,en,mod/uckkarchive/lang/en/uckkarchive.php,241
uckkarchive,invalidkristaltype,fr,mod/uckkarchive/lang/fr/uckkarchive.php,241
uckkarchive,invalidprovenance,en,mod/uckkarchive/lang/en/uckkarchive.php,531
uckkarchive,invalidprovenance,fr,mod/uckkarchive/lang/fr/uckkarchive.php,531
uckkarchive,invalidrevisionaction,en,mod/uckkarchive/lang/en/uckkarchive.php,528
uckkarchive,invalidrevisionaction,fr,mod/uckkarchive/lang/fr/uckkarchive.php,528
uckkarchive,invalidstatus,en,mod/uckkarchive/lang/en/uckkarchive.php,530
uckkarchive,invalidstatus,fr,mod/uckkarchive/lang/fr/uckkarchive.php,530
uckkarchive,invalidvalidationaction,en,mod/uckkarchive/lang/en/uckkarchive.php,526
uckkarchive,invalidvalidationaction,fr,mod/uckkarchive/lang/fr/uckkarchive.php,526
uckkarchive,invalidvisibility,en,mod/uckkarchive/lang/en/uckkarchive.php,529
uckkarchive,invalidvisibility,fr,mod/uckkarchive/lang/fr/uckkarchive.php,529
uckkarchive,item,en,mod/uckkarchive/lang/en/uckkarchive.php,71
uckkarchive,item,fr,mod/uckkarchive/lang/fr/uckkarchive.php,71
uckkarchive,itemactions,en,mod/uckkarchive/lang/en/uckkarchive.php,501
uckkarchive,itemactions,fr,mod/uckkarchive/lang/fr/uckkarchive.php,501
uckkarchive,itemcontent,en,mod/uckkarchive/lang/en/uckkarchive.php,169
uckkarchive,itemcontent,fr,mod/uckkarchive/lang/fr/uckkarchive.php,169
uckkarchive,itemcontent_help,en,mod/uckkarchive/lang/en/uckkarchive.php,170
uckkarchive,itemcontent_help,fr,mod/uckkarchive/lang/fr/uckkarchive.php,170
uckkarchive,itemnotfound,en,mod/uckkarchive/lang/en/uckkarchive.php,537
uckkarchive,itemnotfound,fr,mod/uckkarchive/lang/fr/uckkarchive.php,537
uckkarchive,itemprovenance,en,mod/uckkarchive/lang/en/uckkarchive.php,176
uckkarchive,itemprovenance,fr,mod/uckkarchive/lang/fr/uckkarchive.php,176
uckkarchive,itemprovenance_help,en,mod/uckkarchive/lang/en/uckkarchive.php,177
uckkarchive,itemprovenance_help,fr,mod/uckkarchive/lang/fr/uckkarchive.php,177
uckkarchive,items,en,mod/uckkarchive/lang/en/uckkarchive.php,72
uckkarchive,items,fr,mod/uckkarchive/lang/fr/uckkarchive.php,72
uckkarchive,itemsource,en,mod/uckkarchive/lang/en/uckkarchive.php,178
uckkarchive,itemsource,fr,mod/uckkarchive/lang/fr/uckkarchive.php,178
uckkarchive,itemsource_help,en,mod/uckkarchive/lang/en/uckkarchive.php,179
uckkarchive,itemsource_help,fr,mod/uckkarchive/lang/fr/uckkarchive.php,179
uckkarchive,itemstatus,en,mod/uckkarchive/lang/en/uckkarchive.php,173
uckkarchive,itemstatus,fr,mod/uckkarchive/lang/fr/uckkarchive.php,173
uckkarchive,itemsummary,en,mod/uckkarchive/lang/en/uckkarchive.php,167
uckkarchive,itemsummary,fr,mod/uckkarchive/lang/fr/uckkarchive.php,167
uckkarchive,itemsummary_help,en,mod/uckkarchive/lang/en/uckkarchive.php,168
uckkarchive,itemsummary_help,fr,mod/uckkarchive/lang/fr/uckkarchive.php,168
uckkarchive,itemtitle,en,mod/uckkarchive/lang/en/uckkarchive.php,165
uckkarchive,itemtitle,fr,mod/uckkarchive/lang/fr/uckkarchive.php,165
uckkarchive,itemtitle_help,en,mod/uckkarchive/lang/en/uckkarchive.php,166
uckkarchive,itemtitle_help,fr,mod/uckkarchive/lang/fr/uckkarchive.php,166
uckkarchive,itemtype,en,mod/uckkarchive/lang/en/uckkarchive.php,171
uckkarchive,itemtype,fr,mod/uckkarchive/lang/fr/uckkarchive.php,171
uckkarchive,itemtype:archive_item,en,mod/uckkarchive/lang/en/uckkarchive.php,349
uckkarchive,itemtype:archive_item,fr,mod/uckkarchive/lang/fr/uckkarchive.php,349
uckkarchive,itemtype:assembly_minutes,en,mod/uckkarchive/lang/en/uckkarchive.php,343
uckkarchive,itemtype:assembly_minutes,fr,mod/uckkarchive/lang/fr/uckkarchive.php,343
uckkarchive,itemtype:challenge_result,en,mod/uckkarchive/lang/en/uckkarchive.php,342
uckkarchive,itemtype:challenge_result,fr,mod/uckkarchive/lang/fr/uckkarchive.php,342
uckkarchive,itemtype:course_work,en,mod/uckkarchive/lang/en/uckkarchive.php,341
uckkarchive,itemtype:course_work,fr,mod/uckkarchive/lang/fr/uckkarchive.php,341
uckkarchive,itemtype:decision,en,mod/uckkarchive/lang/en/uckkarchive.php,340
uckkarchive,itemtype:decision,fr,mod/uckkarchive/lang/fr/uckkarchive.php,340
uckkarchive,itemtype:integrity_case_summary,en,mod/uckkarchive/lang/en/uckkarchive.php,344
uckkarchive,itemtype:integrity_case_summary,fr,mod/uckkarchive/lang/fr/uckkarchive.php,344
uckkarchive,itemtype:kristal,en,mod/uckkarchive/lang/en/uckkarchive.php,345
uckkarchive,itemtype:kristal,fr,mod/uckkarchive/lang/fr/uckkarchive.php,345
uckkarchive,itemtype:portfolio_item,en,mod/uckkarchive/lang/en/uckkarchive.php,347
uckkarchive,itemtype:portfolio_item,fr,mod/uckkarchive/lang/fr/uckkarchive.php,347
uckkarchive,itemtype:proof,en,mod/uckkarchive/lang/en/uckkarchive.php,339
uckkarchive,itemtype:proof,fr,mod/uckkarchive/lang/fr/uckkarchive.php,339
uckkarchive,itemtype:reflection,en,mod/uckkarchive/lang/en/uckkarchive.php,346
uckkarchive,itemtype:reflection,fr,mod/uckkarchive/lang/fr/uckkarchive.php,346
uckkarchive,itemtype:version_record,en,mod/uckkarchive/lang/en/uckkarchive.php,348
uckkarchive,itemtype:version_record,fr,mod/uckkarchive/lang/fr/uckkarchive.php,348
uckkarchive,itemtype_help,en,mod/uckkarchive/lang/en/uckkarchive.php,172
uckkarchive,itemtype_help,fr,mod/uckkarchive/lang/fr/uckkarchive.php,172
uckkarchive,itemvisibility,en,mod/uckkarchive/lang/en/uckkarchive.php,174
uckkarchive,itemvisibility,fr,mod/uckkarchive/lang/fr/uckkarchive.php,174
uckkarchive,itemvisibility_help,en,mod/uckkarchive/lang/en/uckkarchive.php,175
uckkarchive,itemvisibility_help,fr,mod/uckkarchive/lang/fr/uckkarchive.php,175
uckkarchive,kristal,en,mod/uckkarchive/lang/en/uckkarchive.php,220
uckkarchive,kristal,fr,mod/uckkarchive/lang/fr/uckkarchive.php,220
uckkarchive,kristal:refreshed,en,mod/uckkarchive/lang/en/uckkarchive.php,591
uckkarchive,kristal:refreshed,fr,mod/uckkarchive/lang/fr/uckkarchive.php,591
uckkarchive,kristal:refreshfailed,en,mod/uckkarchive/lang/en/uckkarchive.php,592
uckkarchive,kristal:refreshfailed,fr,mod/uckkarchive/lang/fr/uckkarchive.php,592
uckkarchive,kristal:refreshing,en,mod/uckkarchive/lang/en/uckkarchive.php,590
uckkarchive,kristal:refreshing,fr,mod/uckkarchive/lang/fr/uckkarchive.php,590
uckkarchive,kristal:saved,en,mod/uckkarchive/lang/en/uckkarchive.php,594
uckkarchive,kristal:saved,fr,mod/uckkarchive/lang/fr/uckkarchive.php,594
uckkarchive,kristal:savefailed,en,mod/uckkarchive/lang/en/uckkarchive.php,595
uckkarchive,kristal:savefailed,fr,mod/uckkarchive/lang/fr/uckkarchive.php,595
uckkarchive,kristal:saving,en,mod/uckkarchive/lang/en/uckkarchive.php,593
uckkarchive,kristal:saving,fr,mod/uckkarchive/lang/fr/uckkarchive.php,593
uckkarchive,kristalactions,en,mod/uckkarchive/lang/en/uckkarchive.php,502
uckkarchive,kristalactions,fr,mod/uckkarchive/lang/fr/uckkarchive.php,502
uckkarchive,kristalcard,en,mod/uckkarchive/lang/en/uckkarchive.php,497
uckkarchive,kristalcard,fr,mod/uckkarchive/lang/fr/uckkarchive.php,497
uckkarchive,kristalcontext,en,mod/uckkarchive/lang/en/uckkarchive.php,229
uckkarchive,kristalcontext,fr,mod/uckkarchive/lang/fr/uckkarchive.php,229
uckkarchive,kristalcontext_help,en,mod/uckkarchive/lang/en/uckkarchive.php,230
uckkarchive,kristalcontext_help,fr,mod/uckkarchive/lang/fr/uckkarchive.php,230
uckkarchive,kristalcreated,en,mod/uckkarchive/lang/en/uckkarchive.php,235
uckkarchive,kristalcreated,fr,mod/uckkarchive/lang/fr/uckkarchive.php,235
uckkarchive,kristalempty,en,mod/uckkarchive/lang/en/uckkarchive.php,237
uckkarchive,kristalempty,fr,mod/uckkarchive/lang/fr/uckkarchive.php,237
uckkarchive,kristalfiles,en,mod/uckkarchive/lang/en/uckkarchive.php,198
uckkarchive,kristalfiles,fr,mod/uckkarchive/lang/fr/uckkarchive.php,198
uckkarchive,kristalform,en,mod/uckkarchive/lang/en/uckkarchive.php,222
uckkarchive,kristalform,fr,mod/uckkarchive/lang/fr/uckkarchive.php,222
uckkarchive,kristalnotfound,en,mod/uckkarchive/lang/en/uckkarchive.php,539
uckkarchive,kristalnotfound,fr,mod/uckkarchive/lang/fr/uckkarchive.php,539
uckkarchive,kristalproof,en,mod/uckkarchive/lang/en/uckkarchive.php,231
uckkarchive,kristalproof,fr,mod/uckkarchive/lang/fr/uckkarchive.php,231
uckkarchive,kristalproof_help,en,mod/uckkarchive/lang/en/uckkarchive.php,232
uckkarchive,kristalproof_help,fr,mod/uckkarchive/lang/fr/uckkarchive.php,232
uckkarchive,kristals,en,mod/uckkarchive/lang/en/uckkarchive.php,221
uckkarchive,kristals,fr,mod/uckkarchive/lang/fr/uckkarchive.php,221
uckkarchive,kristalstatement,en,mod/uckkarchive/lang/en/uckkarchive.php,227
uckkarchive,kristalstatement,fr,mod/uckkarchive/lang/fr/uckkarchive.php,227
uckkarchive,kristalstatement_help,en,mod/uckkarchive/lang/en/uckkarchive.php,228
uckkarchive,kristalstatement_help,fr,mod/uckkarchive/lang/fr/uckkarchive.php,228
uckkarchive,kristaltitle,en,mod/uckkarchive/lang/en/uckkarchive.php,225
uckkarchive,kristaltitle,fr,mod/uckkarchive/lang/fr/uckkarchive.php,225
uckkarchive,kristaltitle_help,en,mod/uckkarchive/lang/en/uckkarchive.php,226
uckkarchive,kristaltitle_help,fr,mod/uckkarchive/lang/fr/uckkarchive.php,226
uckkarchive,kristaltype,en,mod/uckkarchive/lang/en/uckkarchive.php,233
uckkarchive,kristaltype,fr,mod/uckkarchive/lang/fr/uckkarchive.php,233
uckkarchive,kristaltype:decision,en,mod/uckkarchive/lang/en/uckkarchive.php,356
uckkarchive,kristaltype:decision,fr,mod/uckkarchive/lang/fr/uckkarchive.php,356
uckkarchive,kristaltype:governance,en,mod/uckkarchive/lang/en/uckkarchive.php,360
uckkarchive,kristaltype:governance,fr,mod/uckkarchive/lang/fr/uckkarchive.php,360
uckkarchive,kristaltype:integrity,en,mod/uckkarchive/lang/en/uckkarchive.php,361
uckkarchive,kristaltype:integrity,fr,mod/uckkarchive/lang/fr/uckkarchive.php,361
uckkarchive,kristaltype:learning,en,mod/uckkarchive/lang/en/uckkarchive.php,355
uckkarchive,kristaltype:learning,fr,mod/uckkarchive/lang/fr/uckkarchive.php,355
uckkarchive,kristaltype:memory,en,mod/uckkarchive/lang/en/uckkarchive.php,362
uckkarchive,kristaltype:memory,fr,mod/uckkarchive/lang/fr/uckkarchive.php,362
uckkarchive,kristaltype:method,en,mod/uckkarchive/lang/en/uckkarchive.php,359
uckkarchive,kristaltype:method,fr,mod/uckkarchive/lang/fr/uckkarchive.php,359
uckkarchive,kristaltype:proof,en,mod/uckkarchive/lang/en/uckkarchive.php,357
uckkarchive,kristaltype:proof,fr,mod/uckkarchive/lang/fr/uckkarchive.php,357
uckkarchive,kristaltype:reflection,en,mod/uckkarchive/lang/en/uckkarchive.php,358
uckkarchive,kristaltype:reflection,fr,mod/uckkarchive/lang/fr/uckkarchive.php,358
uckkarchive,kristalupdated,en,mod/uckkarchive/lang/en/uckkarchive.php,236
uckkarchive,kristalupdated,fr,mod/uckkarchive/lang/fr/uckkarchive.php,236
uckkarchive,kristalvisibility,en,mod/uckkarchive/lang/en/uckkarchive.php,234
uckkarchive,kristalvisibility,fr,mod/uckkarchive/lang/fr/uckkarchive.php,234
uckkarchive,license,en,mod/uckkarchive/lang/en/uckkarchive.php,190
uckkarchive,license,fr,mod/uckkarchive/lang/fr/uckkarchive.php,190
uckkarchive,license_help,en,mod/uckkarchive/lang/en/uckkarchive.php,191
uckkarchive,license_help,fr,mod/uckkarchive/lang/fr/uckkarchive.php,191
uckkarchive,manualvalidationrequired,en,mod/uckkarchive/lang/en/uckkarchive.php,264
uckkarchive,manualvalidationrequired,fr,mod/uckkarchive/lang/fr/uckkarchive.php,264
uckkarchive,metadata,en,mod/uckkarchive/lang/en/uckkarchive.php,73
uckkarchive,metadata,fr,mod/uckkarchive/lang/fr/uckkarchive.php,73
uckkarchive,minutesfiles,en,mod/uckkarchive/lang/en/uckkarchive.php,197
uckkarchive,minutesfiles,fr,mod/uckkarchive/lang/fr/uckkarchive.php,197
uckkarchive,missingarchiveitem,en,mod/uckkarchive/lang/en/uckkarchive.php,209
uckkarchive,missingarchiveitem,fr,mod/uckkarchive/lang/fr/uckkarchive.php,209
uckkarchive,modified,en,mod/uckkarchive/lang/en/uckkarchive.php,74
uckkarchive,modified,fr,mod/uckkarchive/lang/fr/uckkarchive.php,74
uckkarchive,modifiedby,en,mod/uckkarchive/lang/en/uckkarchive.php,75
uckkarchive,modifiedby,fr,mod/uckkarchive/lang/fr/uckkarchive.php,75
uckkarchive,modulename,en,mod/uckkarchive/lang/en/uckkarchive.php,25
uckkarchive,modulename,fr,mod/uckkarchive/lang/fr/uckkarchive.php,25
uckkarchive,modulename_help,en,mod/uckkarchive/lang/en/uckkarchive.php,27
uckkarchive,modulename_help,fr,mod/uckkarchive/lang/fr/uckkarchive.php,27
uckkarchive,modulename_link,en,mod/uckkarchive/lang/en/uckkarchive.php,28
uckkarchive,modulename_link,fr,mod/uckkarchive/lang/fr/uckkarchive.php,28
uckkarchive,modulenameplural,en,mod/uckkarchive/lang/en/uckkarchive.php,26
uckkarchive,modulenameplural,fr,mod/uckkarchive/lang/fr/uckkarchive.php,26
uckkarchive,name,en,mod/uckkarchive/lang/en/uckkarchive.php,76
uckkarchive,name,fr,mod/uckkarchive/lang/fr/uckkarchive.php,76
uckkarchive,none,en,mod/uckkarchive/lang/en/uckkarchive.php,77
uckkarchive,none,fr,mod/uckkarchive/lang/fr/uckkarchive.php,77
uckkarchive,nopermission,en,mod/uckkarchive/lang/en/uckkarchive.php,541
uckkarchive,nopermission,fr,mod/uckkarchive/lang/fr/uckkarchive.php,541
uckkarchive,notes,en,mod/uckkarchive/lang/en/uckkarchive.php,78
uckkarchive,notes,fr,mod/uckkarchive/lang/fr/uckkarchive.php,78
uckkarchive,open,en,mod/uckkarchive/lang/en/uckkarchive.php,79
uckkarchive,open,fr,mod/uckkarchive/lang/fr/uckkarchive.php,79
uckkarchive,owner,en,mod/uckkarchive/lang/en/uckkarchive.php,80
uckkarchive,owner,fr,mod/uckkarchive/lang/fr/uckkarchive.php,80
uckkarchive,pluginadministration,en,mod/uckkarchive/lang/en/uckkarchive.php,24
uckkarchive,pluginadministration,fr,mod/uckkarchive/lang/fr/uckkarchive.php,24
uckkarchive,pluginname,en,mod/uckkarchive/lang/en/uckkarchive.php,23
uckkarchive,pluginname,fr,mod/uckkarchive/lang/fr/uckkarchive.php,23
uckkarchive,portfoliofiles,en,mod/uckkarchive/lang/en/uckkarchive.php,199
uckkarchive,portfoliofiles,fr,mod/uckkarchive/lang/fr/uckkarchive.php,199
uckkarchive,preview,en,mod/uckkarchive/lang/en/uckkarchive.php,81
uckkarchive,preview,fr,mod/uckkarchive/lang/fr/uckkarchive.php,81
uckkarchive,previousversion,en,mod/uckkarchive/lang/en/uckkarchive.php,286
uckkarchive,previousversion,fr,mod/uckkarchive/lang/fr/uckkarchive.php,286
uckkarchive,privacy:metadata,en,mod/uckkarchive/lang/en/uckkarchive.php,612
uckkarchive,privacy:metadata,fr,mod/uckkarchive/lang/fr/uckkarchive.php,612
uckkarchive,privacy:metadata:files,en,mod/uckkarchive/lang/en/uckkarchive.php,629
uckkarchive,privacy:metadata:files,fr,mod/uckkarchive/lang/fr/uckkarchive.php,629
uckkarchive,privacy:metadata:uckkarchive,en,mod/uckkarchive/lang/en/uckkarchive.php,613
uckkarchive,privacy:metadata:uckkarchive,fr,mod/uckkarchive/lang/fr/uckkarchive.php,613
uckkarchive,privacy:metadata:uckkarchive_export,en,mod/uckkarchive/lang/en/uckkarchive.php,628
uckkarchive,privacy:metadata:uckkarchive_export,fr,mod/uckkarchive/lang/fr/uckkarchive.php,628
uckkarchive,privacy:metadata:uckkarchive_item,en,mod/uckkarchive/lang/en/uckkarchive.php,614
uckkarchive,privacy:metadata:uckkarchive_item,fr,mod/uckkarchive/lang/fr/uckkarchive.php,614
uckkarchive,privacy:metadata:uckkarchive_item:content,en,mod/uckkarchive/lang/en/uckkarchive.php,620
uckkarchive,privacy:metadata:uckkarchive_item:content,fr,mod/uckkarchive/lang/fr/uckkarchive.php,620
uckkarchive,privacy:metadata:uckkarchive_item:createdby,en,mod/uckkarchive/lang/en/uckkarchive.php,616
uckkarchive,privacy:metadata:uckkarchive_item:createdby,fr,mod/uckkarchive/lang/fr/uckkarchive.php,616
uckkarchive,privacy:metadata:uckkarchive_item:metadata,en,mod/uckkarchive/lang/en/uckkarchive.php,623
uckkarchive,privacy:metadata:uckkarchive_item:metadata,fr,mod/uckkarchive/lang/fr/uckkarchive.php,623
uckkarchive,privacy:metadata:uckkarchive_item:modifiedby,en,mod/uckkarchive/lang/en/uckkarchive.php,617
uckkarchive,privacy:metadata:uckkarchive_item:modifiedby,fr,mod/uckkarchive/lang/fr/uckkarchive.php,617
uckkarchive,privacy:metadata:uckkarchive_item:status,en,mod/uckkarchive/lang/en/uckkarchive.php,621
uckkarchive,privacy:metadata:uckkarchive_item:status,fr,mod/uckkarchive/lang/fr/uckkarchive.php,621
uckkarchive,privacy:metadata:uckkarchive_item:summary,en,mod/uckkarchive/lang/en/uckkarchive.php,619
uckkarchive,privacy:metadata:uckkarchive_item:summary,fr,mod/uckkarchive/lang/fr/uckkarchive.php,619
uckkarchive,privacy:metadata:uckkarchive_item:title,en,mod/uckkarchive/lang/en/uckkarchive.php,618
uckkarchive,privacy:metadata:uckkarchive_item:title,fr,mod/uckkarchive/lang/fr/uckkarchive.php,618
uckkarchive,privacy:metadata:uckkarchive_item:userid,en,mod/uckkarchive/lang/en/uckkarchive.php,615
uckkarchive,privacy:metadata:uckkarchive_item:userid,fr,mod/uckkarchive/lang/fr/uckkarchive.php,615
uckkarchive,privacy:metadata:uckkarchive_item:visibility,en,mod/uckkarchive/lang/en/uckkarchive.php,622
uckkarchive,privacy:metadata:uckkarchive_item:visibility,fr,mod/uckkarchive/lang/fr/uckkarchive.php,622
uckkarchive,privacy:metadata:uckkarchive_kristal,en,mod/uckkarchive/lang/en/uckkarchive.php,624
uckkarchive,privacy:metadata:uckkarchive_kristal,fr,mod/uckkarchive/lang/fr/uckkarchive.php,624
uckkarchive,privacy:metadata:uckkarchive_proof,en,mod/uckkarchive/lang/en/uckkarchive.php,625
uckkarchive,privacy:metadata:uckkarchive_proof,fr,mod/uckkarchive/lang/fr/uckkarchive.php,625
uckkarchive,privacy:metadata:uckkarchive_prov,en,mod/uckkarchive/lang/en/uckkarchive.php,626
uckkarchive,privacy:metadata:uckkarchive_prov,fr,mod/uckkarchive/lang/fr/uckkarchive.php,626
uckkarchive,privacy:metadata:uckkarchive_rev,en,mod/uckkarchive/lang/en/uckkarchive.php,627
uckkarchive,privacy:metadata:uckkarchive_rev,fr,mod/uckkarchive/lang/fr/uckkarchive.php,627
uckkarchive,privacy:path:archives,en,mod/uckkarchive/lang/en/uckkarchive.php,630
uckkarchive,privacy:path:archives,fr,mod/uckkarchive/lang/fr/uckkarchive.php,630
uckkarchive,privacy:path:exports,en,mod/uckkarchive/lang/en/uckkarchive.php,634
uckkarchive,privacy:path:exports,fr,mod/uckkarchive/lang/fr/uckkarchive.php,634
uckkarchive,privacy:path:kristals,en,mod/uckkarchive/lang/en/uckkarchive.php,631
uckkarchive,privacy:path:kristals,fr,mod/uckkarchive/lang/fr/uckkarchive.php,631
uckkarchive,privacy:path:proofs,en,mod/uckkarchive/lang/en/uckkarchive.php,632
uckkarchive,privacy:path:proofs,fr,mod/uckkarchive/lang/fr/uckkarchive.php,632
uckkarchive,privacy:path:revisions,en,mod/uckkarchive/lang/en/uckkarchive.php,633
uckkarchive,privacy:path:revisions,fr,mod/uckkarchive/lang/fr/uckkarchive.php,633
uckkarchive,proofcard,en,mod/uckkarchive/lang/en/uckkarchive.php,498
uckkarchive,proofcard,fr,mod/uckkarchive/lang/fr/uckkarchive.php,498
uckkarchive,prooffiles,en,mod/uckkarchive/lang/en/uckkarchive.php,195
uckkarchive,prooffiles,fr,mod/uckkarchive/lang/fr/uckkarchive.php,195
uckkarchive,prooftype,en,mod/uckkarchive/lang/en/uckkarchive.php,368
uckkarchive,prooftype,fr,mod/uckkarchive/lang/fr/uckkarchive.php,368
uckkarchive,prooftype:ai_log,en,mod/uckkarchive/lang/en/uckkarchive.php,377
uckkarchive,prooftype:ai_log,fr,mod/uckkarchive/lang/fr/uckkarchive.php,377
uckkarchive,prooftype:archive_item,en,mod/uckkarchive/lang/en/uckkarchive.php,379
uckkarchive,prooftype:archive_item,fr,mod/uckkarchive/lang/fr/uckkarchive.php,379
uckkarchive,prooftype:dataset,en,mod/uckkarchive/lang/en/uckkarchive.php,372
uckkarchive,prooftype:dataset,fr,mod/uckkarchive/lang/fr/uckkarchive.php,372
uckkarchive,prooftype:decision_record,en,mod/uckkarchive/lang/en/uckkarchive.php,378
uckkarchive,prooftype:decision_record,fr,mod/uckkarchive/lang/fr/uckkarchive.php,378
uckkarchive,prooftype:file,en,mod/uckkarchive/lang/en/uckkarchive.php,370
uckkarchive,prooftype:file,fr,mod/uckkarchive/lang/fr/uckkarchive.php,370
uckkarchive,prooftype:image,en,mod/uckkarchive/lang/en/uckkarchive.php,373
uckkarchive,prooftype:image,fr,mod/uckkarchive/lang/fr/uckkarchive.php,373
uckkarchive,prooftype:observation,en,mod/uckkarchive/lang/en/uckkarchive.php,376
uckkarchive,prooftype:observation,fr,mod/uckkarchive/lang/fr/uckkarchive.php,376
uckkarchive,prooftype:testimony,en,mod/uckkarchive/lang/en/uckkarchive.php,375
uckkarchive,prooftype:testimony,fr,mod/uckkarchive/lang/fr/uckkarchive.php,375
uckkarchive,prooftype:text,en,mod/uckkarchive/lang/en/uckkarchive.php,369
uckkarchive,prooftype:text,fr,mod/uckkarchive/lang/fr/uckkarchive.php,369
uckkarchive,prooftype:url,en,mod/uckkarchive/lang/en/uckkarchive.php,371
uckkarchive,prooftype:url,fr,mod/uckkarchive/lang/fr/uckkarchive.php,371
uckkarchive,prooftype:video,en,mod/uckkarchive/lang/en/uckkarchive.php,374
uckkarchive,prooftype:video,fr,mod/uckkarchive/lang/fr/uckkarchive.php,374
uckkarchive,provenance,en,mod/uckkarchive/lang/en/uckkarchive.php,82
uckkarchive,provenance,fr,mod/uckkarchive/lang/fr/uckkarchive.php,82
uckkarchive,provenance:ai_assisted,en,mod/uckkarchive/lang/en/uckkarchive.php,443
uckkarchive,provenance:ai_assisted,fr,mod/uckkarchive/lang/fr/uckkarchive.php,443
uckkarchive,provenance:archive,en,mod/uckkarchive/lang/en/uckkarchive.php,446
uckkarchive,provenance:archive,fr,mod/uckkarchive/lang/fr/uckkarchive.php,446
uckkarchive,provenance:assembly,en,mod/uckkarchive/lang/en/uckkarchive.php,447
uckkarchive,provenance:assembly,fr,mod/uckkarchive/lang/fr/uckkarchive.php,447
uckkarchive,provenance:challenge,en,mod/uckkarchive/lang/en/uckkarchive.php,448
uckkarchive,provenance:challenge,fr,mod/uckkarchive/lang/fr/uckkarchive.php,448
uckkarchive,provenance:human,en,mod/uckkarchive/lang/en/uckkarchive.php,442
uckkarchive,provenance:human,fr,mod/uckkarchive/lang/fr/uckkarchive.php,442
uckkarchive,provenance:imported,en,mod/uckkarchive/lang/en/uckkarchive.php,444
uckkarchive,provenance:imported,fr,mod/uckkarchive/lang/fr/uckkarchive.php,444
uckkarchive,provenance:integrity,en,mod/uckkarchive/lang/en/uckkarchive.php,449
uckkarchive,provenance:integrity,fr,mod/uckkarchive/lang/fr/uckkarchive.php,449
uckkarchive,provenance:system,en,mod/uckkarchive/lang/en/uckkarchive.php,445
uckkarchive,provenance:system,fr,mod/uckkarchive/lang/fr/uckkarchive.php,445
uckkarchive,provenancehash,en,mod/uckkarchive/lang/en/uckkarchive.php,451
uckkarchive,provenancehash,fr,mod/uckkarchive/lang/fr/uckkarchive.php,451
uckkarchive,provenancehash_help,en,mod/uckkarchive/lang/en/uckkarchive.php,452
uckkarchive,provenancehash_help,fr,mod/uckkarchive/lang/fr/uckkarchive.php,452
uckkarchive,provenancepanel,en,mod/uckkarchive/lang/en/uckkarchive.php,453
uckkarchive,provenancepanel,fr,mod/uckkarchive/lang/fr/uckkarchive.php,453
uckkarchive,provenancerequired,en,mod/uckkarchive/lang/en/uckkarchive.php,213
uckkarchive,provenancerequired,fr,mod/uckkarchive/lang/fr/uckkarchive.php,213
uckkarchive,provenancesource,en,mod/uckkarchive/lang/en/uckkarchive.php,454
uckkarchive,provenancesource,fr,mod/uckkarchive/lang/fr/uckkarchive.php,454
uckkarchive,provenancestatement,en,mod/uckkarchive/lang/en/uckkarchive.php,455
uckkarchive,provenancestatement,fr,mod/uckkarchive/lang/fr/uckkarchive.php,455
uckkarchive,provenancestatement_help,en,mod/uckkarchive/lang/en/uckkarchive.php,456
uckkarchive,provenancestatement_help,fr,mod/uckkarchive/lang/fr/uckkarchive.php,456
uckkarchive,provenanceunverified,en,mod/uckkarchive/lang/en/uckkarchive.php,458
uckkarchive,provenanceunverified,fr,mod/uckkarchive/lang/fr/uckkarchive.php,458
uckkarchive,provenanceverified,en,mod/uckkarchive/lang/en/uckkarchive.php,457
uckkarchive,provenanceverified,fr,mod/uckkarchive/lang/fr/uckkarchive.php,457
uckkarchive,provenancewarning,en,mod/uckkarchive/lang/en/uckkarchive.php,459
uckkarchive,provenancewarning,fr,mod/uckkarchive/lang/fr/uckkarchive.php,459
uckkarchive,publicnotice,en,mod/uckkarchive/lang/en/uckkarchive.php,517
uckkarchive,publicnotice,fr,mod/uckkarchive/lang/fr/uckkarchive.php,517
uckkarchive,publicvalidationrequired,en,mod/uckkarchive/lang/en/uckkarchive.php,265
uckkarchive,publicvalidationrequired,fr,mod/uckkarchive/lang/fr/uckkarchive.php,265
uckkarchive,reason,en,mod/uckkarchive/lang/en/uckkarchive.php,83
uckkarchive,reason,fr,mod/uckkarchive/lang/fr/uckkarchive.php,83
uckkarchive,records,en,mod/uckkarchive/lang/en/uckkarchive.php,84
uckkarchive,records,fr,mod/uckkarchive/lang/fr/uckkarchive.php,84
uckkarchive,report:archiveproduction,en,mod/uckkarchive/lang/en/uckkarchive.php,693
uckkarchive,report:archiveproduction,fr,mod/uckkarchive/lang/fr/uckkarchive.php,693
uckkarchive,report:exports,en,mod/uckkarchive/lang/en/uckkarchive.php,697
uckkarchive,report:exports,fr,mod/uckkarchive/lang/fr/uckkarchive.php,697
uckkarchive,report:pendingitems,en,mod/uckkarchive/lang/en/uckkarchive.php,695
uckkarchive,report:pendingitems,fr,mod/uckkarchive/lang/fr/uckkarchive.php,695
uckkarchive,report:restricteditems,en,mod/uckkarchive/lang/en/uckkarchive.php,696
uckkarchive,report:restricteditems,fr,mod/uckkarchive/lang/fr/uckkarchive.php,696
uckkarchive,report:validateditems,en,mod/uckkarchive/lang/en/uckkarchive.php,694
uckkarchive,report:validateditems,fr,mod/uckkarchive/lang/fr/uckkarchive.php,694
uckkarchive,requirevalidation,en,mod/uckkarchive/lang/en/uckkarchive.php,121
uckkarchive,requirevalidation,fr,mod/uckkarchive/lang/fr/uckkarchive.php,121
uckkarchive,requirevalidation_help,en,mod/uckkarchive/lang/en/uckkarchive.php,122
uckkarchive,requirevalidation_help,fr,mod/uckkarchive/lang/fr/uckkarchive.php,122
uckkarchive,restorearchiveitems,en,mod/uckkarchive/lang/en/uckkarchive.php,645
uckkarchive,restorearchiveitems,fr,mod/uckkarchive/lang/fr/uckkarchive.php,645
uckkarchive,restricted,en,mod/uckkarchive/lang/en/uckkarchive.php,85
uckkarchive,restricted,fr,mod/uckkarchive/lang/fr/uckkarchive.php,85
uckkarchive,restricted_integrity,en,mod/uckkarchive/lang/en/uckkarchive.php,86
uckkarchive,restricted_integrity,fr,mod/uckkarchive/lang/fr/uckkarchive.php,86
uckkarchive,restrictednotice,en,mod/uckkarchive/lang/en/uckkarchive.php,516
uckkarchive,restrictednotice,fr,mod/uckkarchive/lang/fr/uckkarchive.php,516
uckkarchive,restrictedvalidationrequired,en,mod/uckkarchive/lang/en/uckkarchive.php,266
uckkarchive,restrictedvalidationrequired,fr,mod/uckkarchive/lang/fr/uckkarchive.php,266
uckkarchive,revise,en,mod/uckkarchive/lang/en/uckkarchive.php,278
uckkarchive,revise,fr,mod/uckkarchive/lang/fr/uckkarchive.php,278
uckkarchive,reviseitem,en,mod/uckkarchive/lang/en/uckkarchive.php,279
uckkarchive,reviseitem,fr,mod/uckkarchive/lang/fr/uckkarchive.php,279
uckkarchive,revision,en,mod/uckkarchive/lang/en/uckkarchive.php,87
uckkarchive,revision,fr,mod/uckkarchive/lang/fr/uckkarchive.php,87
uckkarchive,revisioncreated,en,mod/uckkarchive/lang/en/uckkarchive.php,284
uckkarchive,revisioncreated,fr,mod/uckkarchive/lang/fr/uckkarchive.php,284
uckkarchive,revisionform,en,mod/uckkarchive/lang/en/uckkarchive.php,280
uckkarchive,revisionform,fr,mod/uckkarchive/lang/fr/uckkarchive.php,280
uckkarchive,revisionnonsovereignnotice,en,mod/uckkarchive/lang/en/uckkarchive.php,293
uckkarchive,revisionnonsovereignnotice,fr,mod/uckkarchive/lang/fr/uckkarchive.php,293
uckkarchive,revisionnotes,en,mod/uckkarchive/lang/en/uckkarchive.php,283
uckkarchive,revisionnotes,fr,mod/uckkarchive/lang/fr/uckkarchive.php,283
uckkarchive,revisionreason,en,mod/uckkarchive/lang/en/uckkarchive.php,281
uckkarchive,revisionreason,fr,mod/uckkarchive/lang/fr/uckkarchive.php,281
uckkarchive,revisionreason_help,en,mod/uckkarchive/lang/en/uckkarchive.php,282
uckkarchive,revisionreason_help,fr,mod/uckkarchive/lang/fr/uckkarchive.php,282
uckkarchive,revisionrequiresreason,en,mod/uckkarchive/lang/en/uckkarchive.php,292
uckkarchive,revisionrequiresreason,fr,mod/uckkarchive/lang/fr/uckkarchive.php,292
uckkarchive,revisions,en,mod/uckkarchive/lang/en/uckkarchive.php,88
uckkarchive,revisions,fr,mod/uckkarchive/lang/fr/uckkarchive.php,88
uckkarchive,save,en,mod/uckkarchive/lang/en/uckkarchive.php,89
uckkarchive,save,fr,mod/uckkarchive/lang/fr/uckkarchive.php,89
uckkarchive,search,en,mod/uckkarchive/lang/en/uckkarchive.php,90
uckkarchive,search,fr,mod/uckkarchive/lang/fr/uckkarchive.php,90
uckkarchive,service:create_kristal,en,mod/uckkarchive/lang/en/uckkarchive.php,574
uckkarchive,service:create_kristal,fr,mod/uckkarchive/lang/fr/uckkarchive.php,574
uckkarchive,service:generate_export,en,mod/uckkarchive/lang/en/uckkarchive.php,575
uckkarchive,service:generate_export,fr,mod/uckkarchive/lang/fr/uckkarchive.php,575
uckkarchive,service:get_archive_item,en,mod/uckkarchive/lang/en/uckkarchive.php,570
uckkarchive,service:get_archive_item,fr,mod/uckkarchive/lang/fr/uckkarchive.php,570
uckkarchive,service:get_archive_view,en,mod/uckkarchive/lang/en/uckkarchive.php,569
uckkarchive,service:get_archive_view,fr,mod/uckkarchive/lang/fr/uckkarchive.php,569
uckkarchive,service:revise_archive_item,en,mod/uckkarchive/lang/en/uckkarchive.php,573
uckkarchive,service:revise_archive_item,fr,mod/uckkarchive/lang/fr/uckkarchive.php,573
uckkarchive,service:save_archive_item,en,mod/uckkarchive/lang/en/uckkarchive.php,571
uckkarchive,service:save_archive_item,fr,mod/uckkarchive/lang/fr/uckkarchive.php,571
uckkarchive,service:validate_archive_item,en,mod/uckkarchive/lang/en/uckkarchive.php,572
uckkarchive,service:validate_archive_item,fr,mod/uckkarchive/lang/fr/uckkarchive.php,572
uckkarchive,settings:allowpublicarchives,en,mod/uckkarchive/lang/en/uckkarchive.php,141
uckkarchive,settings:allowpublicarchives,fr,mod/uckkarchive/lang/fr/uckkarchive.php,141
uckkarchive,settings:allowpublicarchives_desc,en,mod/uckkarchive/lang/en/uckkarchive.php,142
uckkarchive,settings:allowpublicarchives_desc,fr,mod/uckkarchive/lang/fr/uckkarchive.php,142
uckkarchive,settings:allowrestrictedintegrity,en,mod/uckkarchive/lang/en/uckkarchive.php,143
uckkarchive,settings:allowrestrictedintegrity,fr,mod/uckkarchive/lang/fr/uckkarchive.php,143
uckkarchive,settings:allowrestrictedintegrity_desc,en,mod/uckkarchive/lang/en/uckkarchive.php,144
uckkarchive,settings:allowrestrictedintegrity_desc,fr,mod/uckkarchive/lang/fr/uckkarchive.php,144
uckkarchive,settings:defaultvisibility,en,mod/uckkarchive/lang/en/uckkarchive.php,137
uckkarchive,settings:defaultvisibility,fr,mod/uckkarchive/lang/fr/uckkarchive.php,137
uckkarchive,settings:defaultvisibility_desc,en,mod/uckkarchive/lang/en/uckkarchive.php,138
uckkarchive,settings:defaultvisibility_desc,fr,mod/uckkarchive/lang/fr/uckkarchive.php,138
uckkarchive,settings:enableexports,en,mod/uckkarchive/lang/en/uckkarchive.php,147
uckkarchive,settings:enableexports,fr,mod/uckkarchive/lang/fr/uckkarchive.php,147
uckkarchive,settings:enableexports_desc,en,mod/uckkarchive/lang/en/uckkarchive.php,148
uckkarchive,settings:enableexports_desc,fr,mod/uckkarchive/lang/fr/uckkarchive.php,148
uckkarchive,settings:enablekristals,en,mod/uckkarchive/lang/en/uckkarchive.php,145
uckkarchive,settings:enablekristals,fr,mod/uckkarchive/lang/fr/uckkarchive.php,145
uckkarchive,settings:enablekristals_desc,en,mod/uckkarchive/lang/en/uckkarchive.php,146
uckkarchive,settings:enablekristals_desc,fr,mod/uckkarchive/lang/fr/uckkarchive.php,146
uckkarchive,settings:general,en,mod/uckkarchive/lang/en/uckkarchive.php,135
uckkarchive,settings:general,fr,mod/uckkarchive/lang/fr/uckkarchive.php,135
uckkarchive,settings:general_desc,en,mod/uckkarchive/lang/en/uckkarchive.php,136
uckkarchive,settings:general_desc,fr,mod/uckkarchive/lang/fr/uckkarchive.php,136
uckkarchive,settings:maxexportitems,en,mod/uckkarchive/lang/en/uckkarchive.php,151
uckkarchive,settings:maxexportitems,fr,mod/uckkarchive/lang/fr/uckkarchive.php,151
uckkarchive,settings:maxexportitems_desc,en,mod/uckkarchive/lang/en/uckkarchive.php,152
uckkarchive,settings:maxexportitems_desc,fr,mod/uckkarchive/lang/fr/uckkarchive.php,152
uckkarchive,settings:provenance,en,mod/uckkarchive/lang/en/uckkarchive.php,153
uckkarchive,settings:provenance,fr,mod/uckkarchive/lang/fr/uckkarchive.php,153
uckkarchive,settings:provenance_desc,en,mod/uckkarchive/lang/en/uckkarchive.php,154
uckkarchive,settings:provenance_desc,fr,mod/uckkarchive/lang/fr/uckkarchive.php,154
uckkarchive,settings:requireprovenance,en,mod/uckkarchive/lang/en/uckkarchive.php,155
uckkarchive,settings:requireprovenance,fr,mod/uckkarchive/lang/fr/uckkarchive.php,155
uckkarchive,settings:requireprovenance_desc,en,mod/uckkarchive/lang/en/uckkarchive.php,156
uckkarchive,settings:requireprovenance_desc,fr,mod/uckkarchive/lang/fr/uckkarchive.php,156
uckkarchive,settings:requirevalidation,en,mod/uckkarchive/lang/en/uckkarchive.php,139
uckkarchive,settings:requirevalidation,fr,mod/uckkarchive/lang/fr/uckkarchive.php,139
uckkarchive,settings:requirevalidation_desc,en,mod/uckkarchive/lang/en/uckkarchive.php,140
uckkarchive,settings:requirevalidation_desc,fr,mod/uckkarchive/lang/fr/uckkarchive.php,140
uckkarchive,settings:requirevalidationnotes,en,mod/uckkarchive/lang/en/uckkarchive.php,157
uckkarchive,settings:requirevalidationnotes,fr,mod/uckkarchive/lang/fr/uckkarchive.php,157
uckkarchive,settings:requirevalidationnotes_desc,en,mod/uckkarchive/lang/en/uckkarchive.php,158
uckkarchive,settings:requirevalidationnotes_desc,fr,mod/uckkarchive/lang/fr/uckkarchive.php,158
uckkarchive,settings:retentiondays,en,mod/uckkarchive/lang/en/uckkarchive.php,149
uckkarchive,settings:retentiondays,fr,mod/uckkarchive/lang/fr/uckkarchive.php,149
uckkarchive,settings:retentiondays_desc,en,mod/uckkarchive/lang/en/uckkarchive.php,150
uckkarchive,settings:retentiondays_desc,fr,mod/uckkarchive/lang/fr/uckkarchive.php,150
uckkarchive,source,en,mod/uckkarchive/lang/en/uckkarchive.php,91
uckkarchive,source,fr,mod/uckkarchive/lang/fr/uckkarchive.php,91
uckkarchive,sourceauthor,en,mod/uckkarchive/lang/en/uckkarchive.php,186
uckkarchive,sourceauthor,fr,mod/uckkarchive/lang/fr/uckkarchive.php,186
uckkarchive,sourceauthor_help,en,mod/uckkarchive/lang/en/uckkarchive.php,187
uckkarchive,sourceauthor_help,fr,mod/uckkarchive/lang/fr/uckkarchive.php,187
uckkarchive,sourcecomponent,en,mod/uckkarchive/lang/en/uckkarchive.php,180
uckkarchive,sourcecomponent,fr,mod/uckkarchive/lang/fr/uckkarchive.php,180
uckkarchive,sourcecomponent_help,en,mod/uckkarchive/lang/en/uckkarchive.php,181
uckkarchive,sourcecomponent_help,fr,mod/uckkarchive/lang/fr/uckkarchive.php,181
uckkarchive,sourcedate,en,mod/uckkarchive/lang/en/uckkarchive.php,188
uckkarchive,sourcedate,fr,mod/uckkarchive/lang/fr/uckkarchive.php,188
uckkarchive,sourcedate_help,en,mod/uckkarchive/lang/en/uckkarchive.php,189
uckkarchive,sourcedate_help,fr,mod/uckkarchive/lang/fr/uckkarchive.php,189
uckkarchive,sourceid,en,mod/uckkarchive/lang/en/uckkarchive.php,182
uckkarchive,sourceid,fr,mod/uckkarchive/lang/fr/uckkarchive.php,182
uckkarchive,sourceid_help,en,mod/uckkarchive/lang/en/uckkarchive.php,183
uckkarchive,sourceid_help,fr,mod/uckkarchive/lang/fr/uckkarchive.php,183
uckkarchive,sourceurl,en,mod/uckkarchive/lang/en/uckkarchive.php,184
uckkarchive,sourceurl,fr,mod/uckkarchive/lang/fr/uckkarchive.php,184
uckkarchive,sourceurl_help,en,mod/uckkarchive/lang/en/uckkarchive.php,185
uckkarchive,sourceurl_help,fr,mod/uckkarchive/lang/fr/uckkarchive.php,185
uckkarchive,status,en,mod/uckkarchive/lang/en/uckkarchive.php,92
uckkarchive,status,fr,mod/uckkarchive/lang/fr/uckkarchive.php,92
uckkarchive,status:active,en,mod/uckkarchive/lang/en/uckkarchive.php,386
uckkarchive,status:active,fr,mod/uckkarchive/lang/fr/uckkarchive.php,386
uckkarchive,status:archived,en,mod/uckkarchive/lang/en/uckkarchive.php,396
uckkarchive,status:archived,fr,mod/uckkarchive/lang/fr/uckkarchive.php,396
uckkarchive,status:cancelled,en,mod/uckkarchive/lang/en/uckkarchive.php,397
uckkarchive,status:cancelled,fr,mod/uckkarchive/lang/fr/uckkarchive.php,397
uckkarchive,status:closed,en,mod/uckkarchive/lang/en/uckkarchive.php,395
uckkarchive,status:closed,fr,mod/uckkarchive/lang/fr/uckkarchive.php,395
uckkarchive,status:contested,en,mod/uckkarchive/lang/en/uckkarchive.php,393
uckkarchive,status:contested,fr,mod/uckkarchive/lang/fr/uckkarchive.php,393
uckkarchive,status:correction_required,en,mod/uckkarchive/lang/en/uckkarchive.php,392
uckkarchive,status:correction_required,fr,mod/uckkarchive/lang/fr/uckkarchive.php,392
uckkarchive,status:draft,en,mod/uckkarchive/lang/en/uckkarchive.php,385
uckkarchive,status:draft,fr,mod/uckkarchive/lang/fr/uckkarchive.php,385
uckkarchive,status:hidden,en,mod/uckkarchive/lang/en/uckkarchive.php,387
uckkarchive,status:hidden,fr,mod/uckkarchive/lang/fr/uckkarchive.php,387
uckkarchive,status:invalidated,en,mod/uckkarchive/lang/en/uckkarchive.php,394
uckkarchive,status:invalidated,fr,mod/uckkarchive/lang/fr/uckkarchive.php,394
uckkarchive,status:pending,en,mod/uckkarchive/lang/en/uckkarchive.php,388
uckkarchive,status:pending,fr,mod/uckkarchive/lang/fr/uckkarchive.php,388
uckkarchive,status:pending_review,en,mod/uckkarchive/lang/en/uckkarchive.php,389
uckkarchive,status:pending_review,fr,mod/uckkarchive/lang/fr/uckkarchive.php,389
uckkarchive,status:rejected,en,mod/uckkarchive/lang/en/uckkarchive.php,391
uckkarchive,status:rejected,fr,mod/uckkarchive/lang/fr/uckkarchive.php,391
uckkarchive,status:validated,en,mod/uckkarchive/lang/en/uckkarchive.php,390
uckkarchive,status:validated,fr,mod/uckkarchive/lang/fr/uckkarchive.php,390
uckkarchive,statuslabel:active,en,mod/uckkarchive/lang/en/uckkarchive.php,400
uckkarchive,statuslabel:active,fr,mod/uckkarchive/lang/fr/uckkarchive.php,400
uckkarchive,statuslabel:archived,en,mod/uckkarchive/lang/en/uckkarchive.php,410
uckkarchive,statuslabel:archived,fr,mod/uckkarchive/lang/fr/uckkarchive.php,410
uckkarchive,statuslabel:cancelled,en,mod/uckkarchive/lang/en/uckkarchive.php,411
uckkarchive,statuslabel:cancelled,fr,mod/uckkarchive/lang/fr/uckkarchive.php,411
uckkarchive,statuslabel:closed,en,mod/uckkarchive/lang/en/uckkarchive.php,409
uckkarchive,statuslabel:closed,fr,mod/uckkarchive/lang/fr/uckkarchive.php,409
uckkarchive,statuslabel:contested,en,mod/uckkarchive/lang/en/uckkarchive.php,407
uckkarchive,statuslabel:contested,fr,mod/uckkarchive/lang/fr/uckkarchive.php,407
uckkarchive,statuslabel:correctionrequired,en,mod/uckkarchive/lang/en/uckkarchive.php,406
uckkarchive,statuslabel:correctionrequired,fr,mod/uckkarchive/lang/fr/uckkarchive.php,406
uckkarchive,statuslabel:draft,en,mod/uckkarchive/lang/en/uckkarchive.php,399
uckkarchive,statuslabel:draft,fr,mod/uckkarchive/lang/fr/uckkarchive.php,399
uckkarchive,statuslabel:hidden,en,mod/uckkarchive/lang/en/uckkarchive.php,401
uckkarchive,statuslabel:hidden,fr,mod/uckkarchive/lang/fr/uckkarchive.php,401
uckkarchive,statuslabel:invalidated,en,mod/uckkarchive/lang/en/uckkarchive.php,408
uckkarchive,statuslabel:invalidated,fr,mod/uckkarchive/lang/fr/uckkarchive.php,408
uckkarchive,statuslabel:pending,en,mod/uckkarchive/lang/en/uckkarchive.php,402
uckkarchive,statuslabel:pending,fr,mod/uckkarchive/lang/fr/uckkarchive.php,402
uckkarchive,statuslabel:pendingreview,en,mod/uckkarchive/lang/en/uckkarchive.php,403
uckkarchive,statuslabel:pendingreview,fr,mod/uckkarchive/lang/fr/uckkarchive.php,403
uckkarchive,statuslabel:rejected,en,mod/uckkarchive/lang/en/uckkarchive.php,405
uckkarchive,statuslabel:rejected,fr,mod/uckkarchive/lang/fr/uckkarchive.php,405
uckkarchive,statuslabel:validated,en,mod/uckkarchive/lang/en/uckkarchive.php,404
uckkarchive,statuslabel:validated,fr,mod/uckkarchive/lang/fr/uckkarchive.php,404
uckkarchive,submit,en,mod/uckkarchive/lang/en/uckkarchive.php,93
uckkarchive,submit,fr,mod/uckkarchive/lang/fr/uckkarchive.php,93
uckkarchive,summary,en,mod/uckkarchive/lang/en/uckkarchive.php,94
uckkarchive,summary,fr,mod/uckkarchive/lang/fr/uckkarchive.php,94
uckkarchive,tags,en,mod/uckkarchive/lang/en/uckkarchive.php,192
uckkarchive,tags,fr,mod/uckkarchive/lang/fr/uckkarchive.php,192
uckkarchive,tags_help,en,mod/uckkarchive/lang/en/uckkarchive.php,193
uckkarchive,tags_help,fr,mod/uckkarchive/lang/fr/uckkarchive.php,193
uckkarchive,task:cleanup_expired_exports,en,mod/uckkarchive/lang/en/uckkarchive.php,563
uckkarchive,task:cleanup_expired_exports,fr,mod/uckkarchive/lang/fr/uckkarchive.php,563
uckkarchive,task:generate_archive_exports,en,mod/uckkarchive/lang/en/uckkarchive.php,562
uckkarchive,task:generate_archive_exports,fr,mod/uckkarchive/lang/fr/uckkarchive.php,562
uckkarchive,task:validate_pending_items,en,mod/uckkarchive/lang/en/uckkarchive.php,561
uckkarchive,task:validate_pending_items,fr,mod/uckkarchive/lang/fr/uckkarchive.php,561
uckkarchive,timevalidated,en,mod/uckkarchive/lang/en/uckkarchive.php,256
uckkarchive,timevalidated,fr,mod/uckkarchive/lang/fr/uckkarchive.php,256
uckkarchive,title,en,mod/uckkarchive/lang/en/uckkarchive.php,95
uckkarchive,title,fr,mod/uckkarchive/lang/fr/uckkarchive.php,95
uckkarchive,type,en,mod/uckkarchive/lang/en/uckkarchive.php,96
uckkarchive,type,fr,mod/uckkarchive/lang/fr/uckkarchive.php,96
uckkarchive,uckkarchive:addinstance,en,mod/uckkarchive/lang/en/uckkarchive.php,29
uckkarchive,uckkarchive:addinstance,fr,mod/uckkarchive/lang/fr/uckkarchive.php,29
uckkarchive,uckkarchive:additem,en,mod/uckkarchive/lang/en/uckkarchive.php,31
uckkarchive,uckkarchive:additem,fr,mod/uckkarchive/lang/fr/uckkarchive.php,31
uckkarchive,uckkarchive:export,en,mod/uckkarchive/lang/en/uckkarchive.php,36
uckkarchive,uckkarchive:export,fr,mod/uckkarchive/lang/fr/uckkarchive.php,36
uckkarchive,uckkarchive:reviseitem,en,mod/uckkarchive/lang/en/uckkarchive.php,33
uckkarchive,uckkarchive:reviseitem,fr,mod/uckkarchive/lang/fr/uckkarchive.php,33
uckkarchive,uckkarchive:validateitem,en,mod/uckkarchive/lang/en/uckkarchive.php,32
uckkarchive,uckkarchive:validateitem,fr,mod/uckkarchive/lang/fr/uckkarchive.php,32
uckkarchive,uckkarchive:versionitem,en,mod/uckkarchive/lang/en/uckkarchive.php,34
uckkarchive,uckkarchive:versionitem,fr,mod/uckkarchive/lang/fr/uckkarchive.php,34
uckkarchive,uckkarchive:view,en,mod/uckkarchive/lang/en/uckkarchive.php,30
uckkarchive,uckkarchive:view,fr,mod/uckkarchive/lang/fr/uckkarchive.php,30
uckkarchive,uckkarchive:viewrestricted,en,mod/uckkarchive/lang/en/uckkarchive.php,35
uckkarchive,uckkarchive:viewrestricted,fr,mod/uckkarchive/lang/fr/uckkarchive.php,35
uckkarchive,validate,en,mod/uckkarchive/lang/en/uckkarchive.php,247
uckkarchive,validate,fr,mod/uckkarchive/lang/fr/uckkarchive.php,247
uckkarchive,validatedby,en,mod/uckkarchive/lang/en/uckkarchive.php,255
uckkarchive,validatedby,fr,mod/uckkarchive/lang/fr/uckkarchive.php,255
uckkarchive,validateitem,en,mod/uckkarchive/lang/en/uckkarchive.php,248
uckkarchive,validateitem,fr,mod/uckkarchive/lang/fr/uckkarchive.php,248
uckkarchive,validation,en,mod/uckkarchive/lang/en/uckkarchive.php,97
uckkarchive,validation,fr,mod/uckkarchive/lang/fr/uckkarchive.php,97
uckkarchive,validation:archived,en,mod/uckkarchive/lang/en/uckkarchive.php,477
uckkarchive,validation:archived,fr,mod/uckkarchive/lang/fr/uckkarchive.php,477
uckkarchive,validation:contested,en,mod/uckkarchive/lang/en/uckkarchive.php,475
uckkarchive,validation:contested,fr,mod/uckkarchive/lang/fr/uckkarchive.php,475
uckkarchive,validation:human_reviewed,en,mod/uckkarchive/lang/en/uckkarchive.php,473
uckkarchive,validation:human_reviewed,fr,mod/uckkarchive/lang/fr/uckkarchive.php,473
uckkarchive,validation:invalidated,en,mod/uckkarchive/lang/en/uckkarchive.php,476
uckkarchive,validation:invalidated,fr,mod/uckkarchive/lang/fr/uckkarchive.php,476
uckkarchive,validation:unverified,en,mod/uckkarchive/lang/en/uckkarchive.php,472
uckkarchive,validation:unverified,fr,mod/uckkarchive/lang/fr/uckkarchive.php,472
uckkarchive,validation:verified,en,mod/uckkarchive/lang/en/uckkarchive.php,474
uckkarchive,validation:verified,fr,mod/uckkarchive/lang/fr/uckkarchive.php,474
uckkarchive,validationactions,en,mod/uckkarchive/lang/en/uckkarchive.php,503
uckkarchive,validationactions,fr,mod/uckkarchive/lang/fr/uckkarchive.php,503
uckkarchive,validationdecision,en,mod/uckkarchive/lang/en/uckkarchive.php,253
uckkarchive,validationdecision,fr,mod/uckkarchive/lang/fr/uckkarchive.php,253
uckkarchive,validationdecision:contest,en,mod/uckkarchive/lang/en/uckkarchive.php,271
uckkarchive,validationdecision:contest,fr,mod/uckkarchive/lang/fr/uckkarchive.php,271
uckkarchive,validationdecision:correction_required,en,mod/uckkarchive/lang/en/uckkarchive.php,270
uckkarchive,validationdecision:correction_required,fr,mod/uckkarchive/lang/fr/uckkarchive.php,270
uckkarchive,validationdecision:invalidate,en,mod/uckkarchive/lang/en/uckkarchive.php,272
uckkarchive,validationdecision:invalidate,fr,mod/uckkarchive/lang/fr/uckkarchive.php,272
uckkarchive,validationdecision:reject,en,mod/uckkarchive/lang/en/uckkarchive.php,269
uckkarchive,validationdecision:reject,fr,mod/uckkarchive/lang/fr/uckkarchive.php,269
uckkarchive,validationdecision:validate,en,mod/uckkarchive/lang/en/uckkarchive.php,268
uckkarchive,validationdecision:validate,fr,mod/uckkarchive/lang/fr/uckkarchive.php,268
uckkarchive,validationdecision_help,en,mod/uckkarchive/lang/en/uckkarchive.php,254
uckkarchive,validationdecision_help,fr,mod/uckkarchive/lang/fr/uckkarchive.php,254
uckkarchive,validationform,en,mod/uckkarchive/lang/en/uckkarchive.php,249
uckkarchive,validationform,fr,mod/uckkarchive/lang/fr/uckkarchive.php,249
uckkarchive,validationnotes,en,mod/uckkarchive/lang/en/uckkarchive.php,251
uckkarchive,validationnotes,fr,mod/uckkarchive/lang/fr/uckkarchive.php,251
uckkarchive,validationnotes_help,en,mod/uckkarchive/lang/en/uckkarchive.php,252
uckkarchive,validationnotes_help,fr,mod/uckkarchive/lang/fr/uckkarchive.php,252
uckkarchive,validationpanel,en,mod/uckkarchive/lang/en/uckkarchive.php,499
uckkarchive,validationpanel,fr,mod/uckkarchive/lang/fr/uckkarchive.php,499
uckkarchive,validationrequiresnotes,en,mod/uckkarchive/lang/en/uckkarchive.php,263
uckkarchive,validationrequiresnotes,fr,mod/uckkarchive/lang/fr/uckkarchive.php,263
uckkarchive,validationstate,en,mod/uckkarchive/lang/en/uckkarchive.php,250
uckkarchive,validationstate,fr,mod/uckkarchive/lang/fr/uckkarchive.php,250
uckkarchive,validationstate:archived,en,mod/uckkarchive/lang/en/uckkarchive.php,470
uckkarchive,validationstate:archived,fr,mod/uckkarchive/lang/fr/uckkarchive.php,470
uckkarchive,validationstate:contested,en,mod/uckkarchive/lang/en/uckkarchive.php,468
uckkarchive,validationstate:contested,fr,mod/uckkarchive/lang/fr/uckkarchive.php,468
uckkarchive,validationstate:human_reviewed,en,mod/uckkarchive/lang/en/uckkarchive.php,466
uckkarchive,validationstate:human_reviewed,fr,mod/uckkarchive/lang/fr/uckkarchive.php,466
uckkarchive,validationstate:invalidated,en,mod/uckkarchive/lang/en/uckkarchive.php,469
uckkarchive,validationstate:invalidated,fr,mod/uckkarchive/lang/fr/uckkarchive.php,469
uckkarchive,validationstate:unverified,en,mod/uckkarchive/lang/en/uckkarchive.php,465
uckkarchive,validationstate:unverified,fr,mod/uckkarchive/lang/fr/uckkarchive.php,465
uckkarchive,validationstate:verified,en,mod/uckkarchive/lang/en/uckkarchive.php,467
uckkarchive,validationstate:verified,fr,mod/uckkarchive/lang/fr/uckkarchive.php,467
uckkarchive,version,en,mod/uckkarchive/lang/en/uckkarchive.php,99
uckkarchive,version,fr,mod/uckkarchive/lang/fr/uckkarchive.php,99
uckkarchive,versionhistory,en,mod/uckkarchive/lang/en/uckkarchive.php,288
uckkarchive,versionhistory,fr,mod/uckkarchive/lang/fr/uckkarchive.php,288
uckkarchive,versionno,en,mod/uckkarchive/lang/en/uckkarchive.php,100
uckkarchive,versionno,fr,mod/uckkarchive/lang/fr/uckkarchive.php,100
uckkarchive,versionrecord,en,mod/uckkarchive/lang/en/uckkarchive.php,289
uckkarchive,versionrecord,fr,mod/uckkarchive/lang/fr/uckkarchive.php,289
uckkarchive,view,en,mod/uckkarchive/lang/en/uckkarchive.php,101
uckkarchive,view,fr,mod/uckkarchive/lang/fr/uckkarchive.php,101
uckkarchive,viewarchiveitem,en,mod/uckkarchive/lang/en/uckkarchive.php,505
uckkarchive,viewarchiveitem,fr,mod/uckkarchive/lang/fr/uckkarchive.php,505
uckkarchive,viewdetails,en,mod/uckkarchive/lang/en/uckkarchive.php,102
uckkarchive,viewdetails,fr,mod/uckkarchive/lang/fr/uckkarchive.php,102
uckkarchive,viewexport,en,mod/uckkarchive/lang/en/uckkarchive.php,510
uckkarchive,viewexport,fr,mod/uckkarchive/lang/fr/uckkarchive.php,510
uckkarchive,viewkristal,en,mod/uckkarchive/lang/en/uckkarchive.php,506
uckkarchive,viewkristal,fr,mod/uckkarchive/lang/fr/uckkarchive.php,506
uckkarchive,viewprovenance,en,mod/uckkarchive/lang/en/uckkarchive.php,507
uckkarchive,viewprovenance,fr,mod/uckkarchive/lang/fr/uckkarchive.php,507
uckkarchive,viewrevisionhistory,en,mod/uckkarchive/lang/en/uckkarchive.php,508
uckkarchive,viewrevisionhistory,fr,mod/uckkarchive/lang/fr/uckkarchive.php,508
uckkarchive,viewvalidation,en,mod/uckkarchive/lang/en/uckkarchive.php,509
uckkarchive,viewvalidation,fr,mod/uckkarchive/lang/fr/uckkarchive.php,509
uckkarchive,visibility,en,mod/uckkarchive/lang/en/uckkarchive.php,98
uckkarchive,visibility,fr,mod/uckkarchive/lang/fr/uckkarchive.php,98
uckkarchive,visibility:archived,en,mod/uckkarchive/lang/en/uckkarchive.php,429
uckkarchive,visibility:archived,fr,mod/uckkarchive/lang/fr/uckkarchive.php,429
uckkarchive,visibility:cohort,en,mod/uckkarchive/lang/en/uckkarchive.php,421
uckkarchive,visibility:cohort,fr,mod/uckkarchive/lang/fr/uckkarchive.php,421
uckkarchive,visibility:course,en,mod/uckkarchive/lang/en/uckkarchive.php,420
uckkarchive,visibility:course,fr,mod/uckkarchive/lang/fr/uckkarchive.php,420
uckkarchive,visibility:group,en,mod/uckkarchive/lang/en/uckkarchive.php,419
uckkarchive,visibility:group,fr,mod/uckkarchive/lang/fr/uckkarchive.php,419
uckkarchive,visibility:hidden,en,mod/uckkarchive/lang/en/uckkarchive.php,428
uckkarchive,visibility:hidden,fr,mod/uckkarchive/lang/fr/uckkarchive.php,428
uckkarchive,visibility:institution,en,mod/uckkarchive/lang/en/uckkarchive.php,423
uckkarchive,visibility:institution,fr,mod/uckkarchive/lang/fr/uckkarchive.php,423
uckkarchive,visibility:institutional,en,mod/uckkarchive/lang/en/uckkarchive.php,424
uckkarchive,visibility:institutional,fr,mod/uckkarchive/lang/fr/uckkarchive.php,424
uckkarchive,visibility:private,en,mod/uckkarchive/lang/en/uckkarchive.php,417
uckkarchive,visibility:private,fr,mod/uckkarchive/lang/fr/uckkarchive.php,417
uckkarchive,visibility:program,en,mod/uckkarchive/lang/en/uckkarchive.php,422
uckkarchive,visibility:program,fr,mod/uckkarchive/lang/fr/uckkarchive.php,422
uckkarchive,visibility:public,en,mod/uckkarchive/lang/en/uckkarchive.php,425
uckkarchive,visibility:public,fr,mod/uckkarchive/lang/fr/uckkarchive.php,425
uckkarchive,visibility:restricted,en,mod/uckkarchive/lang/en/uckkarchive.php,426
uckkarchive,visibility:restricted,fr,mod/uckkarchive/lang/fr/uckkarchive.php,426
uckkarchive,visibility:restricted_integrity,en,mod/uckkarchive/lang/en/uckkarchive.php,427
uckkarchive,visibility:restricted_integrity,fr,mod/uckkarchive/lang/fr/uckkarchive.php,427
uckkarchive,visibility:user,en,mod/uckkarchive/lang/en/uckkarchive.php,418
uckkarchive,visibility:user,fr,mod/uckkarchive/lang/fr/uckkarchive.php,418
uckkarchive,visibility_help:course,en,mod/uckkarchive/lang/en/uckkarchive.php,432
uckkarchive,visibility_help:course,fr,mod/uckkarchive/lang/fr/uckkarchive.php,432
uckkarchive,visibility_help:institution,en,mod/uckkarchive/lang/en/uckkarchive.php,434
uckkarchive,visibility_help:institution,fr,mod/uckkarchive/lang/fr/uckkarchive.php,434
uckkarchive,visibility_help:private,en,mod/uckkarchive/lang/en/uckkarchive.php,431
uckkarchive,visibility_help:private,fr,mod/uckkarchive/lang/fr/uckkarchive.php,431
uckkarchive,visibility_help:program,en,mod/uckkarchive/lang/en/uckkarchive.php,433
uckkarchive,visibility_help:program,fr,mod/uckkarchive/lang/fr/uckkarchive.php,433
uckkarchive,visibility_help:public,en,mod/uckkarchive/lang/en/uckkarchive.php,435
uckkarchive,visibility_help:public,fr,mod/uckkarchive/lang/fr/uckkarchive.php,435
uckkarchive,visibility_help:restricted_integrity,en,mod/uckkarchive/lang/en/uckkarchive.php,436
uckkarchive,visibility_help:restricted_integrity,fr,mod/uckkarchive/lang/fr/uckkarchive.php,436
uckkarchive,yesexport,en,mod/uckkarchive/lang/en/uckkarchive.php,713
uckkarchive,yesexport,fr,mod/uckkarchive/lang/fr/uckkarchive.php,713
uckkarchive,yesinvalidate,en,mod/uckkarchive/lang/en/uckkarchive.php,711
uckkarchive,yesinvalidate,fr,mod/uckkarchive/lang/fr/uckkarchive.php,711
uckkarchive,yesreject,en,mod/uckkarchive/lang/en/uckkarchive.php,710
uckkarchive,yesreject,fr,mod/uckkarchive/lang/fr/uckkarchive.php,710
uckkarchive,yesrevise,en,mod/uckkarchive/lang/en/uckkarchive.php,712
uckkarchive,yesrevise,fr,mod/uckkarchive/lang/fr/uckkarchive.php,712
uckkarchive,yesvalidate,en,mod/uckkarchive/lang/en/uckkarchive.php,709
uckkarchive,yesvalidate,fr,mod/uckkarchive/lang/fr/uckkarchive.php,709
uckkassembly,actions,en,mod/uckkassembly/lang/en/uckkassembly.php,38
uckkassembly,actions,fr,mod/uckkassembly/lang/fr/uckkassembly.php,53
uckkassembly,active,en,mod/uckkassembly/lang/en/uckkassembly.php,39
uckkassembly,agenda,en,mod/uckkassembly/lang/en/uckkassembly.php,146
uckkassembly,agenda_help,en,mod/uckkassembly/lang/en/uckkassembly.php,147
uckkassembly,aiassisted,en,mod/uckkassembly/lang/en/uckkassembly.php,375
uckkassembly,ailog,en,mod/uckkassembly/lang/en/uckkassembly.php,376
uckkassembly,aioutputlabel,en,mod/uckkassembly/lang/en/uckkassembly.php,379
uckkassembly,aipolicy,en,mod/uckkassembly/lang/en/uckkassembly.php,377
uckkassembly,aipolicynotice,en,mod/uckkassembly/lang/en/uckkassembly.php,378
uckkassembly,ajaxerror,en,mod/uckkassembly/lang/en/uckkassembly.php,394
uckkassembly,allowamendments,en,mod/uckkassembly/lang/en/uckkassembly.php,158
uckkassembly,allowamendments,fr,mod/uckkassembly/lang/fr/uckkassembly.php,281
uckkassembly,allowamendments_help,fr,mod/uckkassembly/lang/fr/uckkassembly.php,285
uckkassembly,allowcontestation,en,mod/uckkassembly/lang/en/uckkassembly.php,160
uckkassembly,allowcontestations,fr,mod/uckkassembly/lang/fr/uckkassembly.php,283
uckkassembly,allowcontestations_help,fr,mod/uckkassembly/lang/fr/uckkassembly.php,287
uckkassembly,allowmotions,en,mod/uckkassembly/lang/en/uckkassembly.php,157
uckkassembly,allowmotions,fr,mod/uckkassembly/lang/fr/uckkassembly.php,280
uckkassembly,allowmotions_help,fr,mod/uckkassembly/lang/fr/uckkassembly.php,284
uckkassembly,allowobjections,fr,mod/uckkassembly/lang/fr/uckkassembly.php,282
uckkassembly,allowobjections_help,fr,mod/uckkassembly/lang/fr/uckkassembly.php,286
uckkassembly,allowpublicsummary,en,mod/uckkassembly/lang/en/uckkassembly.php,161
uckkassembly,allowvotes,en,mod/uckkassembly/lang/en/uckkassembly.php,159
uckkassembly,alreadyvoted,en,mod/uckkassembly/lang/en/uckkassembly.php,261
uckkassembly,amendment,en,mod/uckkassembly/lang/en/uckkassembly.php,227
uckkassembly,amendment,fr,mod/uckkassembly/lang/fr/uckkassembly.php,160
uckkassembly,amendmentaccepted,en,mod/uckkassembly/lang/en/uckkassembly.php,234
uckkassembly,amendmentbody,en,mod/uckkassembly/lang/en/uckkassembly.php,230
uckkassembly,amendmentbody,fr,mod/uckkassembly/lang/fr/uckkassembly.php,163
uckkassembly,amendmentcreated,en,mod/uckkassembly/lang/en/uckkassembly.php,232
uckkassembly,amendmentcreated,fr,mod/uckkassembly/lang/fr/uckkassembly.php,164
uckkassembly,amendmentdeleted,fr,mod/uckkassembly/lang/fr/uckkassembly.php,166
uckkassembly,amendmentreason,en,mod/uckkassembly/lang/en/uckkassembly.php,231
uckkassembly,amendmentrejected,en,mod/uckkassembly/lang/en/uckkassembly.php,235
uckkassembly,amendments,en,mod/uckkassembly/lang/en/uckkassembly.php,228
uckkassembly,amendments,fr,mod/uckkassembly/lang/fr/uckkassembly.php,161
uckkassembly,amendmenttitle,en,mod/uckkassembly/lang/en/uckkassembly.php,229
uckkassembly,amendmentupdated,en,mod/uckkassembly/lang/en/uckkassembly.php,233
uckkassembly,amendmentupdated,fr,mod/uckkassembly/lang/fr/uckkassembly.php,165
uckkassembly,amendmotion,en,mod/uckkassembly/lang/en/uckkassembly.php,236
uckkassembly,amendmotion,fr,mod/uckkassembly/lang/fr/uckkassembly.php,162
uckkassembly,archive,en,mod/uckkassembly/lang/en/uckkassembly.php,40
uckkassembly,archive,fr,mod/uckkassembly/lang/fr/uckkassembly.php,254
uckkassembly,archiveaction,fr,mod/uckkassembly/lang/fr/uckkassembly.php,352
uckkassembly,archiveassembly,en,mod/uckkassembly/lang/en/uckkassembly.php,350
uckkassembly,archiveassembly,fr,mod/uckkassembly/lang/fr/uckkassembly.php,260
uckkassembly,archiveassemblyconfirm,en,mod/uckkassembly/lang/en/uckkassembly.php,352
uckkassembly,archiveassemblyintro,en,mod/uckkassembly/lang/en/uckkassembly.php,351
uckkassembly,archiveempty,en,mod/uckkassembly/lang/en/uckkassembly.php,359
uckkassembly,archiveempty,fr,mod/uckkassembly/lang/fr/uckkassembly.php,264
uckkassembly,archiveitemcreated,en,mod/uckkassembly/lang/en/uckkassembly.php,358
uckkassembly,archiveoutput,fr,mod/uckkassembly/lang/fr/uckkassembly.php,263
uckkassembly,archivepolicy,en,mod/uckkassembly/lang/en/uckkassembly.php,165
uckkassembly,archivepolicy,fr,mod/uckkassembly/lang/fr/uckkassembly.php,255
uckkassembly,archivepolicy:full,en,mod/uckkassembly/lang/en/uckkassembly.php,179
uckkassembly,archivepolicy:full,fr,mod/uckkassembly/lang/fr/uckkassembly.php,258
uckkassembly,archivepolicy:none,en,mod/uckkassembly/lang/en/uckkassembly.php,177
uckkassembly,archivepolicy:none,fr,mod/uckkassembly/lang/fr/uckkassembly.php,256
uckkassembly,archivepolicy:restricted_integrity,en,mod/uckkassembly/lang/en/uckkassembly.php,180
uckkassembly,archivepolicy:restricted_integrity,fr,mod/uckkassembly/lang/fr/uckkassembly.php,259
uckkassembly,archivepolicy:summary,en,mod/uckkassembly/lang/en/uckkassembly.php,178
uckkassembly,archivepolicy:summary,fr,mod/uckkassembly/lang/fr/uckkassembly.php,257
uckkassembly,archivepolicy_help,en,mod/uckkassembly/lang/en/uckkassembly.php,166
uckkassembly,archivereason,en,mod/uckkassembly/lang/en/uckkassembly.php,356
uckkassembly,archivesettings,en,mod/uckkassembly/lang/en/uckkassembly.php,143
uckkassembly,archivesettings,fr,mod/uckkassembly/lang/fr/uckkassembly.php,113
uckkassembly,archivevisibility,en,mod/uckkassembly/lang/en/uckkassembly.php,355
uckkassembly,archivewarnings,en,mod/uckkassembly/lang/en/uckkassembly.php,357
uckkassembly,assembliesincourse,en,mod/uckkassembly/lang/en/uckkassembly.php,41
uckkassembly,assembly,en,mod/uckkassembly/lang/en/uckkassembly.php,42
uckkassembly,assemblyarchived,en,mod/uckkassembly/lang/en/uckkassembly.php,353
uckkassembly,assemblyarchived,fr,mod/uckkassembly/lang/fr/uckkassembly.php,261
uckkassembly,assemblyclosednotice,en,mod/uckkassembly/lang/en/uckkassembly.php,190
uckkassembly,assemblycode,en,mod/uckkassembly/lang/en/uckkassembly.php,43
uckkassembly,assemblycode_help,en,mod/uckkassembly/lang/en/uckkassembly.php,44
uckkassembly,assemblycontext,en,mod/uckkassembly/lang/en/uckkassembly.php,45
uckkassembly,assemblycontext_help,en,mod/uckkassembly/lang/en/uckkassembly.php,46
uckkassembly,assemblyderivednotice,fr,mod/uckkassembly/lang/fr/uckkassembly.php,356
uckkassembly,assemblydescription,en,mod/uckkassembly/lang/en/uckkassembly.php,47
uckkassembly,assemblyintro,en,mod/uckkassembly/lang/en/uckkassembly.php,148
uckkassembly,assemblyintro,fr,mod/uckkassembly/lang/fr/uckkassembly.php,42
uckkassembly,assemblyisclosed,en,mod/uckkassembly/lang/en/uckkassembly.php,188
uckkassembly,assemblyisnotopen,en,mod/uckkassembly/lang/en/uckkassembly.php,189
uckkassembly,assemblyname,en,mod/uckkassembly/lang/en/uckkassembly.php,48
uckkassembly,assemblyname,fr,mod/uckkassembly/lang/fr/uckkassembly.php,41
uckkassembly,assemblynonsovereignnotice,en,mod/uckkassembly/lang/en/uckkassembly.php,191
uckkassembly,assemblyoverview,en,mod/uckkassembly/lang/en/uckkassembly.php,187
uckkassembly,assemblyrules,en,mod/uckkassembly/lang/en/uckkassembly.php,149
uckkassembly,assemblyrules_help,en,mod/uckkassembly/lang/en/uckkassembly.php,150
uckkassembly,assemblysettings,en,mod/uckkassembly/lang/en/uckkassembly.php,137
uckkassembly,assemblystatus,fr,mod/uckkassembly/lang/fr/uckkassembly.php,44
uckkassembly,assemblytitle,en,mod/uckkassembly/lang/en/uckkassembly.php,49
uckkassembly,assemblytype,en,mod/uckkassembly/lang/en/uckkassembly.php,50
uckkassembly,assemblytype,fr,mod/uckkassembly/lang/fr/uckkassembly.php,43
uckkassembly,assemblytype:batisseurs,en,mod/uckkassembly/lang/en/uckkassembly.php,103
uckkassembly,assemblytype:batisseurs,fr,mod/uckkassembly/lang/fr/uckkassembly.php,63
uckkassembly,assemblytype:defis,en,mod/uckkassembly/lang/en/uckkassembly.php,101
uckkassembly,assemblytype:defis,fr,mod/uckkassembly/lang/fr/uckkassembly.php,61
uckkassembly,assemblytype:grand_jeu,en,mod/uckkassembly/lang/en/uckkassembly.php,105
uckkassembly,assemblytype:grand_jeu,fr,mod/uckkassembly/lang/fr/uckkassembly.php,65
uckkassembly,assemblytype:inquisiteurs,en,mod/uckkassembly/lang/en/uckkassembly.php,104
uckkassembly,assemblytype:inquisiteurs,fr,mod/uckkassembly/lang/fr/uckkassembly.php,64
uckkassembly,assemblytype:joueurs,en,mod/uckkassembly/lang/en/uckkassembly.php,102
uckkassembly,assemblytype:joueurs,fr,mod/uckkassembly/lang/fr/uckkassembly.php,62
uckkassembly,assemblytype:savoirs,en,mod/uckkassembly/lang/en/uckkassembly.php,100
uckkassembly,assemblytype:savoirs,fr,mod/uckkassembly/lang/fr/uckkassembly.php,60
uckkassembly,assemblytype_help,en,mod/uckkassembly/lang/en/uckkassembly.php,51
uckkassembly,backtoassembly,en,mod/uckkassembly/lang/en/uckkassembly.php,52
uckkassembly,backtoassembly,fr,mod/uckkassembly/lang/fr/uckkassembly.php,346
uckkassembly,backtocourse,en,mod/uckkassembly/lang/en/uckkassembly.php,53
uckkassembly,calendarevent:closes,fr,mod/uckkassembly/lang/fr/uckkassembly.php,125
uckkassembly,calendarevent:contestuntil,fr,mod/uckkassembly/lang/fr/uckkassembly.php,126
uckkassembly,calendarevent:opens,fr,mod/uckkassembly/lang/fr/uckkassembly.php,124
uckkassembly,cancel,en,mod/uckkassembly/lang/en/uckkassembly.php,54
uckkassembly,cannotamendmotion,en,mod/uckkassembly/lang/en/uckkassembly.php,238
uckkassembly,cannotamendmotion,fr,mod/uckkassembly/lang/fr/uckkassembly.php,168
uckkassembly,cannotarchiveassembly,en,mod/uckkassembly/lang/en/uckkassembly.php,354
uckkassembly,cannotarchiveassembly,fr,mod/uckkassembly/lang/fr/uckkassembly.php,262
uckkassembly,cannotcontestdecision,en,mod/uckkassembly/lang/en/uckkassembly.php,324
uckkassembly,cannotcontestdecision,fr,mod/uckkassembly/lang/fr/uckkassembly.php,250
uckkassembly,cannoteditmotion,fr,mod/uckkassembly/lang/fr/uckkassembly.php,147
uckkassembly,cannotobjectmotion,fr,mod/uckkassembly/lang/fr/uckkassembly.php,179
uckkassembly,cannotopenintegritycase,en,mod/uckkassembly/lang/en/uckkassembly.php,338
uckkassembly,cannotproposemotion,fr,mod/uckkassembly/lang/fr/uckkassembly.php,146
uckkassembly,cannotpublishdecision,en,mod/uckkassembly/lang/en/uckkassembly.php,288
uckkassembly,cannotpublishdecision,fr,mod/uckkassembly/lang/fr/uckkassembly.php,219
uckkassembly,cannotviewmotion,fr,mod/uckkassembly/lang/fr/uckkassembly.php,148
uckkassembly,cannotvote,en,mod/uckkassembly/lang/en/uckkassembly.php,262
uckkassembly,cannotvote,fr,mod/uckkassembly/lang/fr/uckkassembly.php,196
uckkassembly,castvote,fr,mod/uckkassembly/lang/fr/uckkassembly.php,193
uckkassembly,changevote,fr,mod/uckkassembly/lang/fr/uckkassembly.php,194
uckkassembly,close,en,mod/uckkassembly/lang/en/uckkassembly.php,55
uckkassembly,close,fr,mod/uckkassembly/lang/fr/uckkassembly.php,350
uckkassembly,completiondecisionviewed,en,mod/uckkassembly/lang/en/uckkassembly.php,430
uckkassembly,completiondecisionviewed_desc,en,mod/uckkassembly/lang/en/uckkassembly.php,431
uckkassembly,completiondetail:decision,fr,mod/uckkassembly/lang/fr/uckkassembly.php,298
uckkassembly,completiondetail:motion,fr,mod/uckkassembly/lang/fr/uckkassembly.php,296
uckkassembly,completiondetail:vote,fr,mod/uckkassembly/lang/fr/uckkassembly.php,297
uckkassembly,completionparticipate,en,mod/uckkassembly/lang/en/uckkassembly.php,426
uckkassembly,completionparticipate_desc,en,mod/uckkassembly/lang/en/uckkassembly.php,427
uckkassembly,completionrequiresdecision,fr,mod/uckkassembly/lang/fr/uckkassembly.php,294
uckkassembly,completionrequiresdecision_help,fr,mod/uckkassembly/lang/fr/uckkassembly.php,295
uckkassembly,completionrequiresmotion,fr,mod/uckkassembly/lang/fr/uckkassembly.php,290
uckkassembly,completionrequiresmotion_help,fr,mod/uckkassembly/lang/fr/uckkassembly.php,291
uckkassembly,completionrequirevote,fr,mod/uckkassembly/lang/fr/uckkassembly.php,292
uckkassembly,completionrequirevote_help,fr,mod/uckkassembly/lang/fr/uckkassembly.php,293
uckkassembly,completionsettings,fr,mod/uckkassembly/lang/fr/uckkassembly.php,115
uckkassembly,completionvote,en,mod/uckkassembly/lang/en/uckkassembly.php,428
uckkassembly,completionvote_desc,en,mod/uckkassembly/lang/en/uckkassembly.php,429
uckkassembly,configuration,fr,mod/uckkassembly/lang/fr/uckkassembly.php,49
uckkassembly,confirm,en,mod/uckkassembly/lang/en/uckkassembly.php,56
uckkassembly,contest,en,mod/uckkassembly/lang/en/uckkassembly.php,314
uckkassembly,contestation,fr,mod/uckkassembly/lang/fr/uckkassembly.php,243
uckkassembly,contestations,fr,mod/uckkassembly/lang/fr/uckkassembly.php,244
uckkassembly,contestbody,en,mod/uckkassembly/lang/en/uckkassembly.php,318
uckkassembly,contestbody,fr,mod/uckkassembly/lang/fr/uckkassembly.php,246
uckkassembly,contestclosed,fr,mod/uckkassembly/lang/fr/uckkassembly.php,251
uckkassembly,contestcreated,en,mod/uckkassembly/lang/en/uckkassembly.php,319
uckkassembly,contestdecision,en,mod/uckkassembly/lang/en/uckkassembly.php,316
uckkassembly,contestdecision,fr,mod/uckkassembly/lang/fr/uckkassembly.php,245
uckkassembly,contestdismissed,en,mod/uckkassembly/lang/en/uckkassembly.php,322
uckkassembly,contestreason,en,mod/uckkassembly/lang/en/uckkassembly.php,317
uckkassembly,contestreason,fr,mod/uckkassembly/lang/fr/uckkassembly.php,247
uckkassembly,contestrequiresreason,en,mod/uckkassembly/lang/en/uckkassembly.php,325
uckkassembly,contestresolved,en,mod/uckkassembly/lang/en/uckkassembly.php,321
uckkassembly,contests,en,mod/uckkassembly/lang/en/uckkassembly.php,315
uckkassembly,contestuntil,fr,mod/uckkassembly/lang/fr/uckkassembly.php,120
uckkassembly,contestuntil_help,fr,mod/uckkassembly/lang/fr/uckkassembly.php,123
uckkassembly,contestuntilmustbeafterclose,fr,mod/uckkassembly/lang/fr/uckkassembly.php,340
uckkassembly,contestupdated,en,mod/uckkassembly/lang/en/uckkassembly.php,320
uckkassembly,continue,en,mod/uckkassembly/lang/en/uckkassembly.php,57
uckkassembly,continueassembly,fr,mod/uckkassembly/lang/fr/uckkassembly.php,347
uckkassembly,course,en,mod/uckkassembly/lang/en/uckkassembly.php,58
uckkassembly,createdby,en,mod/uckkassembly/lang/en/uckkassembly.php,59
uckkassembly,createdby,fr,mod/uckkassembly/lang/fr/uckkassembly.php,54
uckkassembly,decision,en,mod/uckkassembly/lang/en/uckkassembly.php,60
uckkassembly,decision,fr,mod/uckkassembly/lang/fr/uckkassembly.php,209
uckkassembly,decisionarchived,en,mod/uckkassembly/lang/en/uckkassembly.php,284
uckkassembly,decisionarchived,fr,mod/uckkassembly/lang/fr/uckkassembly.php,217
uckkassembly,decisionbody,en,mod/uckkassembly/lang/en/uckkassembly.php,277
uckkassembly,decisionbody,fr,mod/uckkassembly/lang/fr/uckkassembly.php,212
uckkassembly,decisioncontested,en,mod/uckkassembly/lang/en/uckkassembly.php,283
uckkassembly,decisioncontested,fr,mod/uckkassembly/lang/fr/uckkassembly.php,248
uckkassembly,decisioncreated,en,mod/uckkassembly/lang/en/uckkassembly.php,280
uckkassembly,decisionpublished,en,mod/uckkassembly/lang/en/uckkassembly.php,282
uckkassembly,decisionpublished,fr,mod/uckkassembly/lang/fr/uckkassembly.php,215
uckkassembly,decisionrequiresbody,en,mod/uckkassembly/lang/en/uckkassembly.php,289
uckkassembly,decisionrequiresmotion,en,mod/uckkassembly/lang/en/uckkassembly.php,290
uckkassembly,decisions,en,mod/uckkassembly/lang/en/uckkassembly.php,61
uckkassembly,decisions,fr,mod/uckkassembly/lang/fr/uckkassembly.php,210
uckkassembly,decisionsettings,en,mod/uckkassembly/lang/en/uckkassembly.php,141
uckkassembly,decisionsettings,fr,mod/uckkassembly/lang/fr/uckkassembly.php,112
uckkassembly,decisionstatus,en,mod/uckkassembly/lang/en/uckkassembly.php,279
uckkassembly,decisionstatus,fr,mod/uckkassembly/lang/fr/uckkassembly.php,213
uckkassembly,decisionthreshold,en,mod/uckkassembly/lang/en/uckkassembly.php,155
uckkassembly,decisionthreshold_help,en,mod/uckkassembly/lang/en/uckkassembly.php,156
uckkassembly,decisiontitle,en,mod/uckkassembly/lang/en/uckkassembly.php,276
uckkassembly,decisiontype,en,mod/uckkassembly/lang/en/uckkassembly.php,278
uckkassembly,decisiontype,fr,mod/uckkassembly/lang/fr/uckkassembly.php,211
uckkassembly,decisiontype:archival,en,mod/uckkassembly/lang/en/uckkassembly.php,298
uckkassembly,decisiontype:archival,fr,mod/uckkassembly/lang/fr/uckkassembly.php,227
uckkassembly,decisiontype:correction,en,mod/uckkassembly/lang/en/uckkassembly.php,296
uckkassembly,decisiontype:correction,fr,mod/uckkassembly/lang/fr/uckkassembly.php,225
uckkassembly,decisiontype:information,en,mod/uckkassembly/lang/en/uckkassembly.php,293
uckkassembly,decisiontype:information,fr,mod/uckkassembly/lang/fr/uckkassembly.php,222
uckkassembly,decisiontype:integrity,en,mod/uckkassembly/lang/en/uckkassembly.php,299
uckkassembly,decisiontype:integrity,fr,mod/uckkassembly/lang/fr/uckkassembly.php,228
uckkassembly,decisiontype:recommendation,en,mod/uckkassembly/lang/en/uckkassembly.php,294
uckkassembly,decisiontype:recommendation,fr,mod/uckkassembly/lang/fr/uckkassembly.php,223
uckkassembly,decisiontype:rejection,en,mod/uckkassembly/lang/en/uckkassembly.php,297
uckkassembly,decisiontype:rejection,fr,mod/uckkassembly/lang/fr/uckkassembly.php,226
uckkassembly,decisiontype:validation,en,mod/uckkassembly/lang/en/uckkassembly.php,295
uckkassembly,decisiontype:validation,fr,mod/uckkassembly/lang/fr/uckkassembly.php,224
uckkassembly,decisionupdated,en,mod/uckkassembly/lang/en/uckkassembly.php,281
uckkassembly,decisionupdated,fr,mod/uckkassembly/lang/fr/uckkassembly.php,216
uckkassembly,deliberationguidelines,en,mod/uckkassembly/lang/en/uckkassembly.php,151
uckkassembly,deliberationguidelines_help,en,mod/uckkassembly/lang/en/uckkassembly.php,152
uckkassembly,deliberationsettings,en,mod/uckkassembly/lang/en/uckkassembly.php,138
uckkassembly,description,en,mod/uckkassembly/lang/en/uckkassembly.php,62
uckkassembly,description,fr,mod/uckkassembly/lang/fr/uckkassembly.php,51
uckkassembly,details,en,mod/uckkassembly/lang/en/uckkassembly.php,63
uckkassembly,edit,en,mod/uckkassembly/lang/en/uckkassembly.php,64
uckkassembly,editassembly,en,mod/uckkassembly/lang/en/uckkassembly.php,193
uckkassembly,editassembly,fr,mod/uckkassembly/lang/fr/uckkassembly.php,345
uckkassembly,editminutes,en,mod/uckkassembly/lang/en/uckkassembly.php,310
uckkassembly,editmotion,en,mod/uckkassembly/lang/en/uckkassembly.php,212
uckkassembly,editmotion,fr,mod/uckkassembly/lang/fr/uckkassembly.php,141
uckkassembly,err_invalidstatus,en,mod/uckkassembly/lang/en/uckkassembly.php,438
uckkassembly,err_invalidtype,en,mod/uckkassembly/lang/en/uckkassembly.php,439
uckkassembly,err_invalidvisibility,en,mod/uckkassembly/lang/en/uckkassembly.php,440
uckkassembly,err_quorumnegative,en,mod/uckkassembly/lang/en/uckkassembly.php,442
uckkassembly,err_requiredbody,en,mod/uckkassembly/lang/en/uckkassembly.php,435
uckkassembly,err_requiredreason,en,mod/uckkassembly/lang/en/uckkassembly.php,437
uckkassembly,err_requiredsummary,en,mod/uckkassembly/lang/en/uckkassembly.php,436
uckkassembly,err_requiredtitle,en,mod/uckkassembly/lang/en/uckkassembly.php,434
uckkassembly,err_thresholdrange,en,mod/uckkassembly/lang/en/uckkassembly.php,443
uckkassembly,err_timeclosebeforeopen,en,mod/uckkassembly/lang/en/uckkassembly.php,441
uckkassembly,error,en,mod/uckkassembly/lang/en/uckkassembly.php,65
uckkassembly,eventamendmentcreated,en,mod/uckkassembly/lang/en/uckkassembly.php,385
uckkassembly,eventamendmentcreated,fr,mod/uckkassembly/lang/fr/uckkassembly.php,322
uckkassembly,eventassemblyarchived,en,mod/uckkassembly/lang/en/uckkassembly.php,390
uckkassembly,eventassemblyarchived,fr,mod/uckkassembly/lang/fr/uckkassembly.php,328
uckkassembly,eventassemblycreated,fr,mod/uckkassembly/lang/fr/uckkassembly.php,316
uckkassembly,eventassemblydeleted,fr,mod/uckkassembly/lang/fr/uckkassembly.php,318
uckkassembly,eventassemblyupdated,fr,mod/uckkassembly/lang/fr/uckkassembly.php,317
uckkassembly,eventassemblyviewed,en,mod/uckkassembly/lang/en/uckkassembly.php,382
uckkassembly,eventassemblyviewed,fr,mod/uckkassembly/lang/fr/uckkassembly.php,319
uckkassembly,eventdecisioncontested,en,mod/uckkassembly/lang/en/uckkassembly.php,388
uckkassembly,eventdecisioncontested,fr,mod/uckkassembly/lang/fr/uckkassembly.php,326
uckkassembly,eventdecisionpublished,en,mod/uckkassembly/lang/en/uckkassembly.php,387
uckkassembly,eventdecisionpublished,fr,mod/uckkassembly/lang/fr/uckkassembly.php,325
uckkassembly,eventintegritycaseopened,en,mod/uckkassembly/lang/en/uckkassembly.php,391
uckkassembly,eventminutespublished,en,mod/uckkassembly/lang/en/uckkassembly.php,389
uckkassembly,eventminutespublished,fr,mod/uckkassembly/lang/fr/uckkassembly.php,327
uckkassembly,eventmotioncreated,en,mod/uckkassembly/lang/en/uckkassembly.php,383
uckkassembly,eventmotioncreated,fr,mod/uckkassembly/lang/fr/uckkassembly.php,320
uckkassembly,eventmotionupdated,en,mod/uckkassembly/lang/en/uckkassembly.php,384
uckkassembly,eventmotionupdated,fr,mod/uckkassembly/lang/fr/uckkassembly.php,321
uckkassembly,eventobjectioncreated,fr,mod/uckkassembly/lang/fr/uckkassembly.php,323
uckkassembly,eventvotecast,fr,mod/uckkassembly/lang/fr/uckkassembly.php,324
uckkassembly,eventvotecreated,en,mod/uckkassembly/lang/en/uckkassembly.php,386
uckkassembly,filearea:amendmentattachments,fr,mod/uckkassembly/lang/fr/uckkassembly.php,303
uckkassembly,filearea:contestattachments,fr,mod/uckkassembly/lang/fr/uckkassembly.php,306
uckkassembly,filearea:decisionattachments,fr,mod/uckkassembly/lang/fr/uckkassembly.php,304
uckkassembly,filearea:intro,fr,mod/uckkassembly/lang/fr/uckkassembly.php,301
uckkassembly,filearea:minutesfiles,fr,mod/uckkassembly/lang/fr/uckkassembly.php,305
uckkassembly,filearea:motionattachments,fr,mod/uckkassembly/lang/fr/uckkassembly.php,302
uckkassembly,general,en,mod/uckkassembly/lang/en/uckkassembly.php,66
uckkassembly,governance,fr,mod/uckkassembly/lang/fr/uckkassembly.php,46
uckkassembly,hiddenfromstudents,en,mod/uckkassembly/lang/en/uckkassembly.php,67
uckkassembly,humanvalidationnotice,fr,mod/uckkassembly/lang/fr/uckkassembly.php,357
uckkassembly,instance,en,mod/uckkassembly/lang/en/uckkassembly.php,68
uckkassembly,integrity,en,mod/uckkassembly/lang/en/uckkassembly.php,328
uckkassembly,integrity,fr,mod/uckkassembly/lang/fr/uckkassembly.php,267
uckkassembly,integritycase,en,mod/uckkassembly/lang/en/uckkassembly.php,329
uckkassembly,integritycaseopened,en,mod/uckkassembly/lang/en/uckkassembly.php,337
uckkassembly,integritycases,en,mod/uckkassembly/lang/en/uckkassembly.php,330
uckkassembly,integritynonsovereignnotice,en,mod/uckkassembly/lang/en/uckkassembly.php,339
uckkassembly,integritynonsovereignnotice,fr,mod/uckkassembly/lang/fr/uckkassembly.php,277
uckkassembly,integritynotice,en,mod/uckkassembly/lang/en/uckkassembly.php,331
uckkassembly,integritynotice,fr,mod/uckkassembly/lang/fr/uckkassembly.php,275
uckkassembly,integrityrequired,en,mod/uckkassembly/lang/en/uckkassembly.php,163
uckkassembly,integrityrequired_help,en,mod/uckkassembly/lang/en/uckkassembly.php,164
uckkassembly,integrityrestrictednotice,fr,mod/uckkassembly/lang/fr/uckkassembly.php,276
uckkassembly,integrityreview,en,mod/uckkassembly/lang/en/uckkassembly.php,332
uckkassembly,integritysettings,en,mod/uckkassembly/lang/en/uckkassembly.php,142
uckkassembly,integritysettings,fr,mod/uckkassembly/lang/fr/uckkassembly.php,114
uckkassembly,integritystate,en,mod/uckkassembly/lang/en/uckkassembly.php,333
uckkassembly,integritystate,fr,mod/uckkassembly/lang/fr/uckkassembly.php,268
uckkassembly,integritystate:archived,en,mod/uckkassembly/lang/en/uckkassembly.php,347
uckkassembly,integritystate:archived,fr,mod/uckkassembly/lang/fr/uckkassembly.php,274
uckkassembly,integritystate:contested,en,mod/uckkassembly/lang/en/uckkassembly.php,345
uckkassembly,integritystate:contested,fr,mod/uckkassembly/lang/fr/uckkassembly.php,272
uckkassembly,integritystate:human_reviewed,en,mod/uckkassembly/lang/en/uckkassembly.php,343
uckkassembly,integritystate:human_reviewed,fr,mod/uckkassembly/lang/fr/uckkassembly.php,270
uckkassembly,integritystate:invalidated,en,mod/uckkassembly/lang/en/uckkassembly.php,346
uckkassembly,integritystate:invalidated,fr,mod/uckkassembly/lang/fr/uckkassembly.php,273
uckkassembly,integritystate:unverified,en,mod/uckkassembly/lang/en/uckkassembly.php,342
uckkassembly,integritystate:unverified,fr,mod/uckkassembly/lang/fr/uckkassembly.php,269
uckkassembly,integritystate:verified,en,mod/uckkassembly/lang/en/uckkassembly.php,344
uckkassembly,integritystate:verified,fr,mod/uckkassembly/lang/fr/uckkassembly.php,271
uckkassembly,integritysummary,en,mod/uckkassembly/lang/en/uckkassembly.php,334
uckkassembly,integritywarnings,en,mod/uckkassembly/lang/en/uckkassembly.php,335
uckkassembly,invalidaction,en,mod/uckkassembly/lang/en/uckkassembly.php,69
uckkassembly,invalidassembly,en,mod/uckkassembly/lang/en/uckkassembly.php,70
uckkassembly,invalidassemblystatus,fr,mod/uckkassembly/lang/fr/uckkassembly.php,333
uckkassembly,invalidassemblytype,en,mod/uckkassembly/lang/en/uckkassembly.php,71
uckkassembly,invalidassemblytype,fr,mod/uckkassembly/lang/fr/uckkassembly.php,332
uckkassembly,invalidcontestation,fr,mod/uckkassembly/lang/fr/uckkassembly.php,338
uckkassembly,invaliddecision,fr,mod/uckkassembly/lang/fr/uckkassembly.php,337
uckkassembly,invalidmotion,fr,mod/uckkassembly/lang/fr/uckkassembly.php,336
uckkassembly,invalidvisibility,en,mod/uckkassembly/lang/en/uckkassembly.php,72
uckkassembly,invalidvisibility,fr,mod/uckkassembly/lang/fr/uckkassembly.php,334
uckkassembly,invalidvotingmethod,fr,mod/uckkassembly/lang/fr/uckkassembly.php,335
uckkassembly,loading,en,mod/uckkassembly/lang/en/uckkassembly.php,73
uckkassembly,minutes,en,mod/uckkassembly/lang/en/uckkassembly.php,302
uckkassembly,minutes,fr,mod/uckkassembly/lang/fr/uckkassembly.php,231
uckkassembly,minutesarchived,en,mod/uckkassembly/lang/en/uckkassembly.php,308
uckkassembly,minutesbody,en,mod/uckkassembly/lang/en/uckkassembly.php,304
uckkassembly,minutesbody,fr,mod/uckkassembly/lang/fr/uckkassembly.php,236
uckkassembly,minutescreated,en,mod/uckkassembly/lang/en/uckkassembly.php,305
uckkassembly,minutesformat,fr,mod/uckkassembly/lang/fr/uckkassembly.php,232
uckkassembly,minutesformat:narrative,fr,mod/uckkassembly/lang/fr/uckkassembly.php,234
uckkassembly,minutesformat:structured,fr,mod/uckkassembly/lang/fr/uckkassembly.php,233
uckkassembly,minutesformat:transcript,fr,mod/uckkassembly/lang/fr/uckkassembly.php,235
uckkassembly,minutesplural,en,mod/uckkassembly/lang/en/uckkassembly.php,303
uckkassembly,minutespublished,en,mod/uckkassembly/lang/en/uckkassembly.php,307
uckkassembly,minutespublished,fr,mod/uckkassembly/lang/fr/uckkassembly.php,238
uckkassembly,minutesupdated,en,mod/uckkassembly/lang/en/uckkassembly.php,306
uckkassembly,minutesupdated,fr,mod/uckkassembly/lang/fr/uckkassembly.php,239
uckkassembly,missingassembly,en,mod/uckkassembly/lang/en/uckkassembly.php,74
uckkassembly,missingassembly,fr,mod/uckkassembly/lang/fr/uckkassembly.php,331
uckkassembly,modifiedby,en,mod/uckkassembly/lang/en/uckkassembly.php,75
uckkassembly,modifiedby,fr,mod/uckkassembly/lang/fr/uckkassembly.php,55
uckkassembly,modulename,en,mod/uckkassembly/lang/en/uckkassembly.php,21
uckkassembly,modulename,fr,mod/uckkassembly/lang/fr/uckkassembly.php,20
uckkassembly,modulename_help,en,mod/uckkassembly/lang/en/uckkassembly.php,22
uckkassembly,modulename_help,fr,mod/uckkassembly/lang/fr/uckkassembly.php,21
uckkassembly,modulename_link,en,mod/uckkassembly/lang/en/uckkassembly.php,23
uckkassembly,modulename_link,fr,mod/uckkassembly/lang/fr/uckkassembly.php,22
uckkassembly,modulenameplural,en,mod/uckkassembly/lang/en/uckkassembly.php,24
uckkassembly,modulenameplural,fr,mod/uckkassembly/lang/fr/uckkassembly.php,23
uckkassembly,motion,en,mod/uckkassembly/lang/en/uckkassembly.php,76
uckkassembly,motion,fr,mod/uckkassembly/lang/fr/uckkassembly.php,129
uckkassembly,motionarchived,fr,mod/uckkassembly/lang/fr/uckkassembly.php,139
uckkassembly,motionbody,en,mod/uckkassembly/lang/en/uckkassembly.php,197
uckkassembly,motionbody,fr,mod/uckkassembly/lang/fr/uckkassembly.php,132
uckkassembly,motionbody_help,en,mod/uckkassembly/lang/en/uckkassembly.php,198
uckkassembly,motionclosed,en,mod/uckkassembly/lang/en/uckkassembly.php,205
uckkassembly,motioncreated,en,mod/uckkassembly/lang/en/uckkassembly.php,201
uckkassembly,motioncreated,fr,mod/uckkassembly/lang/fr/uckkassembly.php,135
uckkassembly,motiondeleted,en,mod/uckkassembly/lang/en/uckkassembly.php,203
uckkassembly,motiondeleted,fr,mod/uckkassembly/lang/fr/uckkassembly.php,137
uckkassembly,motionlocked,fr,mod/uckkassembly/lang/fr/uckkassembly.php,144
uckkassembly,motionnotfound,fr,mod/uckkassembly/lang/fr/uckkassembly.php,145
uckkassembly,motionproposedby,en,mod/uckkassembly/lang/en/uckkassembly.php,206
uckkassembly,motionproposedon,en,mod/uckkassembly/lang/en/uckkassembly.php,207
uckkassembly,motionpublished,en,mod/uckkassembly/lang/en/uckkassembly.php,204
uckkassembly,motionpublished,fr,mod/uckkassembly/lang/fr/uckkassembly.php,138
uckkassembly,motionrequiresbody,en,mod/uckkassembly/lang/en/uckkassembly.php,209
uckkassembly,motionrequirescapability,en,mod/uckkassembly/lang/en/uckkassembly.php,210
uckkassembly,motionrequirescontext,en,mod/uckkassembly/lang/en/uckkassembly.php,208
uckkassembly,motions,en,mod/uckkassembly/lang/en/uckkassembly.php,77
uckkassembly,motions,fr,mod/uckkassembly/lang/fr/uckkassembly.php,130
uckkassembly,motionsettings,en,mod/uckkassembly/lang/en/uckkassembly.php,139
uckkassembly,motionsettings,fr,mod/uckkassembly/lang/fr/uckkassembly.php,110
uckkassembly,motionstatus,en,mod/uckkassembly/lang/en/uckkassembly.php,200
uckkassembly,motionstatus,fr,mod/uckkassembly/lang/fr/uckkassembly.php,134
uckkassembly,motiontitle,en,mod/uckkassembly/lang/en/uckkassembly.php,196
uckkassembly,motiontitle,fr,mod/uckkassembly/lang/fr/uckkassembly.php,131
uckkassembly,motiontype,en,mod/uckkassembly/lang/en/uckkassembly.php,199
uckkassembly,motiontype,fr,mod/uckkassembly/lang/fr/uckkassembly.php,133
uckkassembly,motiontype:archival,en,mod/uckkassembly/lang/en/uckkassembly.php,223
uckkassembly,motiontype:archival,fr,mod/uckkassembly/lang/fr/uckkassembly.php,156
uckkassembly,motiontype:correction,en,mod/uckkassembly/lang/en/uckkassembly.php,221
uckkassembly,motiontype:correction,fr,mod/uckkassembly/lang/fr/uckkassembly.php,154
uckkassembly,motiontype:information,en,mod/uckkassembly/lang/en/uckkassembly.php,218
uckkassembly,motiontype:information,fr,mod/uckkassembly/lang/fr/uckkassembly.php,151
uckkassembly,motiontype:integrity,en,mod/uckkassembly/lang/en/uckkassembly.php,224
uckkassembly,motiontype:integrity,fr,mod/uckkassembly/lang/fr/uckkassembly.php,157
uckkassembly,motiontype:recommendation,en,mod/uckkassembly/lang/en/uckkassembly.php,219
uckkassembly,motiontype:recommendation,fr,mod/uckkassembly/lang/fr/uckkassembly.php,152
uckkassembly,motiontype:rejection,en,mod/uckkassembly/lang/en/uckkassembly.php,222
uckkassembly,motiontype:rejection,fr,mod/uckkassembly/lang/fr/uckkassembly.php,155
uckkassembly,motiontype:validation,en,mod/uckkassembly/lang/en/uckkassembly.php,220
uckkassembly,motiontype:validation,fr,mod/uckkassembly/lang/fr/uckkassembly.php,153
uckkassembly,motionupdated,en,mod/uckkassembly/lang/en/uckkassembly.php,202
uckkassembly,motionupdated,fr,mod/uckkassembly/lang/fr/uckkassembly.php,136
uckkassembly,name,en,mod/uckkassembly/lang/en/uckkassembly.php,78
uckkassembly,name,fr,mod/uckkassembly/lang/fr/uckkassembly.php,40
uckkassembly,no,en,mod/uckkassembly/lang/en/uckkassembly.php,79
uckkassembly,noamendments,en,mod/uckkassembly/lang/en/uckkassembly.php,237
uckkassembly,noamendments,fr,mod/uckkassembly/lang/fr/uckkassembly.php,167
uckkassembly,noassemblies,en,mod/uckkassembly/lang/en/uckkassembly.php,183
uckkassembly,noassembliesvisible,en,mod/uckkassembly/lang/en/uckkassembly.php,184
uckkassembly,nocontestations,fr,mod/uckkassembly/lang/fr/uckkassembly.php,249
uckkassembly,nocontests,en,mod/uckkassembly/lang/en/uckkassembly.php,323
uckkassembly,nodecisions,en,mod/uckkassembly/lang/en/uckkassembly.php,287
uckkassembly,nodecisions,fr,mod/uckkassembly/lang/fr/uckkassembly.php,218
uckkassembly,nominutes,en,mod/uckkassembly/lang/en/uckkassembly.php,311
uckkassembly,nominutes,fr,mod/uckkassembly/lang/fr/uckkassembly.php,240
uckkassembly,nomotions,en,mod/uckkassembly/lang/en/uckkassembly.php,214
uckkassembly,nomotions,fr,mod/uckkassembly/lang/fr/uckkassembly.php,143
uckkassembly,nomotionsvisible,en,mod/uckkassembly/lang/en/uckkassembly.php,215
uckkassembly,none,en,mod/uckkassembly/lang/en/uckkassembly.php,80
uckkassembly,noobjections,en,mod/uckkassembly/lang/en/uckkassembly.php,248
uckkassembly,noobjections,fr,mod/uckkassembly/lang/fr/uckkassembly.php,178
uckkassembly,nopermission,fr,mod/uckkassembly/lang/fr/uckkassembly.php,341
uckkassembly,notavailable,en,mod/uckkassembly/lang/en/uckkassembly.php,81
uckkassembly,notset,en,mod/uckkassembly/lang/en/uckkassembly.php,82
uckkassembly,novotes,en,mod/uckkassembly/lang/en/uckkassembly.php,263
uckkassembly,novotes,fr,mod/uckkassembly/lang/fr/uckkassembly.php,197
uckkassembly,objection,en,mod/uckkassembly/lang/en/uckkassembly.php,241
uckkassembly,objection,fr,mod/uckkassembly/lang/fr/uckkassembly.php,171
uckkassembly,objectionbody,en,mod/uckkassembly/lang/en/uckkassembly.php,244
uckkassembly,objectionbody,fr,mod/uckkassembly/lang/fr/uckkassembly.php,174
uckkassembly,objectioncreated,en,mod/uckkassembly/lang/en/uckkassembly.php,246
uckkassembly,objectioncreated,fr,mod/uckkassembly/lang/fr/uckkassembly.php,175
uckkassembly,objectiondeleted,fr,mod/uckkassembly/lang/fr/uckkassembly.php,177
uckkassembly,objectionreason,en,mod/uckkassembly/lang/en/uckkassembly.php,245
uckkassembly,objectionresolved,en,mod/uckkassembly/lang/en/uckkassembly.php,247
uckkassembly,objections,en,mod/uckkassembly/lang/en/uckkassembly.php,242
uckkassembly,objections,fr,mod/uckkassembly/lang/fr/uckkassembly.php,172
uckkassembly,objectionupdated,fr,mod/uckkassembly/lang/fr/uckkassembly.php,176
uckkassembly,objectmotion,en,mod/uckkassembly/lang/en/uckkassembly.php,243
uckkassembly,objectmotion,fr,mod/uckkassembly/lang/fr/uckkassembly.php,173
uckkassembly,openintegritycase,en,mod/uckkassembly/lang/en/uckkassembly.php,336
uckkassembly,outline:contestations,fr,mod/uckkassembly/lang/fr/uckkassembly.php,312
uckkassembly,outline:motions,fr,mod/uckkassembly/lang/fr/uckkassembly.php,310
uckkassembly,outline:votes,fr,mod/uckkassembly/lang/fr/uckkassembly.php,311
uckkassembly,overview,en,mod/uckkassembly/lang/en/uckkassembly.php,83
uckkassembly,participants,en,mod/uckkassembly/lang/en/uckkassembly.php,84
uckkassembly,pluginadministration,en,mod/uckkassembly/lang/en/uckkassembly.php,20
uckkassembly,pluginadministration,fr,mod/uckkassembly/lang/fr/uckkassembly.php,24
uckkassembly,pluginname,en,mod/uckkassembly/lang/en/uckkassembly.php,19
uckkassembly,pluginname,fr,mod/uckkassembly/lang/fr/uckkassembly.php,19
uckkassembly,preview,en,mod/uckkassembly/lang/en/uckkassembly.php,85
uckkassembly,privacy:metadata,en,mod/uckkassembly/lang/en/uckkassembly.php,407
uckkassembly,privacy:metadata,fr,mod/uckkassembly/lang/fr/uckkassembly.php,361
uckkassembly,privacy:metadata:createdby,en,mod/uckkassembly/lang/en/uckkassembly.php,417
uckkassembly,privacy:metadata:metadata,en,mod/uckkassembly/lang/en/uckkassembly.php,423
uckkassembly,privacy:metadata:modifiedby,en,mod/uckkassembly/lang/en/uckkassembly.php,418
uckkassembly,privacy:metadata:status,en,mod/uckkassembly/lang/en/uckkassembly.php,422
uckkassembly,privacy:metadata:timecreated,en,mod/uckkassembly/lang/en/uckkassembly.php,419
uckkassembly,privacy:metadata:timemodified,en,mod/uckkassembly/lang/en/uckkassembly.php,420
uckkassembly,privacy:metadata:uckkassembly,en,mod/uckkassembly/lang/en/uckkassembly.php,408
uckkassembly,privacy:metadata:uckkassembly_amend,en,mod/uckkassembly/lang/en/uckkassembly.php,410
uckkassembly,privacy:metadata:uckkassembly_amend,fr,mod/uckkassembly/lang/fr/uckkassembly.php,365
uckkassembly,privacy:metadata:uckkassembly_contest,en,mod/uckkassembly/lang/en/uckkassembly.php,415
uckkassembly,privacy:metadata:uckkassembly_contest,fr,mod/uckkassembly/lang/fr/uckkassembly.php,371
uckkassembly,privacy:metadata:uckkassembly_contest:createdby,fr,mod/uckkassembly/lang/fr/uckkassembly.php,372
uckkassembly,privacy:metadata:uckkassembly_decision,en,mod/uckkassembly/lang/en/uckkassembly.php,413
uckkassembly,privacy:metadata:uckkassembly_decision,fr,mod/uckkassembly/lang/fr/uckkassembly.php,369
uckkassembly,privacy:metadata:uckkassembly_minutes,en,mod/uckkassembly/lang/en/uckkassembly.php,414
uckkassembly,privacy:metadata:uckkassembly_minutes,fr,mod/uckkassembly/lang/fr/uckkassembly.php,370
uckkassembly,privacy:metadata:uckkassembly_motion,en,mod/uckkassembly/lang/en/uckkassembly.php,409
uckkassembly,privacy:metadata:uckkassembly_motion,fr,mod/uckkassembly/lang/fr/uckkassembly.php,362
uckkassembly,privacy:metadata:uckkassembly_motion:createdby,fr,mod/uckkassembly/lang/fr/uckkassembly.php,363
uckkassembly,privacy:metadata:uckkassembly_motion:timemodified,fr,mod/uckkassembly/lang/fr/uckkassembly.php,364
uckkassembly,privacy:metadata:uckkassembly_object,en,mod/uckkassembly/lang/en/uckkassembly.php,411
uckkassembly,privacy:metadata:uckkassembly_object,fr,mod/uckkassembly/lang/fr/uckkassembly.php,366
uckkassembly,privacy:metadata:uckkassembly_vote,en,mod/uckkassembly/lang/en/uckkassembly.php,412
uckkassembly,privacy:metadata:uckkassembly_vote,fr,mod/uckkassembly/lang/fr/uckkassembly.php,367
uckkassembly,privacy:metadata:uckkassembly_vote:userid,fr,mod/uckkassembly/lang/fr/uckkassembly.php,368
uckkassembly,privacy:metadata:userid,en,mod/uckkassembly/lang/en/uckkassembly.php,416
uckkassembly,privacy:metadata:visibility,en,mod/uckkassembly/lang/en/uckkassembly.php,421
uckkassembly,privateinstructions,en,mod/uckkassembly/lang/en/uckkassembly.php,169
uckkassembly,privateinstructions_help,en,mod/uckkassembly/lang/en/uckkassembly.php,170
uckkassembly,proposemotion,en,mod/uckkassembly/lang/en/uckkassembly.php,211
uckkassembly,proposemotion,fr,mod/uckkassembly/lang/fr/uckkassembly.php,140
uckkassembly,provenance,en,mod/uckkassembly/lang/en/uckkassembly.php,362
uckkassembly,provenance,fr,mod/uckkassembly/lang/fr/uckkassembly.php,99
uckkassembly,provenance:ai_assisted,en,mod/uckkassembly/lang/en/uckkassembly.php,364
uckkassembly,provenance:ai_assisted,fr,mod/uckkassembly/lang/fr/uckkassembly.php,101
uckkassembly,provenance:archive,en,mod/uckkassembly/lang/en/uckkassembly.php,367
uckkassembly,provenance:archive,fr,mod/uckkassembly/lang/fr/uckkassembly.php,104
uckkassembly,provenance:assembly,en,mod/uckkassembly/lang/en/uckkassembly.php,368
uckkassembly,provenance:assembly,fr,mod/uckkassembly/lang/fr/uckkassembly.php,105
uckkassembly,provenance:challenge,en,mod/uckkassembly/lang/en/uckkassembly.php,369
uckkassembly,provenance:challenge,fr,mod/uckkassembly/lang/fr/uckkassembly.php,106
uckkassembly,provenance:human,en,mod/uckkassembly/lang/en/uckkassembly.php,363
uckkassembly,provenance:human,fr,mod/uckkassembly/lang/fr/uckkassembly.php,100
uckkassembly,provenance:imported,en,mod/uckkassembly/lang/en/uckkassembly.php,365
uckkassembly,provenance:imported,fr,mod/uckkassembly/lang/fr/uckkassembly.php,102
uckkassembly,provenance:integrity,en,mod/uckkassembly/lang/en/uckkassembly.php,370
uckkassembly,provenance:integrity,fr,mod/uckkassembly/lang/fr/uckkassembly.php,107
uckkassembly,provenance:system,en,mod/uckkassembly/lang/en/uckkassembly.php,366
uckkassembly,provenance:system,fr,mod/uckkassembly/lang/fr/uckkassembly.php,103
uckkassembly,provenancestatement,en,mod/uckkassembly/lang/en/uckkassembly.php,371
uckkassembly,provenancestatement_help,en,mod/uckkassembly/lang/en/uckkassembly.php,372
uckkassembly,publicsummary,en,mod/uckkassembly/lang/en/uckkassembly.php,167
uckkassembly,publicsummary_help,en,mod/uckkassembly/lang/en/uckkassembly.php,168
uckkassembly,publictheatrenotice,fr,mod/uckkassembly/lang/fr/uckkassembly.php,358
uckkassembly,publish,fr,mod/uckkassembly/lang/fr/uckkassembly.php,349
uckkassembly,publishdecision,en,mod/uckkassembly/lang/en/uckkassembly.php,285
uckkassembly,publishdecision,fr,mod/uckkassembly/lang/fr/uckkassembly.php,214
uckkassembly,publishminutes,fr,mod/uckkassembly/lang/fr/uckkassembly.php,237
uckkassembly,quorum,en,mod/uckkassembly/lang/en/uckkassembly.php,153
uckkassembly,quorum,fr,mod/uckkassembly/lang/fr/uckkassembly.php,191
uckkassembly,quorum_help,en,mod/uckkassembly/lang/en/uckkassembly.php,154
uckkassembly,quorum_help,fr,mod/uckkassembly/lang/fr/uckkassembly.php,192
uckkassembly,recentmotions,fr,mod/uckkassembly/lang/fr/uckkassembly.php,309
uckkassembly,refresh,en,mod/uckkassembly/lang/en/uckkassembly.php,395
uckkassembly,refreshed,en,mod/uckkassembly/lang/en/uckkassembly.php,397
uckkassembly,refreshfailed,en,mod/uckkassembly/lang/en/uckkassembly.php,398
uckkassembly,refreshing,en,mod/uckkassembly/lang/en/uckkassembly.php,396
uckkassembly,reopen,fr,mod/uckkassembly/lang/fr/uckkassembly.php,351
uckkassembly,required,en,mod/uckkassembly/lang/en/uckkassembly.php,86
uckkassembly,requirehumanvalidation,en,mod/uckkassembly/lang/en/uckkassembly.php,162
uckkassembly,resetuserdata,fr,mod/uckkassembly/lang/fr/uckkassembly.php,313
uckkassembly,save,en,mod/uckkassembly/lang/en/uckkassembly.php,87
uckkassembly,saveasdraft,fr,mod/uckkassembly/lang/fr/uckkassembly.php,348
uckkassembly,savechanges,en,mod/uckkassembly/lang/en/uckkassembly.php,88
uckkassembly,saved,en,mod/uckkassembly/lang/en/uckkassembly.php,400
uckkassembly,savefailed,en,mod/uckkassembly/lang/en/uckkassembly.php,401
uckkassembly,saving,en,mod/uckkassembly/lang/en/uckkassembly.php,399
uckkassembly,settings,fr,mod/uckkassembly/lang/fr/uckkassembly.php,48
uckkassembly,status,en,mod/uckkassembly/lang/en/uckkassembly.php,89
uckkassembly,status,fr,mod/uckkassembly/lang/fr/uckkassembly.php,52
uckkassembly,status:active,en,mod/uckkassembly/lang/en/uckkassembly.php,109
uckkassembly,status:active,fr,mod/uckkassembly/lang/fr/uckkassembly.php,69
uckkassembly,status:archived,en,mod/uckkassembly/lang/en/uckkassembly.php,119
uckkassembly,status:archived,fr,mod/uckkassembly/lang/fr/uckkassembly.php,79
uckkassembly,status:cancelled,en,mod/uckkassembly/lang/en/uckkassembly.php,120
uckkassembly,status:cancelled,fr,mod/uckkassembly/lang/fr/uckkassembly.php,80
uckkassembly,status:closed,en,mod/uckkassembly/lang/en/uckkassembly.php,118
uckkassembly,status:closed,fr,mod/uckkassembly/lang/fr/uckkassembly.php,78
uckkassembly,status:contested,en,mod/uckkassembly/lang/en/uckkassembly.php,116
uckkassembly,status:contested,fr,mod/uckkassembly/lang/fr/uckkassembly.php,76
uckkassembly,status:correction_required,en,mod/uckkassembly/lang/en/uckkassembly.php,115
uckkassembly,status:correctionrequired,fr,mod/uckkassembly/lang/fr/uckkassembly.php,75
uckkassembly,status:draft,en,mod/uckkassembly/lang/en/uckkassembly.php,108
uckkassembly,status:draft,fr,mod/uckkassembly/lang/fr/uckkassembly.php,68
uckkassembly,status:hidden,en,mod/uckkassembly/lang/en/uckkassembly.php,110
uckkassembly,status:hidden,fr,mod/uckkassembly/lang/fr/uckkassembly.php,70
uckkassembly,status:invalidated,en,mod/uckkassembly/lang/en/uckkassembly.php,117
uckkassembly,status:invalidated,fr,mod/uckkassembly/lang/fr/uckkassembly.php,77
uckkassembly,status:pending,en,mod/uckkassembly/lang/en/uckkassembly.php,111
uckkassembly,status:pending,fr,mod/uckkassembly/lang/fr/uckkassembly.php,71
uckkassembly,status:pending_review,en,mod/uckkassembly/lang/en/uckkassembly.php,112
uckkassembly,status:pendingreview,fr,mod/uckkassembly/lang/fr/uckkassembly.php,72
uckkassembly,status:published,fr,mod/uckkassembly/lang/fr/uckkassembly.php,81
uckkassembly,status:rejected,en,mod/uckkassembly/lang/en/uckkassembly.php,114
uckkassembly,status:rejected,fr,mod/uckkassembly/lang/fr/uckkassembly.php,74
uckkassembly,status:validated,en,mod/uckkassembly/lang/en/uckkassembly.php,113
uckkassembly,status:validated,fr,mod/uckkassembly/lang/fr/uckkassembly.php,73
uckkassembly,submitfailed,en,mod/uckkassembly/lang/en/uckkassembly.php,404
uckkassembly,submitted,en,mod/uckkassembly/lang/en/uckkassembly.php,403
uckkassembly,submitting,en,mod/uckkassembly/lang/en/uckkassembly.php,402
uckkassembly,summary,en,mod/uckkassembly/lang/en/uckkassembly.php,90
uckkassembly,summary,fr,mod/uckkassembly/lang/fr/uckkassembly.php,50
uckkassembly,timeclose,en,mod/uckkassembly/lang/en/uckkassembly.php,172
uckkassembly,timeclose,fr,mod/uckkassembly/lang/fr/uckkassembly.php,119
uckkassembly,timeclose_help,en,mod/uckkassembly/lang/en/uckkassembly.php,174
uckkassembly,timeclose_help,fr,mod/uckkassembly/lang/fr/uckkassembly.php,122
uckkassembly,timeclosemustbeafteropen,fr,mod/uckkassembly/lang/fr/uckkassembly.php,339
uckkassembly,timecreated,en,mod/uckkassembly/lang/en/uckkassembly.php,91
uckkassembly,timecreated,fr,mod/uckkassembly/lang/fr/uckkassembly.php,56
uckkassembly,timeline,fr,mod/uckkassembly/lang/fr/uckkassembly.php,47
uckkassembly,timemodified,en,mod/uckkassembly/lang/en/uckkassembly.php,92
uckkassembly,timemodified,fr,mod/uckkassembly/lang/fr/uckkassembly.php,57
uckkassembly,timeopen,en,mod/uckkassembly/lang/en/uckkassembly.php,171
uckkassembly,timeopen,fr,mod/uckkassembly/lang/fr/uckkassembly.php,118
uckkassembly,timeopen_help,en,mod/uckkassembly/lang/en/uckkassembly.php,173
uckkassembly,timeopen_help,fr,mod/uckkassembly/lang/fr/uckkassembly.php,121
uckkassembly,uckkassembly:addinstance,en,mod/uckkassembly/lang/en/uckkassembly.php,27
uckkassembly,uckkassembly:addinstance,fr,mod/uckkassembly/lang/fr/uckkassembly.php,27
uckkassembly,uckkassembly:amendmotion,en,mod/uckkassembly/lang/en/uckkassembly.php,31
uckkassembly,uckkassembly:amendmotion,fr,mod/uckkassembly/lang/fr/uckkassembly.php,31
uckkassembly,uckkassembly:archive,en,mod/uckkassembly/lang/en/uckkassembly.php,35
uckkassembly,uckkassembly:archive,fr,mod/uckkassembly/lang/fr/uckkassembly.php,36
uckkassembly,uckkassembly:contestdecision,en,mod/uckkassembly/lang/en/uckkassembly.php,34
uckkassembly,uckkassembly:contestdecision,fr,mod/uckkassembly/lang/fr/uckkassembly.php,35
uckkassembly,uckkassembly:createassembly,en,mod/uckkassembly/lang/en/uckkassembly.php,29
uckkassembly,uckkassembly:createassembly,fr,mod/uckkassembly/lang/fr/uckkassembly.php,29
uckkassembly,uckkassembly:objectmotion,fr,mod/uckkassembly/lang/fr/uckkassembly.php,32
uckkassembly,uckkassembly:proposemotion,en,mod/uckkassembly/lang/en/uckkassembly.php,30
uckkassembly,uckkassembly:proposemotion,fr,mod/uckkassembly/lang/fr/uckkassembly.php,30
uckkassembly,uckkassembly:publishdecision,en,mod/uckkassembly/lang/en/uckkassembly.php,33
uckkassembly,uckkassembly:publishdecision,fr,mod/uckkassembly/lang/fr/uckkassembly.php,34
uckkassembly,uckkassembly:view,en,mod/uckkassembly/lang/en/uckkassembly.php,28
uckkassembly,uckkassembly:view,fr,mod/uckkassembly/lang/fr/uckkassembly.php,28
uckkassembly,uckkassembly:viewrestricted,fr,mod/uckkassembly/lang/fr/uckkassembly.php,37
uckkassembly,uckkassembly:vote,en,mod/uckkassembly/lang/en/uckkassembly.php,32
uckkassembly,uckkassembly:vote,fr,mod/uckkassembly/lang/fr/uckkassembly.php,33
uckkassembly,unknown,en,mod/uckkassembly/lang/en/uckkassembly.php,93
uckkassembly,view,en,mod/uckkassembly/lang/en/uckkassembly.php,94
uckkassembly,viewall,en,mod/uckkassembly/lang/en/uckkassembly.php,95
uckkassembly,viewassembly,en,mod/uckkassembly/lang/en/uckkassembly.php,192
uckkassembly,viewassembly,fr,mod/uckkassembly/lang/fr/uckkassembly.php,344
uckkassembly,viewdecision,en,mod/uckkassembly/lang/en/uckkassembly.php,286
uckkassembly,viewdetails,fr,mod/uckkassembly/lang/fr/uckkassembly.php,353
uckkassembly,viewminutes,en,mod/uckkassembly/lang/en/uckkassembly.php,309
uckkassembly,viewmotion,en,mod/uckkassembly/lang/en/uckkassembly.php,213
uckkassembly,viewmotion,fr,mod/uckkassembly/lang/fr/uckkassembly.php,142
uckkassembly,visibility,en,mod/uckkassembly/lang/en/uckkassembly.php,96
uckkassembly,visibility,fr,mod/uckkassembly/lang/fr/uckkassembly.php,45
uckkassembly,visibility:archived,en,mod/uckkassembly/lang/en/uckkassembly.php,134
uckkassembly,visibility:archived,fr,mod/uckkassembly/lang/fr/uckkassembly.php,96
uckkassembly,visibility:cohort,en,mod/uckkassembly/lang/en/uckkassembly.php,127
uckkassembly,visibility:cohort,fr,mod/uckkassembly/lang/fr/uckkassembly.php,88
uckkassembly,visibility:course,en,mod/uckkassembly/lang/en/uckkassembly.php,126
uckkassembly,visibility:course,fr,mod/uckkassembly/lang/fr/uckkassembly.php,87
uckkassembly,visibility:group,en,mod/uckkassembly/lang/en/uckkassembly.php,125
uckkassembly,visibility:group,fr,mod/uckkassembly/lang/fr/uckkassembly.php,86
uckkassembly,visibility:hidden,en,mod/uckkassembly/lang/en/uckkassembly.php,133
uckkassembly,visibility:hidden,fr,mod/uckkassembly/lang/fr/uckkassembly.php,95
uckkassembly,visibility:institution,en,mod/uckkassembly/lang/en/uckkassembly.php,129
uckkassembly,visibility:institution,fr,mod/uckkassembly/lang/fr/uckkassembly.php,90
uckkassembly,visibility:institutional,fr,mod/uckkassembly/lang/fr/uckkassembly.php,91
uckkassembly,visibility:private,en,mod/uckkassembly/lang/en/uckkassembly.php,123
uckkassembly,visibility:private,fr,mod/uckkassembly/lang/fr/uckkassembly.php,84
uckkassembly,visibility:program,en,mod/uckkassembly/lang/en/uckkassembly.php,128
uckkassembly,visibility:program,fr,mod/uckkassembly/lang/fr/uckkassembly.php,89
uckkassembly,visibility:public,en,mod/uckkassembly/lang/en/uckkassembly.php,130
uckkassembly,visibility:public,fr,mod/uckkassembly/lang/fr/uckkassembly.php,92
uckkassembly,visibility:restricted,en,mod/uckkassembly/lang/en/uckkassembly.php,131
uckkassembly,visibility:restricted,fr,mod/uckkassembly/lang/fr/uckkassembly.php,93
uckkassembly,visibility:restricted_integrity,en,mod/uckkassembly/lang/en/uckkassembly.php,132
uckkassembly,visibility:restricted_integrity,fr,mod/uckkassembly/lang/fr/uckkassembly.php,94
uckkassembly,visibility:user,en,mod/uckkassembly/lang/en/uckkassembly.php,124
uckkassembly,visibility:user,fr,mod/uckkassembly/lang/fr/uckkassembly.php,85
uckkassembly,vote,en,mod/uckkassembly/lang/en/uckkassembly.php,251
uckkassembly,vote,fr,mod/uckkassembly/lang/fr/uckkassembly.php,182
uckkassembly,vote:abstain,fr,mod/uckkassembly/lang/fr/uckkassembly.php,202
uckkassembly,vote:against,fr,mod/uckkassembly/lang/fr/uckkassembly.php,201
uckkassembly,vote:block,fr,mod/uckkassembly/lang/fr/uckkassembly.php,203
uckkassembly,vote:consent,fr,mod/uckkassembly/lang/fr/uckkassembly.php,205
uckkassembly,vote:for,fr,mod/uckkassembly/lang/fr/uckkassembly.php,200
uckkassembly,vote:needswork,fr,mod/uckkassembly/lang/fr/uckkassembly.php,206
uckkassembly,vote:reading,fr,mod/uckkassembly/lang/fr/uckkassembly.php,204
uckkassembly,votecancelled,en,mod/uckkassembly/lang/en/uckkassembly.php,259
uckkassembly,votechoice,en,mod/uckkassembly/lang/en/uckkassembly.php,254
uckkassembly,votechoice:abstain,en,mod/uckkassembly/lang/en/uckkassembly.php,271
uckkassembly,votechoice:against,en,mod/uckkassembly/lang/en/uckkassembly.php,270
uckkassembly,votechoice:block,en,mod/uckkassembly/lang/en/uckkassembly.php,273
uckkassembly,votechoice:for,en,mod/uckkassembly/lang/en/uckkassembly.php,269
uckkassembly,votechoice:needs_revision,en,mod/uckkassembly/lang/en/uckkassembly.php,272
uckkassembly,votenow,en,mod/uckkassembly/lang/en/uckkassembly.php,253
uckkassembly,votereason,en,mod/uckkassembly/lang/en/uckkassembly.php,255
uckkassembly,votereason_help,en,mod/uckkassembly/lang/en/uckkassembly.php,256
uckkassembly,voterecorded,fr,mod/uckkassembly/lang/fr/uckkassembly.php,195
uckkassembly,voterequireschoice,en,mod/uckkassembly/lang/en/uckkassembly.php,266
uckkassembly,voteresults,en,mod/uckkassembly/lang/en/uckkassembly.php,264
uckkassembly,voteresultsrestricted,en,mod/uckkassembly/lang/en/uckkassembly.php,265
uckkassembly,votes,en,mod/uckkassembly/lang/en/uckkassembly.php,252
uckkassembly,votes,fr,mod/uckkassembly/lang/fr/uckkassembly.php,183
uckkassembly,votesubmitted,en,mod/uckkassembly/lang/en/uckkassembly.php,257
uckkassembly,voteupdated,en,mod/uckkassembly/lang/en/uckkassembly.php,258
uckkassembly,votingmethod,fr,mod/uckkassembly/lang/fr/uckkassembly.php,184
uckkassembly,votingmethod:advisory,fr,mod/uckkassembly/lang/fr/uckkassembly.php,190
uckkassembly,votingmethod:consensus,fr,mod/uckkassembly/lang/fr/uckkassembly.php,189
uckkassembly,votingmethod:consent,fr,mod/uckkassembly/lang/fr/uckkassembly.php,186
uckkassembly,votingmethod:majority,fr,mod/uckkassembly/lang/fr/uckkassembly.php,187
uckkassembly,votingmethod:readings,fr,mod/uckkassembly/lang/fr/uckkassembly.php,185
uckkassembly,votingmethod:supermajority,fr,mod/uckkassembly/lang/fr/uckkassembly.php,188
uckkassembly,votingnotopen,en,mod/uckkassembly/lang/en/uckkassembly.php,260
uckkassembly,votingsettings,en,mod/uckkassembly/lang/en/uckkassembly.php,140
uckkassembly,votingsettings,fr,mod/uckkassembly/lang/fr/uckkassembly.php,111
uckkassembly,yes,en,mod/uckkassembly/lang/en/uckkassembly.php,97
uckkchallenge,addcorridor,fr,mod/uckkchallenge/lang/fr/uckkchallenge.php,102
uckkchallenge,addrule,fr,mod/uckkchallenge/lang/fr/uckkchallenge.php,97
uckkchallenge,ai,en,mod/uckkchallenge/lang/en/uckkchallenge.php,205
uckkchallenge,aiassistancenotice,fr,mod/uckkchallenge/lang/fr/uckkchallenge.php,236
uckkchallenge,aiassisted,en,mod/uckkchallenge/lang/en/uckkchallenge.php,206
uckkchallenge,aicannotvalidate,fr,mod/uckkchallenge/lang/fr/uckkchallenge.php,190
uckkchallenge,aidecisionforbidden,fr,mod/uckkchallenge/lang/fr/uckkchallenge.php,239
uckkchallenge,ailabel,en,mod/uckkchallenge/lang/en/uckkchallenge.php,207
uckkchallenge,ailogrequired,fr,mod/uckkchallenge/lang/fr/uckkchallenge.php,237
uckkchallenge,ainotfinalauthority,en,mod/uckkchallenge/lang/en/uckkchallenge.php,211
uckkchallenge,aipolicy,en,mod/uckkchallenge/lang/en/uckkchallenge.php,208
uckkchallenge,aipolicy_help,en,mod/uckkchallenge/lang/en/uckkchallenge.php,209
uckkchallenge,aiprovenancerequired,fr,mod/uckkchallenge/lang/fr/uckkchallenge.php,238
uckkchallenge,airequireshumanvalidation,en,mod/uckkchallenge/lang/en/uckkchallenge.php,210
uckkchallenge,allowpublicsummary,fr,mod/uckkchallenge/lang/fr/uckkchallenge.php,70
uckkchallenge,allowpublicsummary_help,fr,mod/uckkchallenge/lang/fr/uckkchallenge.php,71
uckkchallenge,allowsubmissionsfromdate,fr,mod/uckkchallenge/lang/fr/uckkchallenge.php,64
uckkchallenge,antiabuse,en,mod/uckkchallenge/lang/en/uckkchallenge.php,199
uckkchallenge,antiabuse,fr,mod/uckkchallenge/lang/fr/uckkchallenge.php,227
uckkchallenge,antiabuse_help,en,mod/uckkchallenge/lang/en/uckkchallenge.php,200
uckkchallenge,antiabuse_help,fr,mod/uckkchallenge/lang/fr/uckkchallenge.php,228
uckkchallenge,archive,en,mod/uckkchallenge/lang/en/uckkchallenge.php,82
uckkchallenge,archive,fr,mod/uckkchallenge/lang/fr/uckkchallenge.php,242
uckkchallenge,archivechallenge,fr,mod/uckkchallenge/lang/fr/uckkchallenge.php,243
uckkchallenge,archivecreated,fr,mod/uckkchallenge/lang/fr/uckkchallenge.php,246
uckkchallenge,archiveexport,en,mod/uckkchallenge/lang/en/uckkchallenge.php,187
uckkchallenge,archiveexport,fr,mod/uckkchallenge/lang/fr/uckkchallenge.php,188
uckkchallenge,archivenotcreated,fr,mod/uckkchallenge/lang/fr/uckkchallenge.php,247
uckkchallenge,archiveonvalidation,fr,mod/uckkchallenge/lang/fr/uckkchallenge.php,72
uckkchallenge,archiveonvalidation_help,fr,mod/uckkchallenge/lang/fr/uckkchallenge.php,73
uckkchallenge,archiveonvalidationlabel,fr,mod/uckkchallenge/lang/fr/uckkchallenge.php,244
uckkchallenge,archiveoutput,en,mod/uckkchallenge/lang/en/uckkchallenge.php,50
uckkchallenge,archivesummary,fr,mod/uckkchallenge/lang/fr/uckkchallenge.php,245
uckkchallenge,badgescompetencies,en,mod/uckkchallenge/lang/en/uckkchallenge.php,51
uckkchallenge,badgetrigger,en,mod/uckkchallenge/lang/en/uckkchallenge.php,184
uckkchallenge,badgetrigger,fr,mod/uckkchallenge/lang/fr/uckkchallenge.php,186
uckkchallenge,challenge,en,mod/uckkchallenge/lang/en/uckkchallenge.php,35
uckkchallenge,challenge,fr,mod/uckkchallenge/lang/fr/uckkchallenge.php,25
uckkchallenge,challenge_type,fr,mod/uckkchallenge/lang/fr/uckkchallenge.php,49
uckkchallenge,challenge_type_help,fr,mod/uckkchallenge/lang/fr/uckkchallenge.php,50
uckkchallenge,challengearchive,fr,mod/uckkchallenge/lang/fr/uckkchallenge.php,35
uckkchallenge,challengecontext,en,mod/uckkchallenge/lang/en/uckkchallenge.php,39
uckkchallenge,challengecontext,fr,mod/uckkchallenge/lang/fr/uckkchallenge.php,29
uckkchallenge,challengecorridors,en,mod/uckkchallenge/lang/en/uckkchallenge.php,41
uckkchallenge,challengecorridors,fr,mod/uckkchallenge/lang/fr/uckkchallenge.php,31
uckkchallenge,challengeevaluation,fr,mod/uckkchallenge/lang/fr/uckkchallenge.php,33
uckkchallenge,challengeevidence,fr,mod/uckkchallenge/lang/fr/uckkchallenge.php,32
uckkchallenge,challengefeedback,fr,mod/uckkchallenge/lang/fr/uckkchallenge.php,38
uckkchallenge,challengeidentity,en,mod/uckkchallenge/lang/en/uckkchallenge.php,37
uckkchallenge,challengeidentity,fr,mod/uckkchallenge/lang/fr/uckkchallenge.php,27
uckkchallenge,challengeintegrity,fr,mod/uckkchallenge/lang/fr/uckkchallenge.php,34
uckkchallenge,challengenotavailable,fr,mod/uckkchallenge/lang/fr/uckkchallenge.php,39
uckkchallenge,challengeoverdue,fr,mod/uckkchallenge/lang/fr/uckkchallenge.php,40
uckkchallenge,challengeparticipants,fr,mod/uckkchallenge/lang/fr/uckkchallenge.php,36
uckkchallenge,challengerules,en,mod/uckkchallenge/lang/en/uckkchallenge.php,40
uckkchallenge,challengerules,fr,mod/uckkchallenge/lang/fr/uckkchallenge.php,30
uckkchallenge,challenges,en,mod/uckkchallenge/lang/en/uckkchallenge.php,36
uckkchallenge,challenges,fr,mod/uckkchallenge/lang/fr/uckkchallenge.php,26
uckkchallenge,challengestatement,en,mod/uckkchallenge/lang/en/uckkchallenge.php,38
uckkchallenge,challengestatement,fr,mod/uckkchallenge/lang/fr/uckkchallenge.php,28
uckkchallenge,challengetimeline,fr,mod/uckkchallenge/lang/fr/uckkchallenge.php,37
uckkchallenge,closesat,fr,mod/uckkchallenge/lang/fr/uckkchallenge.php,63
uckkchallenge,commonstatus:active,en,mod/uckkchallenge/lang/en/uckkchallenge.php,119
uckkchallenge,commonstatus:archived,en,mod/uckkchallenge/lang/en/uckkchallenge.php,129
uckkchallenge,commonstatus:cancelled,en,mod/uckkchallenge/lang/en/uckkchallenge.php,130
uckkchallenge,commonstatus:closed,en,mod/uckkchallenge/lang/en/uckkchallenge.php,128
uckkchallenge,commonstatus:contested,en,mod/uckkchallenge/lang/en/uckkchallenge.php,126
uckkchallenge,commonstatus:correction_required,en,mod/uckkchallenge/lang/en/uckkchallenge.php,125
uckkchallenge,commonstatus:draft,en,mod/uckkchallenge/lang/en/uckkchallenge.php,118
uckkchallenge,commonstatus:hidden,en,mod/uckkchallenge/lang/en/uckkchallenge.php,120
uckkchallenge,commonstatus:invalidated,en,mod/uckkchallenge/lang/en/uckkchallenge.php,127
uckkchallenge,commonstatus:pending,en,mod/uckkchallenge/lang/en/uckkchallenge.php,121
uckkchallenge,commonstatus:pending_review,en,mod/uckkchallenge/lang/en/uckkchallenge.php,122
uckkchallenge,commonstatus:rejected,en,mod/uckkchallenge/lang/en/uckkchallenge.php,124
uckkchallenge,commonstatus:validated,en,mod/uckkchallenge/lang/en/uckkchallenge.php,123
uckkchallenge,competencyrating,en,mod/uckkchallenge/lang/en/uckkchallenge.php,183
uckkchallenge,competencyrating,fr,mod/uckkchallenge/lang/fr/uckkchallenge.php,185
uckkchallenge,completiondetail:archive,en,mod/uckkchallenge/lang/en/uckkchallenge.php,272
uckkchallenge,completiondetail:submission,fr,mod/uckkchallenge/lang/fr/uckkchallenge.php,197
uckkchallenge,completiondetail:submitproof,en,mod/uckkchallenge/lang/en/uckkchallenge.php,270
uckkchallenge,completiondetail:validated,en,mod/uckkchallenge/lang/en/uckkchallenge.php,271
uckkchallenge,completiondetail:validation,fr,mod/uckkchallenge/lang/fr/uckkchallenge.php,198
uckkchallenge,completionrequirearchive,en,mod/uckkchallenge/lang/en/uckkchallenge.php,275
uckkchallenge,completionrequiresubmission,en,mod/uckkchallenge/lang/en/uckkchallenge.php,273
uckkchallenge,completionrequiresubmission,fr,mod/uckkchallenge/lang/fr/uckkchallenge.php,193
uckkchallenge,completionrequiresubmission_desc,fr,mod/uckkchallenge/lang/fr/uckkchallenge.php,194
uckkchallenge,completionrequirevalidation,en,mod/uckkchallenge/lang/en/uckkchallenge.php,274
uckkchallenge,completionrequirevalidation,fr,mod/uckkchallenge/lang/fr/uckkchallenge.php,195
uckkchallenge,completionrequirevalidation_desc,fr,mod/uckkchallenge/lang/fr/uckkchallenge.php,196
uckkchallenge,contest,en,mod/uckkchallenge/lang/en/uckkchallenge.php,85
uckkchallenge,contestability,en,mod/uckkchallenge/lang/en/uckkchallenge.php,201
uckkchallenge,contestability_help,en,mod/uckkchallenge/lang/en/uckkchallenge.php,202
uckkchallenge,context,en,mod/uckkchallenge/lang/en/uckkchallenge.php,59
uckkchallenge,context_help,en,mod/uckkchallenge/lang/en/uckkchallenge.php,60
uckkchallenge,contexttext,fr,mod/uckkchallenge/lang/fr/uckkchallenge.php,53
uckkchallenge,contexttext_help,fr,mod/uckkchallenge/lang/fr/uckkchallenge.php,54
uckkchallenge,continue,en,mod/uckkchallenge/lang/en/uckkchallenge.php,86
uckkchallenge,corridor,fr,mod/uckkchallenge/lang/fr/uckkchallenge.php,100
uckkchallenge,corridorname,fr,mod/uckkchallenge/lang/fr/uckkchallenge.php,103
uckkchallenge,corridors,en,mod/uckkchallenge/lang/en/uckkchallenge.php,63
uckkchallenge,corridors,fr,mod/uckkchallenge/lang/fr/uckkchallenge.php,101
uckkchallenge,corridors_help,en,mod/uckkchallenge/lang/en/uckkchallenge.php,64
uckkchallenge,corridortext,fr,mod/uckkchallenge/lang/fr/uckkchallenge.php,104
uckkchallenge,criteria,en,mod/uckkchallenge/lang/en/uckkchallenge.php,67
uckkchallenge,criteria_help,en,mod/uckkchallenge/lang/en/uckkchallenge.php,68
uckkchallenge,cutoffdate,fr,mod/uckkchallenge/lang/fr/uckkchallenge.php,65
uckkchallenge,dignitynotice,fr,mod/uckkchallenge/lang/fr/uckkchallenge.php,229
uckkchallenge,duedate,en,mod/uckkchallenge/lang/en/uckkchallenge.php,75
uckkchallenge,duedate,fr,mod/uckkchallenge/lang/fr/uckkchallenge.php,62
uckkchallenge,error:aidecisionautomationdisabled,en,mod/uckkchallenge/lang/en/uckkchallenge.php,287
uckkchallenge,error:cannotarchive,fr,mod/uckkchallenge/lang/fr/uckkchallenge.php,254
uckkchallenge,error:cannotevaluate,fr,mod/uckkchallenge/lang/fr/uckkchallenge.php,252
uckkchallenge,error:cannotsubmit,fr,mod/uckkchallenge/lang/fr/uckkchallenge.php,251
uckkchallenge,error:cannotvalidateintegrity,fr,mod/uckkchallenge/lang/fr/uckkchallenge.php,253
uckkchallenge,error:cannotview,fr,mod/uckkchallenge/lang/fr/uckkchallenge.php,250
uckkchallenge,error:challengeclosed,en,mod/uckkchallenge/lang/en/uckkchallenge.php,278
uckkchallenge,error:challengenotopen,en,mod/uckkchallenge/lang/en/uckkchallenge.php,279
uckkchallenge,error:closebeforedue,fr,mod/uckkchallenge/lang/fr/uckkchallenge.php,261
uckkchallenge,error:cutoffbeforeallow,fr,mod/uckkchallenge/lang/fr/uckkchallenge.php,262
uckkchallenge,error:duedatebeforeopen,fr,mod/uckkchallenge/lang/fr/uckkchallenge.php,260
uckkchallenge,error:integritycaseopen,en,mod/uckkchallenge/lang/en/uckkchallenge.php,286
uckkchallenge,error:invalidprovenance,en,mod/uckkchallenge/lang/en/uckkchallenge.php,285
uckkchallenge,error:invalidprovenance,fr,mod/uckkchallenge/lang/fr/uckkchallenge.php,257
uckkchallenge,error:invalidstatus,en,mod/uckkchallenge/lang/en/uckkchallenge.php,283
uckkchallenge,error:invalidstatus,fr,mod/uckkchallenge/lang/fr/uckkchallenge.php,255
uckkchallenge,error:invalidvisibility,en,mod/uckkchallenge/lang/en/uckkchallenge.php,284
uckkchallenge,error:invalidvisibility,fr,mod/uckkchallenge/lang/fr/uckkchallenge.php,256
uckkchallenge,error:missingchallenge,fr,mod/uckkchallenge/lang/fr/uckkchallenge.php,258
uckkchallenge,error:missingcontext,fr,mod/uckkchallenge/lang/fr/uckkchallenge.php,259
uckkchallenge,error:missingevidence,en,mod/uckkchallenge/lang/en/uckkchallenge.php,281
uckkchallenge,error:missingprovenance,en,mod/uckkchallenge/lang/en/uckkchallenge.php,282
uckkchallenge,error:nopermission,en,mod/uckkchallenge/lang/en/uckkchallenge.php,280
uckkchallenge,ethicalconstraints,en,mod/uckkchallenge/lang/en/uckkchallenge.php,44
uckkchallenge,ethicalconstraints,fr,mod/uckkchallenge/lang/fr/uckkchallenge.php,59
uckkchallenge,ethicalconstraints_help,fr,mod/uckkchallenge/lang/fr/uckkchallenge.php,60
uckkchallenge,ethics,en,mod/uckkchallenge/lang/en/uckkchallenge.php,69
uckkchallenge,ethics_help,en,mod/uckkchallenge/lang/en/uckkchallenge.php,70
uckkchallenge,evaluate,en,mod/uckkchallenge/lang/en/uckkchallenge.php,81
uckkchallenge,evaluate,fr,mod/uckkchallenge/lang/fr/uckkchallenge.php,181
uckkchallenge,evaluation,en,mod/uckkchallenge/lang/en/uckkchallenge.php,180
uckkchallenge,evaluation,fr,mod/uckkchallenge/lang/fr/uckkchallenge.php,179
uckkchallenge,evaluation:completed,en,mod/uckkchallenge/lang/en/uckkchallenge.php,189
uckkchallenge,evaluation:pending,en,mod/uckkchallenge/lang/en/uckkchallenge.php,188
uckkchallenge,evaluation:requiresrevision,en,mod/uckkchallenge/lang/en/uckkchallenge.php,190
uckkchallenge,evaluation:validated,en,mod/uckkchallenge/lang/en/uckkchallenge.php,191
uckkchallenge,evaluationcriteria,en,mod/uckkchallenge/lang/en/uckkchallenge.php,43
uckkchallenge,evaluationcriteria,fr,mod/uckkchallenge/lang/fr/uckkchallenge.php,57
uckkchallenge,evaluationcriteria_help,fr,mod/uckkchallenge/lang/fr/uckkchallenge.php,58
uckkchallenge,evaluations,fr,mod/uckkchallenge/lang/fr/uckkchallenge.php,180
uckkchallenge,eventchallengearchived,en,mod/uckkchallenge/lang/en/uckkchallenge.php,267
uckkchallenge,eventchallengearchived,fr,mod/uckkchallenge/lang/fr/uckkchallenge.php,216
uckkchallenge,eventchallengecontested,fr,mod/uckkchallenge/lang/fr/uckkchallenge.php,217
uckkchallenge,eventchallengecreated,en,mod/uckkchallenge/lang/en/uckkchallenge.php,259
uckkchallenge,eventchallengecreated,fr,mod/uckkchallenge/lang/fr/uckkchallenge.php,206
uckkchallenge,eventchallengedeleted,en,mod/uckkchallenge/lang/en/uckkchallenge.php,262
uckkchallenge,eventchallengedeleted,fr,mod/uckkchallenge/lang/fr/uckkchallenge.php,208
uckkchallenge,eventchallengeupdated,en,mod/uckkchallenge/lang/en/uckkchallenge.php,260
uckkchallenge,eventchallengeupdated,fr,mod/uckkchallenge/lang/fr/uckkchallenge.php,207
uckkchallenge,eventchallengevalidated,fr,mod/uckkchallenge/lang/fr/uckkchallenge.php,215
uckkchallenge,eventchallengeviewed,en,mod/uckkchallenge/lang/en/uckkchallenge.php,261
uckkchallenge,eventchallengeviewed,fr,mod/uckkchallenge/lang/fr/uckkchallenge.php,209
uckkchallenge,eventevaluationcreated,fr,mod/uckkchallenge/lang/fr/uckkchallenge.php,213
uckkchallenge,eventintegrityreviewrequested,en,mod/uckkchallenge/lang/en/uckkchallenge.php,266
uckkchallenge,eventintegrityreviewrequested,fr,mod/uckkchallenge/lang/fr/uckkchallenge.php,214
uckkchallenge,eventproofsubmitted,fr,mod/uckkchallenge/lang/fr/uckkchallenge.php,212
uckkchallenge,eventsubmissioncreated,en,mod/uckkchallenge/lang/en/uckkchallenge.php,263
uckkchallenge,eventsubmissioncreated,fr,mod/uckkchallenge/lang/fr/uckkchallenge.php,210
uckkchallenge,eventsubmissionreviewed,en,mod/uckkchallenge/lang/en/uckkchallenge.php,265
uckkchallenge,eventsubmissionupdated,en,mod/uckkchallenge/lang/en/uckkchallenge.php,264
uckkchallenge,eventsubmissionupdated,fr,mod/uckkchallenge/lang/fr/uckkchallenge.php,211
uckkchallenge,evidence,en,mod/uckkchallenge/lang/en/uckkchallenge.php,65
uckkchallenge,evidence_help,en,mod/uckkchallenge/lang/en/uckkchallenge.php,66
uckkchallenge,evidencerequirements,en,mod/uckkchallenge/lang/en/uckkchallenge.php,42
uckkchallenge,evidencerequirements,fr,mod/uckkchallenge/lang/fr/uckkchallenge.php,160
uckkchallenge,evidencerequirements_help,fr,mod/uckkchallenge/lang/fr/uckkchallenge.php,161
uckkchallenge,expectedoutput,fr,mod/uckkchallenge/lang/fr/uckkchallenge.php,55
uckkchallenge,expectedoutput_help,fr,mod/uckkchallenge/lang/fr/uckkchallenge.php,56
uckkchallenge,fictionfactnotice,fr,mod/uckkchallenge/lang/fr/uckkchallenge.php,231
uckkchallenge,filearea:archive_export_files,fr,mod/uckkchallenge/lang/fr/uckkchallenge.php,293
uckkchallenge,filearea:evidence_requirement_files,fr,mod/uckkchallenge/lang/fr/uckkchallenge.php,289
uckkchallenge,filearea:feedback_files,fr,mod/uckkchallenge/lang/fr/uckkchallenge.php,292
uckkchallenge,filearea:proof_files,fr,mod/uckkchallenge/lang/fr/uckkchallenge.php,291
uckkchallenge,filearea:rule_files,fr,mod/uckkchallenge/lang/fr/uckkchallenge.php,288
uckkchallenge,filearea:statement_files,fr,mod/uckkchallenge/lang/fr/uckkchallenge.php,287
uckkchallenge,filearea:submission_files,fr,mod/uckkchallenge/lang/fr/uckkchallenge.php,290
uckkchallenge,fromstatus,fr,mod/uckkchallenge/lang/fr/uckkchallenge.php,222
uckkchallenge,grade,fr,mod/uckkchallenge/lang/fr/uckkchallenge.php,74
uckkchallenge,humanvalidationrequired,fr,mod/uckkchallenge/lang/fr/uckkchallenge.php,232
uckkchallenge,integrity,en,mod/uckkchallenge/lang/en/uckkchallenge.php,194
uckkchallenge,integrityclear,en,mod/uckkchallenge/lang/en/uckkchallenge.php,197
uckkchallenge,integritynotice,en,mod/uckkchallenge/lang/en/uckkchallenge.php,195
uckkchallenge,integritynotice,fr,mod/uckkchallenge/lang/fr/uckkchallenge.php,230
uckkchallenge,integritypaused,en,mod/uckkchallenge/lang/en/uckkchallenge.php,198
uckkchallenge,integrityrequired,en,mod/uckkchallenge/lang/en/uckkchallenge.php,196
uckkchallenge,integrityreview,en,mod/uckkchallenge/lang/en/uckkchallenge.php,49
uckkchallenge,integrityvalidation,fr,mod/uckkchallenge/lang/fr/uckkchallenge.php,187
uckkchallenge,intro,en,mod/uckkchallenge/lang/en/uckkchallenge.php,55
uckkchallenge,intro_help,en,mod/uckkchallenge/lang/en/uckkchallenge.php,56
uckkchallenge,kingklownnotice,fr,mod/uckkchallenge/lang/fr/uckkchallenge.php,43
uckkchallenge,maxsubmissions,fr,mod/uckkchallenge/lang/fr/uckkchallenge.php,67
uckkchallenge,mentorfeedback,en,mod/uckkchallenge/lang/en/uckkchallenge.php,182
uckkchallenge,mentorfeedback,fr,mod/uckkchallenge/lang/fr/uckkchallenge.php,182
uckkchallenge,metadata,en,mod/uckkchallenge/lang/en/uckkchallenge.php,74
uckkchallenge,metadata,fr,mod/uckkchallenge/lang/fr/uckkchallenge.php,75
uckkchallenge,metadata_help,fr,mod/uckkchallenge/lang/fr/uckkchallenge.php,76
uckkchallenge,modulename,en,mod/uckkchallenge/lang/en/uckkchallenge.php,21
uckkchallenge,modulename,fr,mod/uckkchallenge/lang/fr/uckkchallenge.php,12
uckkchallenge,modulename_help,en,mod/uckkchallenge/lang/en/uckkchallenge.php,22
uckkchallenge,modulename_link,en,mod/uckkchallenge/lang/en/uckkchallenge.php,23
uckkchallenge,modulenameplural,en,mod/uckkchallenge/lang/en/uckkchallenge.php,24
uckkchallenge,modulenameplural,fr,mod/uckkchallenge/lang/fr/uckkchallenge.php,13
uckkchallenge,name,en,mod/uckkchallenge/lang/en/uckkchallenge.php,53
uckkchallenge,name,fr,mod/uckkchallenge/lang/fr/uckkchallenge.php,47
uckkchallenge,name_help,en,mod/uckkchallenge/lang/en/uckkchallenge.php,54
uckkchallenge,name_help,fr,mod/uckkchallenge/lang/fr/uckkchallenge.php,48
uckkchallenge,nonauthoritynotice,fr,mod/uckkchallenge/lang/fr/uckkchallenge.php,44
uckkchallenge,none,en,mod/uckkchallenge/lang/en/uckkchallenge.php,77
uckkchallenge,nosubmission,fr,mod/uckkchallenge/lang/fr/uckkchallenge.php,158
uckkchallenge,notset,en,mod/uckkchallenge/lang/en/uckkchallenge.php,78
uckkchallenge,openintegritycase,en,mod/uckkchallenge/lang/en/uckkchallenge.php,84
uckkchallenge,opensat,fr,mod/uckkchallenge/lang/fr/uckkchallenge.php,61
uckkchallenge,participants,en,mod/uckkchallenge/lang/en/uckkchallenge.php,46
uckkchallenge,pluginadministration,en,mod/uckkchallenge/lang/en/uckkchallenge.php,20
uckkchallenge,pluginadministration,fr,mod/uckkchallenge/lang/fr/uckkchallenge.php,14
uckkchallenge,pluginname,en,mod/uckkchallenge/lang/en/uckkchallenge.php,19
uckkchallenge,pluginname,fr,mod/uckkchallenge/lang/fr/uckkchallenge.php,11
uckkchallenge,privacy:metadata,fr,mod/uckkchallenge/lang/fr/uckkchallenge.php,265
uckkchallenge,privacy:metadata:uckkchallenge,en,mod/uckkchallenge/lang/en/uckkchallenge.php,290
uckkchallenge,privacy:metadata:uckkchallenge:course,en,mod/uckkchallenge/lang/en/uckkchallenge.php,291
uckkchallenge,privacy:metadata:uckkchallenge:intro,en,mod/uckkchallenge/lang/en/uckkchallenge.php,293
uckkchallenge,privacy:metadata:uckkchallenge:name,en,mod/uckkchallenge/lang/en/uckkchallenge.php,292
uckkchallenge,privacy:metadata:uckkchallenge:provenance,en,mod/uckkchallenge/lang/en/uckkchallenge.php,296
uckkchallenge,privacy:metadata:uckkchallenge:status,en,mod/uckkchallenge/lang/en/uckkchallenge.php,294
uckkchallenge,privacy:metadata:uckkchallenge:timecreated,en,mod/uckkchallenge/lang/en/uckkchallenge.php,297
uckkchallenge,privacy:metadata:uckkchallenge:timemodified,en,mod/uckkchallenge/lang/en/uckkchallenge.php,298
uckkchallenge,privacy:metadata:uckkchallenge:visibility,en,mod/uckkchallenge/lang/en/uckkchallenge.php,295
uckkchallenge,privacy:metadata:uckkchallenge_eval,fr,mod/uckkchallenge/lang/fr/uckkchallenge.php,275
uckkchallenge,privacy:metadata:uckkchallenge_eval:createdby,fr,mod/uckkchallenge/lang/fr/uckkchallenge.php,277
uckkchallenge,privacy:metadata:uckkchallenge_eval:grade,fr,mod/uckkchallenge/lang/fr/uckkchallenge.php,278
uckkchallenge,privacy:metadata:uckkchallenge_eval:status,fr,mod/uckkchallenge/lang/fr/uckkchallenge.php,279
uckkchallenge,privacy:metadata:uckkchallenge_eval:userid,fr,mod/uckkchallenge/lang/fr/uckkchallenge.php,276
uckkchallenge,privacy:metadata:uckkchallenge_proof,fr,mod/uckkchallenge/lang/fr/uckkchallenge.php,271
uckkchallenge,privacy:metadata:uckkchallenge_proof:provenance,fr,mod/uckkchallenge/lang/fr/uckkchallenge.php,274
uckkchallenge,privacy:metadata:uckkchallenge_proof:userid,fr,mod/uckkchallenge/lang/fr/uckkchallenge.php,272
uckkchallenge,privacy:metadata:uckkchallenge_proof:visibility,fr,mod/uckkchallenge/lang/fr/uckkchallenge.php,273
uckkchallenge,privacy:metadata:uckkchallenge_state,fr,mod/uckkchallenge/lang/fr/uckkchallenge.php,280
uckkchallenge,privacy:metadata:uckkchallenge_state:createdby,fr,mod/uckkchallenge/lang/fr/uckkchallenge.php,282
uckkchallenge,privacy:metadata:uckkchallenge_state:fromstatus,fr,mod/uckkchallenge/lang/fr/uckkchallenge.php,283
uckkchallenge,privacy:metadata:uckkchallenge_state:tostatus,fr,mod/uckkchallenge/lang/fr/uckkchallenge.php,284
uckkchallenge,privacy:metadata:uckkchallenge_state:userid,fr,mod/uckkchallenge/lang/fr/uckkchallenge.php,281
uckkchallenge,privacy:metadata:uckkchallenge_sub,en,mod/uckkchallenge/lang/en/uckkchallenge.php,300
uckkchallenge,privacy:metadata:uckkchallenge_sub,fr,mod/uckkchallenge/lang/fr/uckkchallenge.php,266
uckkchallenge,privacy:metadata:uckkchallenge_sub:challengeid,en,mod/uckkchallenge/lang/en/uckkchallenge.php,301
uckkchallenge,privacy:metadata:uckkchallenge_sub:challengeid,fr,mod/uckkchallenge/lang/fr/uckkchallenge.php,268
uckkchallenge,privacy:metadata:uckkchallenge_sub:metadata,fr,mod/uckkchallenge/lang/fr/uckkchallenge.php,270
uckkchallenge,privacy:metadata:uckkchallenge_sub:provenance,en,mod/uckkchallenge/lang/en/uckkchallenge.php,305
uckkchallenge,privacy:metadata:uckkchallenge_sub:status,en,mod/uckkchallenge/lang/en/uckkchallenge.php,303
uckkchallenge,privacy:metadata:uckkchallenge_sub:status,fr,mod/uckkchallenge/lang/fr/uckkchallenge.php,269
uckkchallenge,privacy:metadata:uckkchallenge_sub:timecreated,en,mod/uckkchallenge/lang/en/uckkchallenge.php,306
uckkchallenge,privacy:metadata:uckkchallenge_sub:timemodified,en,mod/uckkchallenge/lang/en/uckkchallenge.php,307
uckkchallenge,privacy:metadata:uckkchallenge_sub:userid,en,mod/uckkchallenge/lang/en/uckkchallenge.php,302
uckkchallenge,privacy:metadata:uckkchallenge_sub:userid,fr,mod/uckkchallenge/lang/fr/uckkchallenge.php,267
uckkchallenge,privacy:metadata:uckkchallenge_sub:visibility,en,mod/uckkchallenge/lang/en/uckkchallenge.php,304
uckkchallenge,privatefeedback,en,mod/uckkchallenge/lang/en/uckkchallenge.php,186
uckkchallenge,privatefeedback,fr,mod/uckkchallenge/lang/fr/uckkchallenge.php,183
uckkchallenge,proof,en,mod/uckkchallenge/lang/en/uckkchallenge.php,157
uckkchallenge,proof,fr,mod/uckkchallenge/lang/fr/uckkchallenge.php,153
uckkchallenge,proof:ai_log,en,mod/uckkchallenge/lang/en/uckkchallenge.php,168
uckkchallenge,proof:ai_log,fr,mod/uckkchallenge/lang/fr/uckkchallenge.php,175
uckkchallenge,proof:author,en,mod/uckkchallenge/lang/en/uckkchallenge.php,171
uckkchallenge,proof:dataset,en,mod/uckkchallenge/lang/en/uckkchallenge.php,163
uckkchallenge,proof:dataset,fr,mod/uckkchallenge/lang/fr/uckkchallenge.php,170
uckkchallenge,proof:date,en,mod/uckkchallenge/lang/en/uckkchallenge.php,172
uckkchallenge,proof:decision_record,en,mod/uckkchallenge/lang/en/uckkchallenge.php,169
uckkchallenge,proof:decision_record,fr,mod/uckkchallenge/lang/fr/uckkchallenge.php,176
uckkchallenge,proof:file,en,mod/uckkchallenge/lang/en/uckkchallenge.php,161
uckkchallenge,proof:file,fr,mod/uckkchallenge/lang/fr/uckkchallenge.php,168
uckkchallenge,proof:image,en,mod/uckkchallenge/lang/en/uckkchallenge.php,164
uckkchallenge,proof:image,fr,mod/uckkchallenge/lang/fr/uckkchallenge.php,171
uckkchallenge,proof:integritystate,en,mod/uckkchallenge/lang/en/uckkchallenge.php,174
uckkchallenge,proof:none,en,mod/uckkchallenge/lang/en/uckkchallenge.php,177
uckkchallenge,proof:observation,en,mod/uckkchallenge/lang/en/uckkchallenge.php,167
uckkchallenge,proof:observation,fr,mod/uckkchallenge/lang/fr/uckkchallenge.php,174
uckkchallenge,proof:relationtocriteria,en,mod/uckkchallenge/lang/en/uckkchallenge.php,173
uckkchallenge,proof:source,en,mod/uckkchallenge/lang/en/uckkchallenge.php,170
uckkchallenge,proof:submit,en,mod/uckkchallenge/lang/en/uckkchallenge.php,175
uckkchallenge,proof:submitted,en,mod/uckkchallenge/lang/en/uckkchallenge.php,176
uckkchallenge,proof:testimony,en,mod/uckkchallenge/lang/en/uckkchallenge.php,166
uckkchallenge,proof:testimony,fr,mod/uckkchallenge/lang/fr/uckkchallenge.php,173
uckkchallenge,proof:text,en,mod/uckkchallenge/lang/en/uckkchallenge.php,160
uckkchallenge,proof:text,fr,mod/uckkchallenge/lang/fr/uckkchallenge.php,167
uckkchallenge,proof:type,en,mod/uckkchallenge/lang/en/uckkchallenge.php,159
uckkchallenge,proof:url,en,mod/uckkchallenge/lang/en/uckkchallenge.php,162
uckkchallenge,proof:url,fr,mod/uckkchallenge/lang/fr/uckkchallenge.php,169
uckkchallenge,proof:video,en,mod/uckkchallenge/lang/en/uckkchallenge.php,165
uckkchallenge,proof:video,fr,mod/uckkchallenge/lang/fr/uckkchallenge.php,172
uckkchallenge,proofauthor,fr,mod/uckkchallenge/lang/fr/uckkchallenge.php,163
uckkchallenge,proofdate,fr,mod/uckkchallenge/lang/fr/uckkchallenge.php,164
uckkchallenge,proofintegritystate,fr,mod/uckkchallenge/lang/fr/uckkchallenge.php,166
uckkchallenge,proofrelation,fr,mod/uckkchallenge/lang/fr/uckkchallenge.php,165
uckkchallenge,proofs,en,mod/uckkchallenge/lang/en/uckkchallenge.php,158
uckkchallenge,proofs,fr,mod/uckkchallenge/lang/fr/uckkchallenge.php,154
uckkchallenge,proofsource,fr,mod/uckkchallenge/lang/fr/uckkchallenge.php,162
uckkchallenge,provenance,en,mod/uckkchallenge/lang/en/uckkchallenge.php,72
uckkchallenge,provenance,fr,mod/uckkchallenge/lang/fr/uckkchallenge.php,142
uckkchallenge,provenance:ai_assisted,en,mod/uckkchallenge/lang/en/uckkchallenge.php,148
uckkchallenge,provenance:ai_assisted,fr,mod/uckkchallenge/lang/fr/uckkchallenge.php,144
uckkchallenge,provenance:archive,en,mod/uckkchallenge/lang/en/uckkchallenge.php,151
uckkchallenge,provenance:archive,fr,mod/uckkchallenge/lang/fr/uckkchallenge.php,147
uckkchallenge,provenance:assembly,en,mod/uckkchallenge/lang/en/uckkchallenge.php,152
uckkchallenge,provenance:assembly,fr,mod/uckkchallenge/lang/fr/uckkchallenge.php,148
uckkchallenge,provenance:challenge,en,mod/uckkchallenge/lang/en/uckkchallenge.php,153
uckkchallenge,provenance:challenge,fr,mod/uckkchallenge/lang/fr/uckkchallenge.php,149
uckkchallenge,provenance:human,en,mod/uckkchallenge/lang/en/uckkchallenge.php,147
uckkchallenge,provenance:human,fr,mod/uckkchallenge/lang/fr/uckkchallenge.php,143
uckkchallenge,provenance:imported,en,mod/uckkchallenge/lang/en/uckkchallenge.php,149
uckkchallenge,provenance:imported,fr,mod/uckkchallenge/lang/fr/uckkchallenge.php,145
uckkchallenge,provenance:integrity,en,mod/uckkchallenge/lang/en/uckkchallenge.php,154
uckkchallenge,provenance:integrity,fr,mod/uckkchallenge/lang/fr/uckkchallenge.php,150
uckkchallenge,provenance:system,en,mod/uckkchallenge/lang/en/uckkchallenge.php,150
uckkchallenge,provenance:system,fr,mod/uckkchallenge/lang/fr/uckkchallenge.php,146
uckkchallenge,publicsummary,en,mod/uckkchallenge/lang/en/uckkchallenge.php,185
uckkchallenge,publicsummary,fr,mod/uckkchallenge/lang/fr/uckkchallenge.php,184
uckkchallenge,recentchallengeactivity,fr,mod/uckkchallenge/lang/fr/uckkchallenge.php,41
uckkchallenge,requireintegrityreview,fr,mod/uckkchallenge/lang/fr/uckkchallenge.php,68
uckkchallenge,requireintegrityreview_help,fr,mod/uckkchallenge/lang/fr/uckkchallenge.php,69
uckkchallenge,reset:evaluations,fr,mod/uckkchallenge/lang/fr/uckkchallenge.php,202
uckkchallenge,reset:states,fr,mod/uckkchallenge/lang/fr/uckkchallenge.php,203
uckkchallenge,reset:submissions,fr,mod/uckkchallenge/lang/fr/uckkchallenge.php,201
uckkchallenge,restrictedintegrity,fr,mod/uckkchallenge/lang/fr/uckkchallenge.php,42
uckkchallenge,restrictedintegritynotice,fr,mod/uckkchallenge/lang/fr/uckkchallenge.php,233
uckkchallenge,review,en,mod/uckkchallenge/lang/en/uckkchallenge.php,48
uckkchallenge,reviewdeadline,en,mod/uckkchallenge/lang/en/uckkchallenge.php,76
uckkchallenge,rubric,en,mod/uckkchallenge/lang/en/uckkchallenge.php,181
uckkchallenge,rule,fr,mod/uckkchallenge/lang/fr/uckkchallenge.php,95
uckkchallenge,rulename,fr,mod/uckkchallenge/lang/fr/uckkchallenge.php,98
uckkchallenge,rules,en,mod/uckkchallenge/lang/en/uckkchallenge.php,61
uckkchallenge,rules,fr,mod/uckkchallenge/lang/fr/uckkchallenge.php,96
uckkchallenge,rules_help,en,mod/uckkchallenge/lang/en/uckkchallenge.php,62
uckkchallenge,ruletext,fr,mod/uckkchallenge/lang/fr/uckkchallenge.php,99
uckkchallenge,savechanges,en,mod/uckkchallenge/lang/en/uckkchallenge.php,79
uckkchallenge,settings:ai,en,mod/uckkchallenge/lang/en/uckkchallenge.php,247
uckkchallenge,settings:ai_desc,en,mod/uckkchallenge/lang/en/uckkchallenge.php,248
uckkchallenge,settings:allowaiassistance,en,mod/uckkchallenge/lang/en/uckkchallenge.php,249
uckkchallenge,settings:allowaiassistance_desc,en,mod/uckkchallenge/lang/en/uckkchallenge.php,250
uckkchallenge,settings:allowaidecisionautomation,en,mod/uckkchallenge/lang/en/uckkchallenge.php,255
uckkchallenge,settings:allowaidecisionautomation_desc,en,mod/uckkchallenge/lang/en/uckkchallenge.php,256
uckkchallenge,settings:allowcontestation,en,mod/uckkchallenge/lang/en/uckkchallenge.php,233
uckkchallenge,settings:allowcontestation_desc,en,mod/uckkchallenge/lang/en/uckkchallenge.php,234
uckkchallenge,settings:allowpublicchallenges,en,mod/uckkchallenge/lang/en/uckkchallenge.php,231
uckkchallenge,settings:allowpublicchallenges_desc,en,mod/uckkchallenge/lang/en/uckkchallenge.php,232
uckkchallenge,settings:archivevalidatedproofs,en,mod/uckkchallenge/lang/en/uckkchallenge.php,244
uckkchallenge,settings:archivevalidatedproofs_desc,en,mod/uckkchallenge/lang/en/uckkchallenge.php,245
uckkchallenge,settings:defaultprovenance,en,mod/uckkchallenge/lang/en/uckkchallenge.php,220
uckkchallenge,settings:defaultprovenance_desc,en,mod/uckkchallenge/lang/en/uckkchallenge.php,221
uckkchallenge,settings:defaultreviewdays,en,mod/uckkchallenge/lang/en/uckkchallenge.php,235
uckkchallenge,settings:defaultreviewdays_desc,en,mod/uckkchallenge/lang/en/uckkchallenge.php,236
uckkchallenge,settings:defaultvisibility,en,mod/uckkchallenge/lang/en/uckkchallenge.php,218
uckkchallenge,settings:defaultvisibility_desc,en,mod/uckkchallenge/lang/en/uckkchallenge.php,219
uckkchallenge,settings:enabled,en,mod/uckkchallenge/lang/en/uckkchallenge.php,216
uckkchallenge,settings:enabled_desc,en,mod/uckkchallenge/lang/en/uckkchallenge.php,217
uckkchallenge,settings:enableintegrityreview,en,mod/uckkchallenge/lang/en/uckkchallenge.php,240
uckkchallenge,settings:enableintegrityreview_desc,en,mod/uckkchallenge/lang/en/uckkchallenge.php,241
uckkchallenge,settings:general,en,mod/uckkchallenge/lang/en/uckkchallenge.php,214
uckkchallenge,settings:general_desc,en,mod/uckkchallenge/lang/en/uckkchallenge.php,215
uckkchallenge,settings:integrity,en,mod/uckkchallenge/lang/en/uckkchallenge.php,238
uckkchallenge,settings:integrity_desc,en,mod/uckkchallenge/lang/en/uckkchallenge.php,239
uckkchallenge,settings:logaiuse,en,mod/uckkchallenge/lang/en/uckkchallenge.php,251
uckkchallenge,settings:logaiuse_desc,en,mod/uckkchallenge/lang/en/uckkchallenge.php,252
uckkchallenge,settings:pausevalidationonintegritycase,en,mod/uckkchallenge/lang/en/uckkchallenge.php,242
uckkchallenge,settings:pausevalidationonintegritycase_desc,en,mod/uckkchallenge/lang/en/uckkchallenge.php,243
uckkchallenge,settings:requireaiuncertaintylabel,en,mod/uckkchallenge/lang/en/uckkchallenge.php,253
uckkchallenge,settings:requireaiuncertaintylabel_desc,en,mod/uckkchallenge/lang/en/uckkchallenge.php,254
uckkchallenge,settings:requireevidence,en,mod/uckkchallenge/lang/en/uckkchallenge.php,225
uckkchallenge,settings:requireevidence_desc,en,mod/uckkchallenge/lang/en/uckkchallenge.php,226
uckkchallenge,settings:requirehumanvalidation,en,mod/uckkchallenge/lang/en/uckkchallenge.php,229
uckkchallenge,settings:requirehumanvalidation_desc,en,mod/uckkchallenge/lang/en/uckkchallenge.php,230
uckkchallenge,settings:requireprovenance,en,mod/uckkchallenge/lang/en/uckkchallenge.php,227
uckkchallenge,settings:requireprovenance_desc,en,mod/uckkchallenge/lang/en/uckkchallenge.php,228
uckkchallenge,settings:workflow,en,mod/uckkchallenge/lang/en/uckkchallenge.php,223
uckkchallenge,settings:workflow_desc,en,mod/uckkchallenge/lang/en/uckkchallenge.php,224
uckkchallenge,statechangedbyform,fr,mod/uckkchallenge/lang/fr/uckkchallenge.php,221
uckkchallenge,statehistory,fr,mod/uckkchallenge/lang/fr/uckkchallenge.php,220
uckkchallenge,statement,en,mod/uckkchallenge/lang/en/uckkchallenge.php,57
uckkchallenge,statement,fr,mod/uckkchallenge/lang/fr/uckkchallenge.php,51
uckkchallenge,statement_help,en,mod/uckkchallenge/lang/en/uckkchallenge.php,58
uckkchallenge,statement_help,fr,mod/uckkchallenge/lang/fr/uckkchallenge.php,52
uckkchallenge,statenote,fr,mod/uckkchallenge/lang/fr/uckkchallenge.php,224
uckkchallenge,status,en,mod/uckkchallenge/lang/en/uckkchallenge.php,73
uckkchallenge,status,fr,mod/uckkchallenge/lang/fr/uckkchallenge.php,107
uckkchallenge,status:archived,en,mod/uckkchallenge/lang/en/uckkchallenge.php,110
uckkchallenge,status:archived,fr,mod/uckkchallenge/lang/fr/uckkchallenge.php,117
uckkchallenge,status:cancelled,fr,mod/uckkchallenge/lang/fr/uckkchallenge.php,124
uckkchallenge,status:closed,en,mod/uckkchallenge/lang/en/uckkchallenge.php,111
uckkchallenge,status:closed,fr,mod/uckkchallenge/lang/fr/uckkchallenge.php,118
uckkchallenge,status:contested,en,mod/uckkchallenge/lang/en/uckkchallenge.php,112
uckkchallenge,status:contested,fr,mod/uckkchallenge/lang/fr/uckkchallenge.php,119
uckkchallenge,status:draft,en,mod/uckkchallenge/lang/en/uckkchallenge.php,101
uckkchallenge,status:draft,fr,mod/uckkchallenge/lang/fr/uckkchallenge.php,108
uckkchallenge,status:expired,en,mod/uckkchallenge/lang/en/uckkchallenge.php,115
uckkchallenge,status:expired,fr,mod/uckkchallenge/lang/fr/uckkchallenge.php,122
uckkchallenge,status:hidden,fr,mod/uckkchallenge/lang/fr/uckkchallenge.php,123
uckkchallenge,status:integrity_review,en,mod/uckkchallenge/lang/en/uckkchallenge.php,106
uckkchallenge,status:integrity_review,fr,mod/uckkchallenge/lang/fr/uckkchallenge.php,113
uckkchallenge,status:invalidated,en,mod/uckkchallenge/lang/en/uckkchallenge.php,113
uckkchallenge,status:invalidated,fr,mod/uckkchallenge/lang/fr/uckkchallenge.php,120
uckkchallenge,status:open,en,mod/uckkchallenge/lang/en/uckkchallenge.php,103
uckkchallenge,status:open,fr,mod/uckkchallenge/lang/fr/uckkchallenge.php,110
uckkchallenge,status:published,en,mod/uckkchallenge/lang/en/uckkchallenge.php,102
uckkchallenge,status:published,fr,mod/uckkchallenge/lang/fr/uckkchallenge.php,109
uckkchallenge,status:resubmitted,en,mod/uckkchallenge/lang/en/uckkchallenge.php,108
uckkchallenge,status:resubmitted,fr,mod/uckkchallenge/lang/fr/uckkchallenge.php,115
uckkchallenge,status:revision_required,en,mod/uckkchallenge/lang/en/uckkchallenge.php,107
uckkchallenge,status:revision_required,fr,mod/uckkchallenge/lang/fr/uckkchallenge.php,114
uckkchallenge,status:submitted,en,mod/uckkchallenge/lang/en/uckkchallenge.php,104
uckkchallenge,status:submitted,fr,mod/uckkchallenge/lang/fr/uckkchallenge.php,111
uckkchallenge,status:under_review,en,mod/uckkchallenge/lang/en/uckkchallenge.php,105
uckkchallenge,status:under_review,fr,mod/uckkchallenge/lang/fr/uckkchallenge.php,112
uckkchallenge,status:validated,en,mod/uckkchallenge/lang/en/uckkchallenge.php,109
uckkchallenge,status:validated,fr,mod/uckkchallenge/lang/fr/uckkchallenge.php,116
uckkchallenge,status:withdrawn,en,mod/uckkchallenge/lang/en/uckkchallenge.php,114
uckkchallenge,status:withdrawn,fr,mod/uckkchallenge/lang/fr/uckkchallenge.php,121
uckkchallenge,submission,fr,mod/uckkchallenge/lang/fr/uckkchallenge.php,156
uckkchallenge,submissionmode,fr,mod/uckkchallenge/lang/fr/uckkchallenge.php,66
uckkchallenge,submissionmode:assembly,fr,mod/uckkchallenge/lang/fr/uckkchallenge.php,91
uckkchallenge,submissionmode:group,fr,mod/uckkchallenge/lang/fr/uckkchallenge.php,90
uckkchallenge,submissionmode:individual,fr,mod/uckkchallenge/lang/fr/uckkchallenge.php,89
uckkchallenge,submissionmode:portfolio,fr,mod/uckkchallenge/lang/fr/uckkchallenge.php,92
uckkchallenge,submissions,en,mod/uckkchallenge/lang/en/uckkchallenge.php,47
uckkchallenge,submissions,fr,mod/uckkchallenge/lang/fr/uckkchallenge.php,157
uckkchallenge,submissionstatusx,fr,mod/uckkchallenge/lang/fr/uckkchallenge.php,159
uckkchallenge,submitproof,en,mod/uckkchallenge/lang/en/uckkchallenge.php,80
uckkchallenge,submitproof,fr,mod/uckkchallenge/lang/fr/uckkchallenge.php,155
uckkchallenge,timeline,en,mod/uckkchallenge/lang/en/uckkchallenge.php,45
uckkchallenge,tostatus,fr,mod/uckkchallenge/lang/fr/uckkchallenge.php,223
uckkchallenge,type,en,mod/uckkchallenge/lang/en/uckkchallenge.php,90
uckkchallenge,type:capstone,en,mod/uckkchallenge/lang/en/uckkchallenge.php,97
uckkchallenge,type:capstone,fr,mod/uckkchallenge/lang/fr/uckkchallenge.php,85
uckkchallenge,type:institutional_audit,en,mod/uckkchallenge/lang/en/uckkchallenge.php,93
uckkchallenge,type:institutional_audit,fr,mod/uckkchallenge/lang/fr/uckkchallenge.php,81
uckkchallenge,type:internal_learning,en,mod/uckkchallenge/lang/en/uckkchallenge.php,91
uckkchallenge,type:internal_learning,fr,mod/uckkchallenge/lang/fr/uckkchallenge.php,79
uckkchallenge,type:king_klown_public,en,mod/uckkchallenge/lang/en/uckkchallenge.php,98
uckkchallenge,type:king_klown_public,fr,mod/uckkchallenge/lang/fr/uckkchallenge.php,86
uckkchallenge,type:mobilisation,en,mod/uckkchallenge/lang/en/uckkchallenge.php,96
uckkchallenge,type:mobilisation,fr,mod/uckkchallenge/lang/fr/uckkchallenge.php,84
uckkchallenge,type:prototype,en,mod/uckkchallenge/lang/en/uckkchallenge.php,95
uckkchallenge,type:prototype,fr,mod/uckkchallenge/lang/fr/uckkchallenge.php,83
uckkchallenge,type:public_pedagogical,en,mod/uckkchallenge/lang/en/uckkchallenge.php,92
uckkchallenge,type:public_pedagogical,fr,mod/uckkchallenge/lang/fr/uckkchallenge.php,80
uckkchallenge,type:system_mapping,en,mod/uckkchallenge/lang/en/uckkchallenge.php,94
uckkchallenge,type:system_mapping,fr,mod/uckkchallenge/lang/fr/uckkchallenge.php,82
uckkchallenge,uckkchallenge,fr,mod/uckkchallenge/lang/fr/uckkchallenge.php,15
uckkchallenge,uckkchallenge:addinstance,en,mod/uckkchallenge/lang/en/uckkchallenge.php,26
uckkchallenge,uckkchallenge:addinstance,fr,mod/uckkchallenge/lang/fr/uckkchallenge.php,16
uckkchallenge,uckkchallenge:archive,en,mod/uckkchallenge/lang/en/uckkchallenge.php,32
uckkchallenge,uckkchallenge:archive,fr,mod/uckkchallenge/lang/fr/uckkchallenge.php,22
uckkchallenge,uckkchallenge:createchallenge,en,mod/uckkchallenge/lang/en/uckkchallenge.php,28
uckkchallenge,uckkchallenge:createchallenge,fr,mod/uckkchallenge/lang/fr/uckkchallenge.php,18
uckkchallenge,uckkchallenge:evaluate,en,mod/uckkchallenge/lang/en/uckkchallenge.php,30
uckkchallenge,uckkchallenge:evaluate,fr,mod/uckkchallenge/lang/fr/uckkchallenge.php,20
uckkchallenge,uckkchallenge:submitproof,en,mod/uckkchallenge/lang/en/uckkchallenge.php,29
uckkchallenge,uckkchallenge:submitproof,fr,mod/uckkchallenge/lang/fr/uckkchallenge.php,19
uckkchallenge,uckkchallenge:validateintegrity,en,mod/uckkchallenge/lang/en/uckkchallenge.php,31
uckkchallenge,uckkchallenge:validateintegrity,fr,mod/uckkchallenge/lang/fr/uckkchallenge.php,21
uckkchallenge,uckkchallenge:view,en,mod/uckkchallenge/lang/en/uckkchallenge.php,27
uckkchallenge,uckkchallenge:view,fr,mod/uckkchallenge/lang/fr/uckkchallenge.php,17
uckkchallenge,validatedbyhuman,fr,mod/uckkchallenge/lang/fr/uckkchallenge.php,189
uckkchallenge,viewarchive,en,mod/uckkchallenge/lang/en/uckkchallenge.php,83
uckkchallenge,viewdetails,en,mod/uckkchallenge/lang/en/uckkchallenge.php,87
uckkchallenge,visibility,en,mod/uckkchallenge/lang/en/uckkchallenge.php,71
uckkchallenge,visibility,fr,mod/uckkchallenge/lang/fr/uckkchallenge.php,127
uckkchallenge,visibility:archived,en,mod/uckkchallenge/lang/en/uckkchallenge.php,144
uckkchallenge,visibility:archived,fr,mod/uckkchallenge/lang/fr/uckkchallenge.php,139
uckkchallenge,visibility:cohort,en,mod/uckkchallenge/lang/en/uckkchallenge.php,137
uckkchallenge,visibility:cohort,fr,mod/uckkchallenge/lang/fr/uckkchallenge.php,132
uckkchallenge,visibility:course,en,mod/uckkchallenge/lang/en/uckkchallenge.php,136
uckkchallenge,visibility:course,fr,mod/uckkchallenge/lang/fr/uckkchallenge.php,131
uckkchallenge,visibility:group,en,mod/uckkchallenge/lang/en/uckkchallenge.php,135
uckkchallenge,visibility:group,fr,mod/uckkchallenge/lang/fr/uckkchallenge.php,130
uckkchallenge,visibility:hidden,en,mod/uckkchallenge/lang/en/uckkchallenge.php,143
uckkchallenge,visibility:hidden,fr,mod/uckkchallenge/lang/fr/uckkchallenge.php,138
uckkchallenge,visibility:institution,en,mod/uckkchallenge/lang/en/uckkchallenge.php,139
uckkchallenge,visibility:institution,fr,mod/uckkchallenge/lang/fr/uckkchallenge.php,134
uckkchallenge,visibility:private,en,mod/uckkchallenge/lang/en/uckkchallenge.php,133
uckkchallenge,visibility:private,fr,mod/uckkchallenge/lang/fr/uckkchallenge.php,128
uckkchallenge,visibility:program,en,mod/uckkchallenge/lang/en/uckkchallenge.php,138
uckkchallenge,visibility:program,fr,mod/uckkchallenge/lang/fr/uckkchallenge.php,133
uckkchallenge,visibility:public,en,mod/uckkchallenge/lang/en/uckkchallenge.php,140
uckkchallenge,visibility:public,fr,mod/uckkchallenge/lang/fr/uckkchallenge.php,135
uckkchallenge,visibility:restricted,en,mod/uckkchallenge/lang/en/uckkchallenge.php,141
uckkchallenge,visibility:restricted,fr,mod/uckkchallenge/lang/fr/uckkchallenge.php,136
uckkchallenge,visibility:restricted_integrity,en,mod/uckkchallenge/lang/en/uckkchallenge.php,142
uckkchallenge,visibility:restricted_integrity,fr,mod/uckkchallenge/lang/fr/uckkchallenge.php,137
uckkchallenge,visibility:user,en,mod/uckkchallenge/lang/en/uckkchallenge.php,134
uckkchallenge,visibility:user,fr,mod/uckkchallenge/lang/fr/uckkchallenge.php,129
